sample_id,label,folder_rel,group_key,sample_kind,frame_count,frame_paths,frame_indices,source_track_id,source_frame_count,start_index,stride,dilation,temporal_order,generation_seed
explicit::inaction/(10)::0,inaction,inaction/(10),0,explicit_prefixed_8,8,"[""inaction/(10)/0_im1.jpg"", ""inaction/(10)/0_im2.jpg"", ""inaction/(10)/0_im3.jpg"", ""inaction/(10)/0_im4.jpg"", ""inaction/(10)/0_im5.jpg"", ""inaction/(10)/0_im6.jpg"", ""inaction/(10)/0_im7.jpg"", ""inaction/(10)/0_im8.jpg""]","[0, 1, 2, 3, 4, 5, 6, 7]",inaction/(10),8,0.0,0.0,1.0,as_manifest,
explicit::inaction/(10)::1,inaction,inaction/(10),1,explicit_prefixed_8,8,"[""inaction/(10)/1_im1.jpg"", ""inaction/(10)/1_im2.jpg"", ""inaction/(10)/1_im3.jpg"", ""inaction/(10)/1_im4.jpg"", ""inaction/(10)/1_im5.jpg"", ""inaction/(10)/1_im6.jpg"", ""inaction/(10)/1_im7.jpg"", ""inaction/(10)/1_im8.jpg""]","[0, 1, 2, 3, 4, 5, 6, 7]",inaction/(10),8,0.0,0.0,1.0,as_manifest,
explicit::inaction/(10)::2,inaction,inaction/(10),2,explicit_prefixed_8,8,"[""inaction/(10)/2_im1.jpg"", ""inaction/(10)/2_im2.jpg"", ""inaction/(10)/2_im3.jpg"", ""inaction/(10)/2_im4.jpg"", ""inaction/(10)/2_im5.jpg"", ""inaction/(10)/2_im6.jpg"", ""inaction/(10)/2_im7.jpg"", ""inaction/(10)/2_im8.jpg""]","[0, 1, 2, 3, 4, 5, 6, 7]",inaction/(10),8,0.0,0.0,1.0,as_manifest,
explicit::inaction/(10)::3,inaction,inaction/(10),3,explicit_prefixed_8,8,"[""inaction/(10)/3_im1.jpg"", ""inaction/(10)/3_im2.jpg"", ""inaction/(10)/3_im3.jpg"", ""inaction/(10)/3_im4.jpg"", ""inaction/(10)/3_im5.jpg"", ""inaction/(10)/3_im6.jpg"", ""inaction/(10)/3_im7.jpg"", ""inaction/(10)/3_im8.jpg""]","[0, 1, 2, 3, 4, 5, 6, 7]",inaction/(10),8,0.0,0.0,1.0,as_manifest,
explicit::inaction/(11)::0,inaction,inaction/(11),0,explicit_prefixed_8,8,"[""inaction/(11)/0_im1.jpg"", ""inaction/(11)/0_im2.jpg"", ""inaction/(11)/0_im3.jpg"", ""inaction/(11)/0_im4.jpg"", ""inaction/(11)/0_im5.jpg"", ""inaction/(11)/0_im6.jpg"", ""inaction/(11)/0_im7.jpg"", ""inaction/(11)/0_im8.jpg""]","[0, 1, 2, 3, 4, 5, 6, 7]",inaction/(11),8,0.0,0.0,1.0,as_manifest,
explicit::inaction/(11)::1,inaction,inaction/(11),1,explicit_prefixed_8,8,"[""inaction/(11)/1_im1.jpg"", ""inaction/(11)/1_im2.jpg"", ""inaction/(11)/1_im3.jpg"", ""inaction/(11)/1_im4.jpg"", ""inaction/(11)/1_im5.jpg"", ""inaction/(11)/1_im6.jpg"", ""inaction/(11)/1_im7.jpg"", ""inaction/(11)/1_im8.jpg""]","[0, 1, 2, 3, 4, 5, 6, 7]",inaction/(11),8,0.0,0.0,1.0,as_manifest,
explicit::inaction/(12)::0,inaction,inaction/(12),0,explicit_prefixed_8,8,"[""inaction/(12)/0_im1.jpg"", ""inaction/(12)/0_im2.jpg"", ""inaction/(12)/0_im3.jpg"", ""inaction/(12)/0_im4.jpg"", ""inaction/(12)/0_im5.jpg"", ""inaction/(12)/0_im6.jpg"", ""inaction/(12)/0_im7.jpg"", ""inaction/(12)/0_im8.jpg""]","[0, 1, 2, 3, 4, 5, 6, 7]",inaction/(12),8,0.0,0.0,1.0,as_manifest,
explicit::inaction/(12)::1,inaction,inaction/(12),1,explicit_prefixed_8,8,"[""inaction/(12)/1_im1.jpg"", ""inaction/(12)/1_im2.jpg"", ""inaction/(12)/1_im3.jpg"", ""inaction/(12)/1_im4.jpg"", ""inaction/(12)/1_im5.jpg"", ""inaction/(12)/1_im6.jpg"", ""inaction/(12)/1_im7.jpg"", ""inaction/(12)/1_im8.jpg""]","[0, 1, 2, 3, 4, 5, 6, 7]",inaction/(12),8,0.0,0.0,1.0,as_manifest,
explicit::inaction/(13)::0,inaction,inaction/(13),0,explicit_prefixed_8,8,"[""inaction/(13)/0_im1.jpg"", ""inaction/(13)/0_im2.jpg"", ""inaction/(13)/0_im3.jpg"", ""inaction/(13)/0_im4.jpg"", ""inaction/(13)/0_im5.jpg"", ""inaction/(13)/0_im6.jpg"", ""inaction/(13)/0_im7.jpg"", ""inaction/(13)/0_im8.jpg""]","[0, 1, 2, 3, 4, 5, 6, 7]",inaction/(13),8,0.0,0.0,1.0,as_manifest,
explicit::inaction/(13)::1,inaction,inaction/(13),1,explicit_prefixed_8,8,"[""inaction/(13)/1_im1.jpg"", ""inaction/(13)/1_im2.jpg"", ""inaction/(13)/1_im3.jpg"", ""inaction/(13)/1_im4.jpg"", ""inaction/(13)/1_im5.jpg"", ""inaction/(13)/1_im6.jpg"", ""inaction/(13)/1_im7.jpg"", ""inaction/(13)/1_im8.jpg""]","[0, 1, 2, 3, 4, 5, 6, 7]",inaction/(13),8,0.0,0.0,1.0,as_manifest,
explicit::inaction/(3)::0,inaction,inaction/(3),0,explicit_prefixed_8,8,"[""inaction/(3)/0_im1.jpg"", ""inaction/(3)/0_im2.jpg"", ""inaction/(3)/0_im3.jpg"", ""inaction/(3)/0_im4.jpg"", ""inaction/(3)/0_im5.jpg"", ""inaction/(3)/0_im6.jpg"", ""inaction/(3)/0_im7.jpg"", ""inaction/(3)/0_im8.jpg""]","[0, 1, 2, 3, 4, 5, 6, 7]",inaction/(3),8,0.0,0.0,1.0,as_manifest,
explicit::inaction/(3)::1,inaction,inaction/(3),1,explicit_prefixed_8,8,"[""inaction/(3)/1_im1.jpg"", ""inaction/(3)/1_im2.jpg"", ""inaction/(3)/1_im3.jpg"", ""inaction/(3)/1_im4.jpg"", ""inaction/(3)/1_im5.jpg"", ""inaction/(3)/1_im6.jpg"", ""inaction/(3)/1_im7.jpg"", ""inaction/(3)/1_im8.jpg""]","[0, 1, 2, 3, 4, 5, 6, 7]",inaction/(3),8,0.0,0.0,1.0,as_manifest,
explicit::inaction/(3)::10,inaction,inaction/(3),10,explicit_prefixed_8,8,"[""inaction/(3)/10_im1.jpg"", ""inaction/(3)/10_im2.jpg"", ""inaction/(3)/10_im3.jpg"", ""inaction/(3)/10_im4.jpg"", ""inaction/(3)/10_im5.jpg"", ""inaction/(3)/10_im6.jpg"", ""inaction/(3)/10_im7.jpg"", ""inaction/(3)/10_im8.jpg""]","[0, 1, 2, 3, 4, 5, 6, 7]",inaction/(3),8,0.0,0.0,1.0,as_manifest,
explicit::inaction/(3)::11,inaction,inaction/(3),11,explicit_prefixed_8,8,"[""inaction/(3)/11_im1.jpg"", ""inaction/(3)/11_im2.jpg"", ""inaction/(3)/11_im3.jpg"", ""inaction/(3)/11_im4.jpg"", ""inaction/(3)/11_im5.jpg"", ""inaction/(3)/11_im6.jpg"", ""inaction/(3)/11_im7.jpg"", ""inaction/(3)/11_im8.jpg""]","[0, 1, 2, 3, 4, 5, 6, 7]",inaction/(3),8,0.0,0.0,1.0,as_manifest,
explicit::inaction/(3)::12,inaction,inaction/(3),12,explicit_prefixed_8,8,"[""inaction/(3)/12_im1.jpg"", ""inaction/(3)/12_im2.jpg"", ""inaction/(3)/12_im3.jpg"", ""inaction/(3)/12_im4.jpg"", ""inaction/(3)/12_im5.jpg"", ""inaction/(3)/12_im6.jpg"", ""inaction/(3)/12_im7.jpg"", ""inaction/(3)/12_im8.jpg""]","[0, 1, 2, 3, 4, 5, 6, 7]",inaction/(3),8,0.0,0.0,1.0,as_manifest,
explicit::inaction/(3)::13,inaction,inaction/(3),13,explicit_prefixed_8,8,"[""inaction/(3)/13_im1.jpg"", ""inaction/(3)/13_im2.jpg"", ""inaction/(3)/13_im3.jpg"", ""inaction/(3)/13_im4.jpg"", ""inaction/(3)/13_im5.jpg"", ""inaction/(3)/13_im6.jpg"", ""inaction/(3)/13_im7.jpg"", ""inaction/(3)/13_im8.jpg""]","[0, 1, 2, 3, 4, 5, 6, 7]",inaction/(3),8,0.0,0.0,1.0,as_manifest,
explicit::inaction/(3)::14,inaction,inaction/(3),14,explicit_prefixed_8,8,"[""inaction/(3)/14_im1.jpg"", ""inaction/(3)/14_im2.jpg"", ""inaction/(3)/14_im3.jpg"", ""inaction/(3)/14_im4.jpg"", ""inaction/(3)/14_im5.jpg"", ""inaction/(3)/14_im6.jpg"", ""inaction/(3)/14_im7.jpg"", ""inaction/(3)/14_im8.jpg""]","[0, 1, 2, 3, 4, 5, 6, 7]",inaction/(3),8,0.0,0.0,1.0,as_manifest,
explicit::inaction/(3)::15,inaction,inaction/(3),15,explicit_prefixed_8,8,"[""inaction/(3)/15_im1.jpg"", ""inaction/(3)/15_im2.jpg"", ""inaction/(3)/15_im3.jpg"", ""inaction/(3)/15_im4.jpg"", ""inaction/(3)/15_im5.jpg"", ""inaction/(3)/15_im6.jpg"", ""inaction/(3)/15_im7.jpg"", ""inaction/(3)/15_im8.jpg""]","[0, 1, 2, 3, 4, 5, 6, 7]",inaction/(3),8,0.0,0.0,1.0,as_manifest,
explicit::inaction/(3)::2,inaction,inaction/(3),2,explicit_prefixed_8,8,"[""inaction/(3)/2_im1.jpg"", ""inaction/(3)/2_im2.jpg"", ""inaction/(3)/2_im3.jpg"", ""inaction/(3)/2_im4.jpg"", ""inaction/(3)/2_im5.jpg"", ""inaction/(3)/2_im6.jpg"", ""inaction/(3)/2_im7.jpg"", ""inaction/(3)/2_im8.jpg""]","[0, 1, 2, 3, 4, 5, 6, 7]",inaction/(3),8,0.0,0.0,1.0,as_manifest,
explicit::inaction/(3)::3,inaction,inaction/(3),3,explicit_prefixed_8,8,"[""inaction/(3)/3_im1.jpg"", ""inaction/(3)/3_im2.jpg"", ""inaction/(3)/3_im3.jpg"", ""inaction/(3)/3_im4.jpg"", ""inaction/(3)/3_im5.jpg"", ""inaction/(3)/3_im6.jpg"", ""inaction/(3)/3_im7.jpg"", ""inaction/(3)/3_im8.jpg""]","[0, 1, 2, 3, 4, 5, 6, 7]",inaction/(3),8,0.0,0.0,1.0,as_manifest,
explicit::inaction/(3)::4,inaction,inaction/(3),4,explicit_prefixed_8,8,"[""inaction/(3)/4_im1.jpg"", ""inaction/(3)/4_im2.jpg"", ""inaction/(3)/4_im3.jpg"", ""inaction/(3)/4_im4.jpg"", ""inaction/(3)/4_im5.jpg"", ""inaction/(3)/4_im6.jpg"", ""inaction/(3)/4_im7.jpg"", ""inaction/(3)/4_im8.jpg""]","[0, 1, 2, 3, 4, 5, 6, 7]",inaction/(3),8,0.0,0.0,1.0,as_manifest,
explicit::inaction/(3)::5,inaction,inaction/(3),5,explicit_prefixed_8,8,"[""inaction/(3)/5_im1.jpg"", ""inaction/(3)/5_im2.jpg"", ""inaction/(3)/5_im3.jpg"", ""inaction/(3)/5_im4.jpg"", ""inaction/(3)/5_im5.jpg"", ""inaction/(3)/5_im6.jpg"", ""inaction/(3)/5_im7.jpg"", ""inaction/(3)/5_im8.jpg""]","[0, 1, 2, 3, 4, 5, 6, 7]",inaction/(3),8,0.0,0.0,1.0,as_manifest,
explicit::inaction/(3)::6,inaction,inaction/(3),6,explicit_prefixed_8,8,"[""inaction/(3)/6_im1.jpg"", ""inaction/(3)/6_im2.jpg"", ""inaction/(3)/6_im3.jpg"", ""inaction/(3)/6_im4.jpg"", ""inaction/(3)/6_im5.jpg"", ""inaction/(3)/6_im6.jpg"", ""inaction/(3)/6_im7.jpg"", ""inaction/(3)/6_im8.jpg""]","[0, 1, 2, 3, 4, 5, 6, 7]",inaction/(3),8,0.0,0.0,1.0,as_manifest,
explicit::inaction/(3)::7,inaction,inaction/(3),7,explicit_prefixed_8,8,"[""inaction/(3)/7_im1.jpg"", ""inaction/(3)/7_im2.jpg"", ""inaction/(3)/7_im3.jpg"", ""inaction/(3)/7_im4.jpg"", ""inaction/(3)/7_im5.jpg"", ""inaction/(3)/7_im6.jpg"", ""inaction/(3)/7_im7.jpg"", ""inaction/(3)/7_im8.jpg""]","[0, 1, 2, 3, 4, 5, 6, 7]",inaction/(3),8,0.0,0.0,1.0,as_manifest,
explicit::inaction/(3)::8,inaction,inaction/(3),8,explicit_prefixed_8,8,"[""inaction/(3)/8_im1.jpg"", ""inaction/(3)/8_im2.jpg"", ""inaction/(3)/8_im3.jpg"", ""inaction/(3)/8_im4.jpg"", ""inaction/(3)/8_im5.jpg"", ""inaction/(3)/8_im6.jpg"", ""inaction/(3)/8_im7.jpg"", ""inaction/(3)/8_im8.jpg""]","[0, 1, 2, 3, 4, 5, 6, 7]",inaction/(3),8,0.0,0.0,1.0,as_manifest,
explicit::inaction/(3)::9,inaction,inaction/(3),9,explicit_prefixed_8,8,"[""inaction/(3)/9_im1.jpg"", ""inaction/(3)/9_im2.jpg"", ""inaction/(3)/9_im3.jpg"", ""inaction/(3)/9_im4.jpg"", ""inaction/(3)/9_im5.jpg"", ""inaction/(3)/9_im6.jpg"", ""inaction/(3)/9_im7.jpg"", ""inaction/(3)/9_im8.jpg""]","[0, 1, 2, 3, 4, 5, 6, 7]",inaction/(3),8,0.0,0.0,1.0,as_manifest,
explicit::inaction/(4)::0,inaction,inaction/(4),0,explicit_prefixed_8,8,"[""inaction/(4)/0_im1.jpg"", ""inaction/(4)/0_im2.jpg"", ""inaction/(4)/0_im3.jpg"", ""inaction/(4)/0_im4.jpg"", ""inaction/(4)/0_im5.jpg"", ""inaction/(4)/0_im6.jpg"", ""inaction/(4)/0_im7.jpg"", ""inaction/(4)/0_im8.jpg""]","[0, 1, 2, 3, 4, 5, 6, 7]",inaction/(4),8,0.0,0.0,1.0,as_manifest,
explicit::inaction/(4)::1,inaction,inaction/(4),1,explicit_prefixed_8,8,"[""inaction/(4)/1_im1.jpg"", ""inaction/(4)/1_im2.jpg"", ""inaction/(4)/1_im3.jpg"", ""inaction/(4)/1_im4.jpg"", ""inaction/(4)/1_im5.jpg"", ""inaction/(4)/1_im6.jpg"", ""inaction/(4)/1_im7.jpg"", ""inaction/(4)/1_im8.jpg""]","[0, 1, 2, 3, 4, 5, 6, 7]",inaction/(4),8,0.0,0.0,1.0,as_manifest,
explicit::inaction/(4)::2,inaction,inaction/(4),2,explicit_prefixed_8,8,"[""inaction/(4)/2_im1.jpg"", ""inaction/(4)/2_im2.jpg"", ""inaction/(4)/2_im3.jpg"", ""inaction/(4)/2_im4.jpg"", ""inaction/(4)/2_im5.jpg"", ""inaction/(4)/2_im6.jpg"", ""inaction/(4)/2_im7.jpg"", ""inaction/(4)/2_im8.jpg""]","[0, 1, 2, 3, 4, 5, 6, 7]",inaction/(4),8,0.0,0.0,1.0,as_manifest,
explicit::inaction/(5)::0,inaction,inaction/(5),0,explicit_prefixed_8,8,"[""inaction/(5)/0_im1.jpg"", ""inaction/(5)/0_im2.jpg"", ""inaction/(5)/0_im3.jpg"", ""inaction/(5)/0_im4.jpg"", ""inaction/(5)/0_im5.jpg"", ""inaction/(5)/0_im6.jpg"", ""inaction/(5)/0_im7.jpg"", ""inaction/(5)/0_im8.jpg""]","[0, 1, 2, 3, 4, 5, 6, 7]",inaction/(5),8,0.0,0.0,1.0,as_manifest,
explicit::inaction/(5)::1,inaction,inaction/(5),1,explicit_prefixed_8,8,"[""inaction/(5)/1_im1.jpg"", ""inaction/(5)/1_im2.jpg"", ""inaction/(5)/1_im3.jpg"", ""inaction/(5)/1_im4.jpg"", ""inaction/(5)/1_im5.jpg"", ""inaction/(5)/1_im6.jpg"", ""inaction/(5)/1_im7.jpg"", ""inaction/(5)/1_im8.jpg""]","[0, 1, 2, 3, 4, 5, 6, 7]",inaction/(5),8,0.0,0.0,1.0,as_manifest,
explicit::inaction/(6)::0,inaction,inaction/(6),0,explicit_prefixed_8,8,"[""inaction/(6)/0_im1.jpg"", ""inaction/(6)/0_im2.jpg"", ""inaction/(6)/0_im3.jpg"", ""inaction/(6)/0_im4.jpg"", ""inaction/(6)/0_im5.jpg"", ""inaction/(6)/0_im6.jpg"", ""inaction/(6)/0_im7.jpg"", ""inaction/(6)/0_im8.jpg""]","[0, 1, 2, 3, 4, 5, 6, 7]",inaction/(6),8,0.0,0.0,1.0,as_manifest,
explicit::inaction/(6)::1,inaction,inaction/(6),1,explicit_prefixed_8,8,"[""inaction/(6)/1_im1.jpg"", ""inaction/(6)/1_im2.jpg"", ""inaction/(6)/1_im3.jpg"", ""inaction/(6)/1_im4.jpg"", ""inaction/(6)/1_im5.jpg"", ""inaction/(6)/1_im6.jpg"", ""inaction/(6)/1_im7.jpg"", ""inaction/(6)/1_im8.jpg""]","[0, 1, 2, 3, 4, 5, 6, 7]",inaction/(6),8,0.0,0.0,1.0,as_manifest,
explicit::inaction/(6)::2,inaction,inaction/(6),2,explicit_prefixed_8,8,"[""inaction/(6)/2_im1.jpg"", ""inaction/(6)/2_im2.jpg"", ""inaction/(6)/2_im3.jpg"", ""inaction/(6)/2_im4.jpg"", ""inaction/(6)/2_im5.jpg"", ""inaction/(6)/2_im6.jpg"", ""inaction/(6)/2_im7.jpg"", ""inaction/(6)/2_im8.jpg""]","[0, 1, 2, 3, 4, 5, 6, 7]",inaction/(6),8,0.0,0.0,1.0,as_manifest,
explicit::inaction/(7)::0,inaction,inaction/(7),0,explicit_prefixed_8,8,"[""inaction/(7)/0_im1.jpg"", ""inaction/(7)/0_im2.jpg"", ""inaction/(7)/0_im3.jpg"", ""inaction/(7)/0_im4.jpg"", ""inaction/(7)/0_im5.jpg"", ""inaction/(7)/0_im6.jpg"", ""inaction/(7)/0_im7.jpg"", ""inaction/(7)/0_im8.jpg""]","[0, 1, 2, 3, 4, 5, 6, 7]",inaction/(7),8,0.0,0.0,1.0,as_manifest,
explicit::inaction/(7)::1,inaction,inaction/(7),1,explicit_prefixed_8,8,"[""inaction/(7)/1_im1.jpg"", ""inaction/(7)/1_im2.jpg"", ""inaction/(7)/1_im3.jpg"", ""inaction/(7)/1_im4.jpg"", ""inaction/(7)/1_im5.jpg"", ""inaction/(7)/1_im6.jpg"", ""inaction/(7)/1_im7.jpg"", ""inaction/(7)/1_im8.jpg""]","[0, 1, 2, 3, 4, 5, 6, 7]",inaction/(7),8,0.0,0.0,1.0,as_manifest,
explicit::inaction/(7)::10,inaction,inaction/(7),10,explicit_prefixed_8,8,"[""inaction/(7)/10_im1.jpg"", ""inaction/(7)/10_im2.jpg"", ""inaction/(7)/10_im3.jpg"", ""inaction/(7)/10_im4.jpg"", ""inaction/(7)/10_im5.jpg"", ""inaction/(7)/10_im6.jpg"", ""inaction/(7)/10_im7.jpg"", ""inaction/(7)/10_im8.jpg""]","[0, 1, 2, 3, 4, 5, 6, 7]",inaction/(7),8,0.0,0.0,1.0,as_manifest,
explicit::inaction/(7)::11,inaction,inaction/(7),11,explicit_prefixed_8,8,"[""inaction/(7)/11_im1.jpg"", ""inaction/(7)/11_im2.jpg"", ""inaction/(7)/11_im3.jpg"", ""inaction/(7)/11_im4.jpg"", ""inaction/(7)/11_im5.jpg"", ""inaction/(7)/11_im6.jpg"", ""inaction/(7)/11_im7.jpg"", ""inaction/(7)/11_im8.jpg""]","[0, 1, 2, 3, 4, 5, 6, 7]",inaction/(7),8,0.0,0.0,1.0,as_manifest,
explicit::inaction/(7)::12,inaction,inaction/(7),12,explicit_prefixed_8,8,"[""inaction/(7)/12_im1.jpg"", ""inaction/(7)/12_im2.jpg"", ""inaction/(7)/12_im3.jpg"", ""inaction/(7)/12_im4.jpg"", ""inaction/(7)/12_im5.jpg"", ""inaction/(7)/12_im6.jpg"", ""inaction/(7)/12_im7.jpg"", ""inaction/(7)/12_im8.jpg""]","[0, 1, 2, 3, 4, 5, 6, 7]",inaction/(7),8,0.0,0.0,1.0,as_manifest,
explicit::inaction/(7)::13,inaction,inaction/(7),13,explicit_prefixed_8,8,"[""inaction/(7)/13_im1.jpg"", ""inaction/(7)/13_im2.jpg"", ""inaction/(7)/13_im3.jpg"", ""inaction/(7)/13_im4.jpg"", ""inaction/(7)/13_im5.jpg"", ""inaction/(7)/13_im6.jpg"", ""inaction/(7)/13_im7.jpg"", ""inaction/(7)/13_im8.jpg""]","[0, 1, 2, 3, 4, 5, 6, 7]",inaction/(7),8,0.0,0.0,1.0,as_manifest,
explicit::inaction/(7)::14,inaction,inaction/(7),14,explicit_prefixed_8,8,"[""inaction/(7)/14_im1.jpg"", ""inaction/(7)/14_im2.jpg"", ""inaction/(7)/14_im3.jpg"", ""inaction/(7)/14_im4.jpg"", ""inaction/(7)/14_im5.jpg"", ""inaction/(7)/14_im6.jpg"", ""inaction/(7)/14_im7.jpg"", ""inaction/(7)/14_im8.jpg""]","[0, 1, 2, 3, 4, 5, 6, 7]",inaction/(7),8,0.0,0.0,1.0,as_manifest,
explicit::inaction/(7)::15,inaction,inaction/(7),15,explicit_prefixed_8,8,"[""inaction/(7)/15_im1.jpg"", ""inaction/(7)/15_im2.jpg"", ""inaction/(7)/15_im3.jpg"", ""inaction/(7)/15_im4.jpg"", ""inaction/(7)/15_im5.jpg"", ""inaction/(7)/15_im6.jpg"", ""inaction/(7)/15_im7.jpg"", ""inaction/(7)/15_im8.jpg""]","[0, 1, 2, 3, 4, 5, 6, 7]",inaction/(7),8,0.0,0.0,1.0,as_manifest,
explicit::inaction/(7)::16,inaction,inaction/(7),16,explicit_prefixed_8,8,"[""inaction/(7)/16_im1.jpg"", ""inaction/(7)/16_im2.jpg"", ""inaction/(7)/16_im3.jpg"", ""inaction/(7)/16_im4.jpg"", ""inaction/(7)/16_im5.jpg"", ""inaction/(7)/16_im6.jpg"", ""inaction/(7)/16_im7.jpg"", ""inaction/(7)/16_im8.jpg""]","[0, 1, 2, 3, 4, 5, 6, 7]",inaction/(7),8,0.0,0.0,1.0,as_manifest,
explicit::inaction/(7)::17,inaction,inaction/(7),17,explicit_prefixed_8,8,"[""inaction/(7)/17_im1.jpg"", ""inaction/(7)/17_im2.jpg"", ""inaction/(7)/17_im3.jpg"", ""inaction/(7)/17_im4.jpg"", ""inaction/(7)/17_im5.jpg"", ""inaction/(7)/17_im6.jpg"", ""inaction/(7)/17_im7.jpg"", ""inaction/(7)/17_im8.jpg""]","[0, 1, 2, 3, 4, 5, 6, 7]",inaction/(7),8,0.0,0.0,1.0,as_manifest,
explicit::inaction/(7)::2,inaction,inaction/(7),2,explicit_prefixed_8,8,"[""inaction/(7)/2_im1.jpg"", ""inaction/(7)/2_im2.jpg"", ""inaction/(7)/2_im3.jpg"", ""inaction/(7)/2_im4.jpg"", ""inaction/(7)/2_im5.jpg"", ""inaction/(7)/2_im6.jpg"", ""inaction/(7)/2_im7.jpg"", ""inaction/(7)/2_im8.jpg""]","[0, 1, 2, 3, 4, 5, 6, 7]",inaction/(7),8,0.0,0.0,1.0,as_manifest,
explicit::inaction/(7)::3,inaction,inaction/(7),3,explicit_prefixed_8,8,"[""inaction/(7)/3_im1.jpg"", ""inaction/(7)/3_im2.jpg"", ""inaction/(7)/3_im3.jpg"", ""inaction/(7)/3_im4.jpg"", ""inaction/(7)/3_im5.jpg"", ""inaction/(7)/3_im6.jpg"", ""inaction/(7)/3_im7.jpg"", ""inaction/(7)/3_im8.jpg""]","[0, 1, 2, 3, 4, 5, 6, 7]",inaction/(7),8,0.0,0.0,1.0,as_manifest,
explicit::inaction/(7)::4,inaction,inaction/(7),4,explicit_prefixed_8,8,"[""inaction/(7)/4_im1.jpg"", ""inaction/(7)/4_im2.jpg"", ""inaction/(7)/4_im3.jpg"", ""inaction/(7)/4_im4.jpg"", ""inaction/(7)/4_im5.jpg"", ""inaction/(7)/4_im6.jpg"", ""inaction/(7)/4_im7.jpg"", ""inaction/(7)/4_im8.jpg""]","[0, 1, 2, 3, 4, 5, 6, 7]",inaction/(7),8,0.0,0.0,1.0,as_manifest,
explicit::inaction/(7)::5,inaction,inaction/(7),5,explicit_prefixed_8,8,"[""inaction/(7)/5_im1.jpg"", ""inaction/(7)/5_im2.jpg"", ""inaction/(7)/5_im3.jpg"", ""inaction/(7)/5_im4.jpg"", ""inaction/(7)/5_im5.jpg"", ""inaction/(7)/5_im6.jpg"", ""inaction/(7)/5_im7.jpg"", ""inaction/(7)/5_im8.jpg""]","[0, 1, 2, 3, 4, 5, 6, 7]",inaction/(7),8,0.0,0.0,1.0,as_manifest,
explicit::inaction/(7)::6,inaction,inaction/(7),6,explicit_prefixed_8,8,"[""inaction/(7)/6_im1.jpg"", ""inaction/(7)/6_im2.jpg"", ""inaction/(7)/6_im3.jpg"", ""inaction/(7)/6_im4.jpg"", ""inaction/(7)/6_im5.jpg"", ""inaction/(7)/6_im6.jpg"", ""inaction/(7)/6_im7.jpg"", ""inaction/(7)/6_im8.jpg""]","[0, 1, 2, 3, 4, 5, 6, 7]",inaction/(7),8,0.0,0.0,1.0,as_manifest,
explicit::inaction/(7)::7,inaction,inaction/(7),7,explicit_prefixed_8,8,"[""inaction/(7)/7_im1.jpg"", ""inaction/(7)/7_im2.jpg"", ""inaction/(7)/7_im3.jpg"", ""inaction/(7)/7_im4.jpg"", ""inaction/(7)/7_im5.jpg"", ""inaction/(7)/7_im6.jpg"", ""inaction/(7)/7_im7.jpg"", ""inaction/(7)/7_im8.jpg""]","[0, 1, 2, 3, 4, 5, 6, 7]",inaction/(7),8,0.0,0.0,1.0,as_manifest,
explicit::inaction/(7)::8,inaction,inaction/(7),8,explicit_prefixed_8,8,"[""inaction/(7)/8_im1.jpg"", ""inaction/(7)/8_im2.jpg"", ""inaction/(7)/8_im3.jpg"", ""inaction/(7)/8_im4.jpg"", ""inaction/(7)/8_im5.jpg"", ""inaction/(7)/8_im6.jpg"", ""inaction/(7)/8_im7.jpg"", ""inaction/(7)/8_im8.jpg""]","[0, 1, 2, 3, 4, 5, 6, 7]",inaction/(7),8,0.0,0.0,1.0,as_manifest,
explicit::inaction/(7)::9,inaction,inaction/(7),9,explicit_prefixed_8,8,"[""inaction/(7)/9_im1.jpg"", ""inaction/(7)/9_im2.jpg"", ""inaction/(7)/9_im3.jpg"", ""inaction/(7)/9_im4.jpg"", ""inaction/(7)/9_im5.jpg"", ""inaction/(7)/9_im6.jpg"", ""inaction/(7)/9_im7.jpg"", ""inaction/(7)/9_im8.jpg""]","[0, 1, 2, 3, 4, 5, 6, 7]",inaction/(7),8,0.0,0.0,1.0,as_manifest,
explicit::inaction/(8)::0,inaction,inaction/(8),0,explicit_prefixed_8,8,"[""inaction/(8)/0_im1.jpg"", ""inaction/(8)/0_im2.jpg"", ""inaction/(8)/0_im3.jpg"", ""inaction/(8)/0_im4.jpg"", ""inaction/(8)/0_im5.jpg"", ""inaction/(8)/0_im6.jpg"", ""inaction/(8)/0_im7.jpg"", ""inaction/(8)/0_im8.jpg""]","[0, 1, 2, 3, 4, 5, 6, 7]",inaction/(8),8,0.0,0.0,1.0,as_manifest,
explicit::inaction/(8)::1,inaction,inaction/(8),1,explicit_prefixed_8,8,"[""inaction/(8)/1_im1.jpg"", ""inaction/(8)/1_im2.jpg"", ""inaction/(8)/1_im3.jpg"", ""inaction/(8)/1_im4.jpg"", ""inaction/(8)/1_im5.jpg"", ""inaction/(8)/1_im6.jpg"", ""inaction/(8)/1_im7.jpg"", ""inaction/(8)/1_im8.jpg""]","[0, 1, 2, 3, 4, 5, 6, 7]",inaction/(8),8,0.0,0.0,1.0,as_manifest,
explicit::inaction/(8)::2,inaction,inaction/(8),2,explicit_prefixed_8,8,"[""inaction/(8)/2_im1.jpg"", ""inaction/(8)/2_im2.jpg"", ""inaction/(8)/2_im3.jpg"", ""inaction/(8)/2_im4.jpg"", ""inaction/(8)/2_im5.jpg"", ""inaction/(8)/2_im6.jpg"", ""inaction/(8)/2_im7.jpg"", ""inaction/(8)/2_im8.jpg""]","[0, 1, 2, 3, 4, 5, 6, 7]",inaction/(8),8,0.0,0.0,1.0,as_manifest,
explicit::inaction/(8)::3,inaction,inaction/(8),3,explicit_prefixed_8,8,"[""inaction/(8)/3_im1.jpg"", ""inaction/(8)/3_im2.jpg"", ""inaction/(8)/3_im3.jpg"", ""inaction/(8)/3_im4.jpg"", ""inaction/(8)/3_im5.jpg"", ""inaction/(8)/3_im6.jpg"", ""inaction/(8)/3_im7.jpg"", ""inaction/(8)/3_im8.jpg""]","[0, 1, 2, 3, 4, 5, 6, 7]",inaction/(8),8,0.0,0.0,1.0,as_manifest,
explicit::inaction/(9)::0,inaction,inaction/(9),0,explicit_prefixed_8,8,"[""inaction/(9)/0_im1.jpg"", ""inaction/(9)/0_im2.jpg"", ""inaction/(9)/0_im3.jpg"", ""inaction/(9)/0_im4.jpg"", ""inaction/(9)/0_im5.jpg"", ""inaction/(9)/0_im6.jpg"", ""inaction/(9)/0_im7.jpg"", ""inaction/(9)/0_im8.jpg""]","[0, 1, 2, 3, 4, 5, 6, 7]",inaction/(9),8,0.0,0.0,1.0,as_manifest,
explicit::inaction/(9)::1,inaction,inaction/(9),1,explicit_prefixed_8,8,"[""inaction/(9)/1_im1.jpg"", ""inaction/(9)/1_im2.jpg"", ""inaction/(9)/1_im3.jpg"", ""inaction/(9)/1_im4.jpg"", ""inaction/(9)/1_im5.jpg"", ""inaction/(9)/1_im6.jpg"", ""inaction/(9)/1_im7.jpg"", ""inaction/(9)/1_im8.jpg""]","[0, 1, 2, 3, 4, 5, 6, 7]",inaction/(9),8,0.0,0.0,1.0,as_manifest,
explicit::inaction/(9)::2,inaction,inaction/(9),2,explicit_prefixed_8,8,"[""inaction/(9)/2_im1.jpg"", ""inaction/(9)/2_im2.jpg"", ""inaction/(9)/2_im3.jpg"", ""inaction/(9)/2_im4.jpg"", ""inaction/(9)/2_im5.jpg"", ""inaction/(9)/2_im6.jpg"", ""inaction/(9)/2_im7.jpg"", ""inaction/(9)/2_im8.jpg""]","[0, 1, 2, 3, 4, 5, 6, 7]",inaction/(9),8,0.0,0.0,1.0,as_manifest,
explicit::inaction/(9)::3,inaction,inaction/(9),3,explicit_prefixed_8,8,"[""inaction/(9)/3_im1.jpg"", ""inaction/(9)/3_im2.jpg"", ""inaction/(9)/3_im3.jpg"", ""inaction/(9)/3_im4.jpg"", ""inaction/(9)/3_im5.jpg"", ""inaction/(9)/3_im6.jpg"", ""inaction/(9)/3_im7.jpg"", ""inaction/(9)/3_im8.jpg""]","[0, 1, 2, 3, 4, 5, 6, 7]",inaction/(9),8,0.0,0.0,1.0,as_manifest,
explicit::inaction/(9)::4,inaction,inaction/(9),4,explicit_prefixed_8,8,"[""inaction/(9)/4_im1.jpg"", ""inaction/(9)/4_im2.jpg"", ""inaction/(9)/4_im3.jpg"", ""inaction/(9)/4_im4.jpg"", ""inaction/(9)/4_im5.jpg"", ""inaction/(9)/4_im6.jpg"", ""inaction/(9)/4_im7.jpg"", ""inaction/(9)/4_im8.jpg""]","[0, 1, 2, 3, 4, 5, 6, 7]",inaction/(9),8,0.0,0.0,1.0,as_manifest,
explicit::inaction/(9)::5,inaction,inaction/(9),5,explicit_prefixed_8,8,"[""inaction/(9)/5_im1.jpg"", ""inaction/(9)/5_im2.jpg"", ""inaction/(9)/5_im3.jpg"", ""inaction/(9)/5_im4.jpg"", ""inaction/(9)/5_im5.jpg"", ""inaction/(9)/5_im6.jpg"", ""inaction/(9)/5_im7.jpg"", ""inaction/(9)/5_im8.jpg""]","[0, 1, 2, 3, 4, 5, 6, 7]",inaction/(9),8,0.0,0.0,1.0,as_manifest,
explicit::inaction/(9)::6,inaction,inaction/(9),6,explicit_prefixed_8,8,"[""inaction/(9)/6_im1.jpg"", ""inaction/(9)/6_im2.jpg"", ""inaction/(9)/6_im3.jpg"", ""inaction/(9)/6_im4.jpg"", ""inaction/(9)/6_im5.jpg"", ""inaction/(9)/6_im6.jpg"", ""inaction/(9)/6_im7.jpg"", ""inaction/(9)/6_im8.jpg""]","[0, 1, 2, 3, 4, 5, 6, 7]",inaction/(9),8,0.0,0.0,1.0,as_manifest,
explicit::inaction/(9)::7,inaction,inaction/(9),7,explicit_prefixed_8,8,"[""inaction/(9)/7_im1.jpg"", ""inaction/(9)/7_im2.jpg"", ""inaction/(9)/7_im3.jpg"", ""inaction/(9)/7_im4.jpg"", ""inaction/(9)/7_im5.jpg"", ""inaction/(9)/7_im6.jpg"", ""inaction/(9)/7_im7.jpg"", ""inaction/(9)/7_im8.jpg""]","[0, 1, 2, 3, 4, 5, 6, 7]",inaction/(9),8,0.0,0.0,1.0,as_manifest,
explicit::inaction/14::folder,inaction,inaction/14,folder,explicit_folder_8,8,"[""inaction/14/im1.jpg"", ""inaction/14/im2.jpg"", ""inaction/14/im3.jpg"", ""inaction/14/im4.jpg"", ""inaction/14/im5.jpg"", ""inaction/14/im6.jpg"", ""inaction/14/im7.jpg"", ""inaction/14/im8.jpg""]","[0, 1, 2, 3, 4, 5, 6, 7]",inaction/14,8,0.0,0.0,1.0,as_manifest,
explicit::inaction/146::folder,inaction,inaction/146,folder,explicit_folder_8,8,"[""inaction/146/im1.jpg"", ""inaction/146/im2.jpg"", ""inaction/146/im3.jpg"", ""inaction/146/im4.jpg"", ""inaction/146/im5.jpg"", ""inaction/146/im6.jpg"", ""inaction/146/im7.jpg"", ""inaction/146/im8.jpg""]","[0, 1, 2, 3, 4, 5, 6, 7]",inaction/146,8,0.0,0.0,1.0,as_manifest,
explicit::inaction/32::folder,inaction,inaction/32,folder,explicit_folder_8,8,"[""inaction/32/im1.jpg"", ""inaction/32/im2.jpg"", ""inaction/32/im3.jpg"", ""inaction/32/im4.jpg"", ""inaction/32/im5.jpg"", ""inaction/32/im6.jpg"", ""inaction/32/im7.jpg"", ""inaction/32/im8.jpg""]","[0, 1, 2, 3, 4, 5, 6, 7]",inaction/32,8,0.0,0.0,1.0,as_manifest,
explicit::inaction/692::folder,inaction,inaction/692,folder,explicit_folder_8,8,"[""inaction/692/im1.jpg"", ""inaction/692/im2.jpg"", ""inaction/692/im3.jpg"", ""inaction/692/im4.jpg"", ""inaction/692/im5.jpg"", ""inaction/692/im6.jpg"", ""inaction/692/im7.jpg"", ""inaction/692/im8.jpg""]","[0, 1, 2, 3, 4, 5, 6, 7]",inaction/692,8,0.0,0.0,1.0,as_manifest,
inaction/(1)::inaction_skip_shuffle:seed20260602:sample0,inaction,inaction/(1),inaction_skip_shuffle_0,inaction_skip_shuffle,8,"[""inaction/(1)/im_05-35-11_31.jpg"", ""inaction/(1)/im_05-35-11_38.jpg"", ""inaction/(1)/im_05-35-11_28.jpg"", ""inaction/(1)/im_05-35-11_30.jpg"", ""inaction/(1)/im_05-35-11_35.jpg"", ""inaction/(1)/im_05-35-11_29.jpg"", ""inaction/(1)/im_05-35-11_34.jpg"", ""inaction/(1)/im_05-35-11_27.jpg""]","[4, 11, 1, 3, 8, 2, 7, 0]",inaction/(1),14,,,,shuffled,20260602.0
inaction/(1)::inaction_skip_shuffle:seed20260602:sample1,inaction,inaction/(1),inaction_skip_shuffle_1,inaction_skip_shuffle,8,"[""inaction/(1)/im_05-35-11_33.jpg"", ""inaction/(1)/im_05-35-11_37.jpg"", ""inaction/(1)/im_05-35-11_32.jpg"", ""inaction/(1)/im_05-35-11_30.jpg"", ""inaction/(1)/im_05-35-11_38.jpg"", ""inaction/(1)/im_05-35-11_36.jpg"", ""inaction/(1)/im_05-35-11_34.jpg"", ""inaction/(1)/im_05-35-11_28.jpg""]","[6, 10, 5, 3, 11, 9, 7, 1]",inaction/(1),14,,,,shuffled,20260602.0
inaction/(1)::inaction_skip_shuffle:seed20260602:sample2,inaction,inaction/(1),inaction_skip_shuffle_2,inaction_skip_shuffle,8,"[""inaction/(1)/im_05-35-11_28.jpg"", ""inaction/(1)/im_05-35-11_34.jpg"", ""inaction/(1)/im_05-35-11_36.jpg"", ""inaction/(1)/im_05-35-11_38.jpg"", ""inaction/(1)/im_05-35-11_35.jpg"", ""inaction/(1)/im_05-35-11_33.jpg"", ""inaction/(1)/im_05-35-11_40.jpg"", ""inaction/(1)/im_05-35-11_29.jpg""]","[1, 7, 9, 11, 8, 6, 13, 2]",inaction/(1),14,,,,shuffled,20260602.0
inaction/(1)::inaction_skip_shuffle:seed20260602:sample3,inaction,inaction/(1),inaction_skip_shuffle_3,inaction_skip_shuffle,8,"[""inaction/(1)/im_05-35-11_34.jpg"", ""inaction/(1)/im_05-35-11_39.jpg"", ""inaction/(1)/im_05-35-11_29.jpg"", ""inaction/(1)/im_05-35-11_36.jpg"", ""inaction/(1)/im_05-35-11_32.jpg"", ""inaction/(1)/im_05-35-11_40.jpg"", ""inaction/(1)/im_05-35-11_28.jpg"", ""inaction/(1)/im_05-35-11_31.jpg""]","[7, 12, 2, 9, 5, 13, 1, 4]",inaction/(1),14,,,,shuffled,20260602.0
inaction/(1)::inaction_skip_shuffle:seed20260602:sample4,inaction,inaction/(1),inaction_skip_shuffle_4,inaction_skip_shuffle,8,"[""inaction/(1)/im_05-35-11_34.jpg"", ""inaction/(1)/im_05-35-11_29.jpg"", ""inaction/(1)/im_05-35-11_36.jpg"", ""inaction/(1)/im_05-35-11_30.jpg"", ""inaction/(1)/im_05-35-11_39.jpg"", ""inaction/(1)/im_05-35-11_35.jpg"", ""inaction/(1)/im_05-35-11_27.jpg"", ""inaction/(1)/im_05-35-11_28.jpg""]","[7, 2, 9, 3, 12, 8, 0, 1]",inaction/(1),14,,,,shuffled,20260602.0
inaction/(1)::inaction_skip_shuffle:seed20260602:sample5,inaction,inaction/(1),inaction_skip_shuffle_5,inaction_skip_shuffle,8,"[""inaction/(1)/im_05-35-11_40.jpg"", ""inaction/(1)/im_05-35-11_36.jpg"", ""inaction/(1)/im_05-35-11_37.jpg"", ""inaction/(1)/im_05-35-11_28.jpg"", ""inaction/(1)/im_05-35-11_33.jpg"", ""inaction/(1)/im_05-35-11_38.jpg"", ""inaction/(1)/im_05-35-11_27.jpg"", ""inaction/(1)/im_05-35-11_32.jpg""]","[13, 9, 10, 1, 6, 11, 0, 5]",inaction/(1),14,,,,shuffled,20260602.0
inaction/(1)::inaction_skip_shuffle:seed20260602:sample6,inaction,inaction/(1),inaction_skip_shuffle_6,inaction_skip_shuffle,8,"[""inaction/(1)/im_05-35-11_37.jpg"", ""inaction/(1)/im_05-35-11_40.jpg"", ""inaction/(1)/im_05-35-11_34.jpg"", ""inaction/(1)/im_05-35-11_30.jpg"", ""inaction/(1)/im_05-35-11_29.jpg"", ""inaction/(1)/im_05-35-11_38.jpg"", ""inaction/(1)/im_05-35-11_32.jpg"", ""inaction/(1)/im_05-35-11_33.jpg""]","[10, 13, 7, 3, 2, 11, 5, 6]",inaction/(1),14,,,,shuffled,20260602.0
inaction/(1)::inaction_skip_shuffle:seed20260602:sample7,inaction,inaction/(1),inaction_skip_shuffle_7,inaction_skip_shuffle,8,"[""inaction/(1)/im_05-35-11_27.jpg"", ""inaction/(1)/im_05-35-11_31.jpg"", ""inaction/(1)/im_05-35-11_28.jpg"", ""inaction/(1)/im_05-35-11_34.jpg"", ""inaction/(1)/im_05-35-11_32.jpg"", ""inaction/(1)/im_05-35-11_35.jpg"", ""inaction/(1)/im_05-35-11_30.jpg"", ""inaction/(1)/im_05-35-11_40.jpg""]","[0, 4, 1, 7, 5, 8, 3, 13]",inaction/(1),14,,,,shuffled,20260602.0
inaction/(1)::inaction_skip_shuffle:seed20260602:sample8,inaction,inaction/(1),inaction_skip_shuffle_8,inaction_skip_shuffle,8,"[""inaction/(1)/im_05-35-11_40.jpg"", ""inaction/(1)/im_05-35-11_36.jpg"", ""inaction/(1)/im_05-35-11_35.jpg"", ""inaction/(1)/im_05-35-11_33.jpg"", ""inaction/(1)/im_05-35-11_38.jpg"", ""inaction/(1)/im_05-35-11_32.jpg"", ""inaction/(1)/im_05-35-11_30.jpg"", ""inaction/(1)/im_05-35-11_29.jpg""]","[13, 9, 8, 6, 11, 5, 3, 2]",inaction/(1),14,,,,shuffled,20260602.0
inaction/(1)::inaction_skip_shuffle:seed20260602:sample9,inaction,inaction/(1),inaction_skip_shuffle_9,inaction_skip_shuffle,8,"[""inaction/(1)/im_05-35-11_35.jpg"", ""inaction/(1)/im_05-35-11_27.jpg"", ""inaction/(1)/im_05-35-11_30.jpg"", ""inaction/(1)/im_05-35-11_31.jpg"", ""inaction/(1)/im_05-35-11_38.jpg"", ""inaction/(1)/im_05-35-11_29.jpg"", ""inaction/(1)/im_05-35-11_34.jpg"", ""inaction/(1)/im_05-35-11_36.jpg""]","[8, 0, 3, 4, 11, 2, 7, 9]",inaction/(1),14,,,,shuffled,20260602.0
inaction/(1)::inaction_skip_shuffle:seed20260602:sample10,inaction,inaction/(1),inaction_skip_shuffle_10,inaction_skip_shuffle,8,"[""inaction/(1)/im_05-35-11_40.jpg"", ""inaction/(1)/im_05-35-11_28.jpg"", ""inaction/(1)/im_05-35-11_34.jpg"", ""inaction/(1)/im_05-35-11_30.jpg"", ""inaction/(1)/im_05-35-11_32.jpg"", ""inaction/(1)/im_05-35-11_38.jpg"", ""inaction/(1)/im_05-35-11_37.jpg"", ""inaction/(1)/im_05-35-11_31.jpg""]","[13, 1, 7, 3, 5, 11, 10, 4]",inaction/(1),14,,,,shuffled,20260602.0
inaction/(1)::inaction_skip_shuffle:seed20260602:sample11,inaction,inaction/(1),inaction_skip_shuffle_11,inaction_skip_shuffle,8,"[""inaction/(1)/im_05-35-11_29.jpg"", ""inaction/(1)/im_05-35-11_38.jpg"", ""inaction/(1)/im_05-35-11_30.jpg"", ""inaction/(1)/im_05-35-11_34.jpg"", ""inaction/(1)/im_05-35-11_33.jpg"", ""inaction/(1)/im_05-35-11_27.jpg"", ""inaction/(1)/im_05-35-11_37.jpg"", ""inaction/(1)/im_05-35-11_32.jpg""]","[2, 11, 3, 7, 6, 0, 10, 5]",inaction/(1),14,,,,shuffled,20260602.0
inaction/(1)::inaction_skip_shuffle:seed20260602:sample12,inaction,inaction/(1),inaction_skip_shuffle_12,inaction_skip_shuffle,8,"[""inaction/(1)/im_05-35-11_38.jpg"", ""inaction/(1)/im_05-35-11_40.jpg"", ""inaction/(1)/im_05-35-11_31.jpg"", ""inaction/(1)/im_05-35-11_30.jpg"", ""inaction/(1)/im_05-35-11_27.jpg"", ""inaction/(1)/im_05-35-11_28.jpg"", ""inaction/(1)/im_05-35-11_36.jpg"", ""inaction/(1)/im_05-35-11_39.jpg""]","[11, 13, 4, 3, 0, 1, 9, 12]",inaction/(1),14,,,,shuffled,20260602.0
inaction/(1)::inaction_skip_shuffle:seed20260602:sample13,inaction,inaction/(1),inaction_skip_shuffle_13,inaction_skip_shuffle,8,"[""inaction/(1)/im_05-35-11_32.jpg"", ""inaction/(1)/im_05-35-11_38.jpg"", ""inaction/(1)/im_05-35-11_27.jpg"", ""inaction/(1)/im_05-35-11_33.jpg"", ""inaction/(1)/im_05-35-11_39.jpg"", ""inaction/(1)/im_05-35-11_40.jpg"", ""inaction/(1)/im_05-35-11_29.jpg"", ""inaction/(1)/im_05-35-11_28.jpg""]","[5, 11, 0, 6, 12, 13, 2, 1]",inaction/(1),14,,,,shuffled,20260602.0
inaction/(1)::inaction_skip_shuffle:seed20260602:sample14,inaction,inaction/(1),inaction_skip_shuffle_14,inaction_skip_shuffle,8,"[""inaction/(1)/im_05-35-11_34.jpg"", ""inaction/(1)/im_05-35-11_36.jpg"", ""inaction/(1)/im_05-35-11_32.jpg"", ""inaction/(1)/im_05-35-11_30.jpg"", ""inaction/(1)/im_05-35-11_29.jpg"", ""inaction/(1)/im_05-35-11_38.jpg"", ""inaction/(1)/im_05-35-11_37.jpg"", ""inaction/(1)/im_05-35-11_39.jpg""]","[7, 9, 5, 3, 2, 11, 10, 12]",inaction/(1),14,,,,shuffled,20260602.0
inaction/(1)::inaction_skip_shuffle:seed20260602:sample15,inaction,inaction/(1),inaction_skip_shuffle_15,inaction_skip_shuffle,8,"[""inaction/(1)/im_05-35-11_32.jpg"", ""inaction/(1)/im_05-35-11_31.jpg"", ""inaction/(1)/im_05-35-11_35.jpg"", ""inaction/(1)/im_05-35-11_28.jpg"", ""inaction/(1)/im_05-35-11_36.jpg"", ""inaction/(1)/im_05-35-11_33.jpg"", ""inaction/(1)/im_05-35-11_38.jpg"", ""inaction/(1)/im_05-35-11_29.jpg""]","[5, 4, 8, 1, 9, 6, 11, 2]",inaction/(1),14,,,,shuffled,20260602.0
inaction/(1)::inaction_skip_shuffle:seed20260602:sample16,inaction,inaction/(1),inaction_skip_shuffle_16,inaction_skip_shuffle,8,"[""inaction/(1)/im_05-35-11_36.jpg"", ""inaction/(1)/im_05-35-11_35.jpg"", ""inaction/(1)/im_05-35-11_27.jpg"", ""inaction/(1)/im_05-35-11_40.jpg"", ""inaction/(1)/im_05-35-11_30.jpg"", ""inaction/(1)/im_05-35-11_38.jpg"", ""inaction/(1)/im_05-35-11_39.jpg"", ""inaction/(1)/im_05-35-11_34.jpg""]","[9, 8, 0, 13, 3, 11, 12, 7]",inaction/(1),14,,,,shuffled,20260602.0
inaction/(1)::inaction_skip_shuffle:seed20260602:sample17,inaction,inaction/(1),inaction_skip_shuffle_17,inaction_skip_shuffle,8,"[""inaction/(1)/im_05-35-11_38.jpg"", ""inaction/(1)/im_05-35-11_28.jpg"", ""inaction/(1)/im_05-35-11_40.jpg"", ""inaction/(1)/im_05-35-11_35.jpg"", ""inaction/(1)/im_05-35-11_34.jpg"", ""inaction/(1)/im_05-35-11_32.jpg"", ""inaction/(1)/im_05-35-11_33.jpg"", ""inaction/(1)/im_05-35-11_39.jpg""]","[11, 1, 13, 8, 7, 5, 6, 12]",inaction/(1),14,,,,shuffled,20260602.0
inaction/(1)::inaction_skip_shuffle:seed20260602:sample18,inaction,inaction/(1),inaction_skip_shuffle_18,inaction_skip_shuffle,8,"[""inaction/(1)/im_05-35-11_30.jpg"", ""inaction/(1)/im_05-35-11_34.jpg"", ""inaction/(1)/im_05-35-11_27.jpg"", ""inaction/(1)/im_05-35-11_36.jpg"", ""inaction/(1)/im_05-35-11_37.jpg"", ""inaction/(1)/im_05-35-11_35.jpg"", ""inaction/(1)/im_05-35-11_39.jpg"", ""inaction/(1)/im_05-35-11_31.jpg""]","[3, 7, 0, 9, 10, 8, 12, 4]",inaction/(1),14,,,,shuffled,20260602.0
inaction/(1)::inaction_skip_shuffle:seed20260602:sample19,inaction,inaction/(1),inaction_skip_shuffle_19,inaction_skip_shuffle,8,"[""inaction/(1)/im_05-35-11_35.jpg"", ""inaction/(1)/im_05-35-11_32.jpg"", ""inaction/(1)/im_05-35-11_34.jpg"", ""inaction/(1)/im_05-35-11_40.jpg"", ""inaction/(1)/im_05-35-11_31.jpg"", ""inaction/(1)/im_05-35-11_38.jpg"", ""inaction/(1)/im_05-35-11_28.jpg"", ""inaction/(1)/im_05-35-11_30.jpg""]","[8, 5, 7, 13, 4, 11, 1, 3]",inaction/(1),14,,,,shuffled,20260602.0
inaction/(1)::inaction_skip_shuffle:seed20260602:sample20,inaction,inaction/(1),inaction_skip_shuffle_20,inaction_skip_shuffle,8,"[""inaction/(1)/im_05-35-11_32.jpg"", ""inaction/(1)/im_05-35-11_31.jpg"", ""inaction/(1)/im_05-35-11_33.jpg"", ""inaction/(1)/im_05-35-11_39.jpg"", ""inaction/(1)/im_05-35-11_38.jpg"", ""inaction/(1)/im_05-35-11_37.jpg"", ""inaction/(1)/im_05-35-11_27.jpg"", ""inaction/(1)/im_05-35-11_30.jpg""]","[5, 4, 6, 12, 11, 10, 0, 3]",inaction/(1),14,,,,shuffled,20260602.0
inaction/(1)::inaction_skip_shuffle:seed20260602:sample21,inaction,inaction/(1),inaction_skip_shuffle_21,inaction_skip_shuffle,8,"[""inaction/(1)/im_05-35-11_28.jpg"", ""inaction/(1)/im_05-35-11_39.jpg"", ""inaction/(1)/im_05-35-11_36.jpg"", ""inaction/(1)/im_05-35-11_38.jpg"", ""inaction/(1)/im_05-35-11_27.jpg"", ""inaction/(1)/im_05-35-11_40.jpg"", ""inaction/(1)/im_05-35-11_33.jpg"", ""inaction/(1)/im_05-35-11_30.jpg""]","[1, 12, 9, 11, 0, 13, 6, 3]",inaction/(1),14,,,,shuffled,20260602.0
inaction/(1)::inaction_skip_shuffle:seed20260602:sample22,inaction,inaction/(1),inaction_skip_shuffle_22,inaction_skip_shuffle,8,"[""inaction/(1)/im_05-35-11_35.jpg"", ""inaction/(1)/im_05-35-11_36.jpg"", ""inaction/(1)/im_05-35-11_38.jpg"", ""inaction/(1)/im_05-35-11_28.jpg"", ""inaction/(1)/im_05-35-11_40.jpg"", ""inaction/(1)/im_05-35-11_29.jpg"", ""inaction/(1)/im_05-35-11_27.jpg"", ""inaction/(1)/im_05-35-11_30.jpg""]","[8, 9, 11, 1, 13, 2, 0, 3]",inaction/(1),14,,,,shuffled,20260602.0
inaction/(1)::inaction_skip_shuffle:seed20260602:sample23,inaction,inaction/(1),inaction_skip_shuffle_23,inaction_skip_shuffle,8,"[""inaction/(1)/im_05-35-11_40.jpg"", ""inaction/(1)/im_05-35-11_34.jpg"", ""inaction/(1)/im_05-35-11_35.jpg"", ""inaction/(1)/im_05-35-11_28.jpg"", ""inaction/(1)/im_05-35-11_29.jpg"", ""inaction/(1)/im_05-35-11_27.jpg"", ""inaction/(1)/im_05-35-11_37.jpg"", ""inaction/(1)/im_05-35-11_30.jpg""]","[13, 7, 8, 1, 2, 0, 10, 3]",inaction/(1),14,,,,shuffled,20260602.0
inaction/(14)::inaction_skip_shuffle:seed20260602:sample0,inaction,inaction/(14),inaction_skip_shuffle_0,inaction_skip_shuffle,8,"[""inaction/(14)/im000159_00-37-20.jpg"", ""inaction/(14)/im000118_00-37-16.jpg"", ""inaction/(14)/im000187_00-37-22.jpg"", ""inaction/(14)/im000115_00-37-16.jpg"", ""inaction/(14)/im000153_00-37-19.jpg"", ""inaction/(14)/im000117_00-37-16.jpg"", ""inaction/(14)/im000194_00-37-23.jpg"", ""inaction/(14)/im000134_00-37-18.jpg""]","[49, 8, 77, 5, 43, 7, 84, 24]",inaction/(14),98,,,,shuffled,20260602.0
inaction/(14)::inaction_skip_shuffle:seed20260602:sample1,inaction,inaction/(14),inaction_skip_shuffle_1,inaction_skip_shuffle,8,"[""inaction/(14)/im000126_00-37-17.jpg"", ""inaction/(14)/im000160_00-37-20.jpg"", ""inaction/(14)/im000127_00-37-17.jpg"", ""inaction/(14)/im000154_00-37-19.jpg"", ""inaction/(14)/im000167_00-37-20.jpg"", ""inaction/(14)/im000144_00-37-18.jpg"", ""inaction/(14)/im000139_00-37-18.jpg"", ""inaction/(14)/im000156_00-37-19.jpg""]","[16, 50, 17, 44, 57, 34, 29, 46]",inaction/(14),98,,,,shuffled,20260602.0
inaction/(14)::inaction_skip_shuffle:seed20260602:sample2,inaction,inaction/(14),inaction_skip_shuffle_2,inaction_skip_shuffle,8,"[""inaction/(14)/im000171_00-37-21.jpg"", ""inaction/(14)/im000141_00-37-18.jpg"", ""inaction/(14)/im000177_00-37-21.jpg"", ""inaction/(14)/im000166_00-37-20.jpg"", ""inaction/(14)/im000175_00-37-21.jpg"", ""inaction/(14)/im000187_00-37-22.jpg"", ""inaction/(14)/im000181_00-37-22.jpg"", ""inaction/(14)/im000204_00-37-23.jpg""]","[61, 31, 67, 56, 65, 77, 71, 94]",inaction/(14),98,,,,shuffled,20260602.0
inaction/(14)::inaction_skip_shuffle:seed20260602:sample3,inaction,inaction/(14),inaction_skip_shuffle_3,inaction_skip_shuffle,8,"[""inaction/(14)/im000198_00-37-23.jpg"", ""inaction/(14)/im000181_00-37-22.jpg"", ""inaction/(14)/im000142_00-37-18.jpg"", ""inaction/(14)/im000185_00-37-22.jpg"", ""inaction/(14)/im000169_00-37-21.jpg"", ""inaction/(14)/im000163_00-37-20.jpg"", ""inaction/(14)/im000196_00-37-23.jpg"", ""inaction/(14)/im000133_00-37-18.jpg""]","[88, 71, 32, 75, 59, 53, 86, 23]",inaction/(14),98,,,,shuffled,20260602.0
inaction/(14)::inaction_skip_shuffle:seed20260602:sample4,inaction,inaction/(14),inaction_skip_shuffle_4,inaction_skip_shuffle,8,"[""inaction/(14)/im000119_00-37-16.jpg"", ""inaction/(14)/im000162_00-37-20.jpg"", ""inaction/(14)/im000197_00-37-23.jpg"", ""inaction/(14)/im000141_00-37-18.jpg"", ""inaction/(14)/im000175_00-37-21.jpg"", ""inaction/(14)/im000160_00-37-20.jpg"", ""inaction/(14)/im000151_00-37-19.jpg"", ""inaction/(14)/im000124_00-37-17.jpg""]","[9, 52, 87, 31, 65, 50, 41, 14]",inaction/(14),98,,,,shuffled,20260602.0
inaction/(14)::inaction_skip_shuffle:seed20260602:sample5,inaction,inaction/(14),inaction_skip_shuffle_5,inaction_skip_shuffle,8,"[""inaction/(14)/im000164_00-37-20.jpg"", ""inaction/(14)/im000187_00-37-22.jpg"", ""inaction/(14)/im000161_00-37-20.jpg"", ""inaction/(14)/im000180_00-37-21.jpg"", ""inaction/(14)/im000172_00-37-21.jpg"", ""inaction/(14)/im000197_00-37-23.jpg"", ""inaction/(14)/im000186_00-37-22.jpg"", ""inaction/(14)/im000181_00-37-22.jpg""]","[54, 77, 51, 70, 62, 87, 76, 71]",inaction/(14),98,,,,shuffled,20260602.0
inaction/(14)::inaction_skip_shuffle:seed20260602:sample6,inaction,inaction/(14),inaction_skip_shuffle_6,inaction_skip_shuffle,8,"[""inaction/(14)/im000139_00-37-18.jpg"", ""inaction/(14)/im000178_00-37-21.jpg"", ""inaction/(14)/im000149_00-37-19.jpg"", ""inaction/(14)/im000207_00-37-24.jpg"", ""inaction/(14)/im000136_00-37-18.jpg"", ""inaction/(14)/im000190_00-37-22.jpg"", ""inaction/(14)/im000118_00-37-16.jpg"", ""inaction/(14)/im000143_00-37-18.jpg""]","[29, 68, 39, 97, 26, 80, 8, 33]",inaction/(14),98,,,,shuffled,20260602.0
inaction/(14)::inaction_skip_shuffle:seed20260602:sample7,inaction,inaction/(14),inaction_skip_shuffle_7,inaction_skip_shuffle,8,"[""inaction/(14)/im000147_00-37-19.jpg"", ""inaction/(14)/im000206_00-37-24.jpg"", ""inaction/(14)/im000176_00-37-21.jpg"", ""inaction/(14)/im000188_00-37-22.jpg"", ""inaction/(14)/im000193_00-37-23.jpg"", ""inaction/(14)/im000183_00-37-22.jpg"", ""inaction/(14)/im000173_00-37-21.jpg"", ""inaction/(14)/im000139_00-37-18.jpg""]","[37, 96, 66, 78, 83, 73, 63, 29]",inaction/(14),98,,,,shuffled,20260602.0
inaction/(14)::inaction_skip_shuffle:seed20260602:sample8,inaction,inaction/(14),inaction_skip_shuffle_8,inaction_skip_shuffle,8,"[""inaction/(14)/im000144_00-37-18.jpg"", ""inaction/(14)/im000161_00-37-20.jpg"", ""inaction/(14)/im000155_00-37-19.jpg"", ""inaction/(14)/im000117_00-37-16.jpg"", ""inaction/(14)/im000129_00-37-17.jpg"", ""inaction/(14)/im000121_00-37-17.jpg"", ""inaction/(14)/im000150_00-37-19.jpg"", ""inaction/(14)/im000164_00-37-20.jpg""]","[34, 51, 45, 7, 19, 11, 40, 54]",inaction/(14),98,,,,shuffled,20260602.0
inaction/(14)::inaction_skip_shuffle:seed20260602:sample9,inaction,inaction/(14),inaction_skip_shuffle_9,inaction_skip_shuffle,8,"[""inaction/(14)/im000163_00-37-20.jpg"", ""inaction/(14)/im000172_00-37-21.jpg"", ""inaction/(14)/im000176_00-37-21.jpg"", ""inaction/(14)/im000154_00-37-19.jpg"", ""inaction/(14)/im000183_00-37-22.jpg"", ""inaction/(14)/im000194_00-37-23.jpg"", ""inaction/(14)/im000124_00-37-17.jpg"", ""inaction/(14)/im000123_00-37-17.jpg""]","[53, 62, 66, 44, 73, 84, 14, 13]",inaction/(14),98,,,,shuffled,20260602.0
inaction/(14)::inaction_skip_shuffle:seed20260602:sample10,inaction,inaction/(14),inaction_skip_shuffle_10,inaction_skip_shuffle,8,"[""inaction/(14)/im000169_00-37-21.jpg"", ""inaction/(14)/im000125_00-37-17.jpg"", ""inaction/(14)/im000122_00-37-17.jpg"", ""inaction/(14)/im000156_00-37-19.jpg"", ""inaction/(14)/im000181_00-37-22.jpg"", ""inaction/(14)/im000144_00-37-18.jpg"", ""inaction/(14)/im000182_00-37-22.jpg"", ""inaction/(14)/im000164_00-37-20.jpg""]","[59, 15, 12, 46, 71, 34, 72, 54]",inaction/(14),98,,,,shuffled,20260602.0
inaction/(14)::inaction_skip_shuffle:seed20260602:sample11,inaction,inaction/(14),inaction_skip_shuffle_11,inaction_skip_shuffle,8,"[""inaction/(14)/im000165_00-37-20.jpg"", ""inaction/(14)/im000127_00-37-17.jpg"", ""inaction/(14)/im000177_00-37-21.jpg"", ""inaction/(14)/im000179_00-37-21.jpg"", ""inaction/(14)/im000150_00-37-19.jpg"", ""inaction/(14)/im000138_00-37-18.jpg"", ""inaction/(14)/im000115_00-37-16.jpg"", ""inaction/(14)/im000136_00-37-18.jpg""]","[55, 17, 67, 69, 40, 28, 5, 26]",inaction/(14),98,,,,shuffled,20260602.0
inaction/(14)::inaction_skip_shuffle:seed20260602:sample12,inaction,inaction/(14),inaction_skip_shuffle_12,inaction_skip_shuffle,8,"[""inaction/(14)/im000127_00-37-17.jpg"", ""inaction/(14)/im000123_00-37-17.jpg"", ""inaction/(14)/im000183_00-37-22.jpg"", ""inaction/(14)/im000122_00-37-17.jpg"", ""inaction/(14)/im000191_00-37-22.jpg"", ""inaction/(14)/im000143_00-37-18.jpg"", ""inaction/(14)/im000193_00-37-23.jpg"", ""inaction/(14)/im000119_00-37-16.jpg""]","[17, 13, 73, 12, 81, 33, 83, 9]",inaction/(14),98,,,,shuffled,20260602.0
inaction/(14)::inaction_skip_shuffle:seed20260602:sample13,inaction,inaction/(14),inaction_skip_shuffle_13,inaction_skip_shuffle,8,"[""inaction/(14)/im000198_00-37-23.jpg"", ""inaction/(14)/im000188_00-37-22.jpg"", ""inaction/(14)/im000113_00-37-16.jpg"", ""inaction/(14)/im000171_00-37-21.jpg"", ""inaction/(14)/im000149_00-37-19.jpg"", ""inaction/(14)/im000148_00-37-19.jpg"", ""inaction/(14)/im000158_00-37-20.jpg"", ""inaction/(14)/im000131_00-37-17.jpg""]","[88, 78, 3, 61, 39, 38, 48, 21]",inaction/(14),98,,,,shuffled,20260602.0
inaction/(14)::inaction_skip_shuffle:seed20260602:sample14,inaction,inaction/(14),inaction_skip_shuffle_14,inaction_skip_shuffle,8,"[""inaction/(14)/im000165_00-37-20.jpg"", ""inaction/(14)/im000160_00-37-20.jpg"", ""inaction/(14)/im000182_00-37-22.jpg"", ""inaction/(14)/im000153_00-37-19.jpg"", ""inaction/(14)/im000137_00-37-18.jpg"", ""inaction/(14)/im000177_00-37-21.jpg"", ""inaction/(14)/im000175_00-37-21.jpg"", ""inaction/(14)/im000144_00-37-18.jpg""]","[55, 50, 72, 43, 27, 67, 65, 34]",inaction/(14),98,,,,shuffled,20260602.0
inaction/(14)::inaction_skip_shuffle:seed20260602:sample15,inaction,inaction/(14),inaction_skip_shuffle_15,inaction_skip_shuffle,8,"[""inaction/(14)/im000120_00-37-16.jpg"", ""inaction/(14)/im000197_00-37-23.jpg"", ""inaction/(14)/im000204_00-37-23.jpg"", ""inaction/(14)/im000178_00-37-21.jpg"", ""inaction/(14)/im000132_00-37-17.jpg"", ""inaction/(14)/im000124_00-37-17.jpg"", ""inaction/(14)/im000136_00-37-18.jpg"", ""inaction/(14)/im000203_00-37-23.jpg""]","[10, 87, 94, 68, 22, 14, 26, 93]",inaction/(14),98,,,,shuffled,20260602.0
inaction/(14)::inaction_skip_shuffle:seed20260602:sample16,inaction,inaction/(14),inaction_skip_shuffle_16,inaction_skip_shuffle,8,"[""inaction/(14)/im000146_00-37-19.jpg"", ""inaction/(14)/im000111_00-37-16.jpg"", ""inaction/(14)/im000193_00-37-23.jpg"", ""inaction/(14)/im000132_00-37-17.jpg"", ""inaction/(14)/im000190_00-37-22.jpg"", ""inaction/(14)/im000155_00-37-19.jpg"", ""inaction/(14)/im000180_00-37-21.jpg"", ""inaction/(14)/im000116_00-37-16.jpg""]","[36, 1, 83, 22, 80, 45, 70, 6]",inaction/(14),98,,,,shuffled,20260602.0
inaction/(14)::inaction_skip_shuffle:seed20260602:sample17,inaction,inaction/(14),inaction_skip_shuffle_17,inaction_skip_shuffle,8,"[""inaction/(14)/im000188_00-37-22.jpg"", ""inaction/(14)/im000194_00-37-23.jpg"", ""inaction/(14)/im000132_00-37-17.jpg"", ""inaction/(14)/im000181_00-37-22.jpg"", ""inaction/(14)/im000182_00-37-22.jpg"", ""inaction/(14)/im000195_00-37-23.jpg"", ""inaction/(14)/im000205_00-37-24.jpg"", ""inaction/(14)/im000167_00-37-20.jpg""]","[78, 84, 22, 71, 72, 85, 95, 57]",inaction/(14),98,,,,shuffled,20260602.0
inaction/(14)::inaction_skip_shuffle:seed20260602:sample18,inaction,inaction/(14),inaction_skip_shuffle_18,inaction_skip_shuffle,8,"[""inaction/(14)/im000111_00-37-16.jpg"", ""inaction/(14)/im000175_00-37-21.jpg"", ""inaction/(14)/im000143_00-37-18.jpg"", ""inaction/(14)/im000123_00-37-17.jpg"", ""inaction/(14)/im000202_00-37-23.jpg"", ""inaction/(14)/im000120_00-37-16.jpg"", ""inaction/(14)/im000204_00-37-23.jpg"", ""inaction/(14)/im000148_00-37-19.jpg""]","[1, 65, 33, 13, 92, 10, 94, 38]",inaction/(14),98,,,,shuffled,20260602.0
inaction/(14)::inaction_skip_shuffle:seed20260602:sample19,inaction,inaction/(14),inaction_skip_shuffle_19,inaction_skip_shuffle,8,"[""inaction/(14)/im000115_00-37-16.jpg"", ""inaction/(14)/im000148_00-37-19.jpg"", ""inaction/(14)/im000201_00-37-23.jpg"", ""inaction/(14)/im000189_00-37-22.jpg"", ""inaction/(14)/im000132_00-37-17.jpg"", ""inaction/(14)/im000110_00-37-16.jpg"", ""inaction/(14)/im000121_00-37-17.jpg"", ""inaction/(14)/im000123_00-37-17.jpg""]","[5, 38, 91, 79, 22, 0, 11, 13]",inaction/(14),98,,,,shuffled,20260602.0
inaction/(14)::inaction_skip_shuffle:seed20260602:sample20,inaction,inaction/(14),inaction_skip_shuffle_20,inaction_skip_shuffle,8,"[""inaction/(14)/im000154_00-37-19.jpg"", ""inaction/(14)/im000114_00-37-16.jpg"", ""inaction/(14)/im000206_00-37-24.jpg"", ""inaction/(14)/im000148_00-37-19.jpg"", ""inaction/(14)/im000159_00-37-20.jpg"", ""inaction/(14)/im000186_00-37-22.jpg"", ""inaction/(14)/im000150_00-37-19.jpg"", ""inaction/(14)/im000198_00-37-23.jpg""]","[44, 4, 96, 38, 49, 76, 40, 88]",inaction/(14),98,,,,shuffled,20260602.0
inaction/(14)::inaction_skip_shuffle:seed20260602:sample21,inaction,inaction/(14),inaction_skip_shuffle_21,inaction_skip_shuffle,8,"[""inaction/(14)/im000136_00-37-18.jpg"", ""inaction/(14)/im000182_00-37-22.jpg"", ""inaction/(14)/im000181_00-37-22.jpg"", ""inaction/(14)/im000151_00-37-19.jpg"", ""inaction/(14)/im000159_00-37-20.jpg"", ""inaction/(14)/im000126_00-37-17.jpg"", ""inaction/(14)/im000141_00-37-18.jpg"", ""inaction/(14)/im000195_00-37-23.jpg""]","[26, 72, 71, 41, 49, 16, 31, 85]",inaction/(14),98,,,,shuffled,20260602.0
inaction/(14)::inaction_skip_shuffle:seed20260602:sample22,inaction,inaction/(14),inaction_skip_shuffle_22,inaction_skip_shuffle,8,"[""inaction/(14)/im000146_00-37-19.jpg"", ""inaction/(14)/im000186_00-37-22.jpg"", ""inaction/(14)/im000177_00-37-21.jpg"", ""inaction/(14)/im000156_00-37-19.jpg"", ""inaction/(14)/im000180_00-37-21.jpg"", ""inaction/(14)/im000200_00-37-23.jpg"", ""inaction/(14)/im000202_00-37-23.jpg"", ""inaction/(14)/im000144_00-37-18.jpg""]","[36, 76, 67, 46, 70, 90, 92, 34]",inaction/(14),98,,,,shuffled,20260602.0
inaction/(14)::inaction_skip_shuffle:seed20260602:sample23,inaction,inaction/(14),inaction_skip_shuffle_23,inaction_skip_shuffle,8,"[""inaction/(14)/im000170_00-37-21.jpg"", ""inaction/(14)/im000199_00-37-23.jpg"", ""inaction/(14)/im000205_00-37-24.jpg"", ""inaction/(14)/im000198_00-37-23.jpg"", ""inaction/(14)/im000136_00-37-18.jpg"", ""inaction/(14)/im000206_00-37-24.jpg"", ""inaction/(14)/im000133_00-37-18.jpg"", ""inaction/(14)/im000196_00-37-23.jpg""]","[60, 89, 95, 88, 26, 96, 23, 86]",inaction/(14),98,,,,shuffled,20260602.0
inaction/(2)::inaction_skip_shuffle:seed20260602:sample0,inaction,inaction/(2),inaction_skip_shuffle_0,inaction_skip_shuffle,8,"[""inaction/(2)/im000153_00-54-55.jpg"", ""inaction/(2)/im000139_00-54-53.jpg"", ""inaction/(2)/im000135_00-54-53.jpg"", ""inaction/(2)/im000140_00-54-53.jpg"", ""inaction/(2)/im000152_00-54-54.jpg"", ""inaction/(2)/im000275_00-55-05.jpg"", ""inaction/(2)/im000132_00-54-53.jpg"", ""inaction/(2)/im000149_00-54-54.jpg""]","[43, 29, 25, 30, 42, 58, 22, 39]",inaction/(2),66,,,,shuffled,20260602.0
inaction/(2)::inaction_skip_shuffle:seed20260602:sample1,inaction,inaction/(2),inaction_skip_shuffle_1,inaction_skip_shuffle,8,"[""inaction/(2)/im000276_00-55-05.jpg"", ""inaction/(2)/im000139_00-54-53.jpg"", ""inaction/(2)/im000133_00-54-53.jpg"", ""inaction/(2)/im000038_00-54-45.jpg"", ""inaction/(2)/im000042_00-54-45.jpg"", ""inaction/(2)/im000277_00-55-05.jpg"", ""inaction/(2)/im000032_00-54-44.jpg"", ""inaction/(2)/im000131_00-54-53.jpg""]","[59, 29, 23, 10, 14, 60, 4, 21]",inaction/(2),66,,,,shuffled,20260602.0
inaction/(2)::inaction_skip_shuffle:seed20260602:sample2,inaction,inaction/(2),inaction_skip_shuffle_2,inaction_skip_shuffle,8,"[""inaction/(2)/im000148_00-54-54.jpg"", ""inaction/(2)/im000143_00-54-54.jpg"", ""inaction/(2)/im000281_00-55-05.jpg"", ""inaction/(2)/im000138_00-54-53.jpg"", ""inaction/(2)/im000157_00-54-55.jpg"", ""inaction/(2)/im000128_00-54-52.jpg"", ""inaction/(2)/im000152_00-54-54.jpg"", ""inaction/(2)/im000162_00-54-55.jpg""]","[38, 33, 64, 28, 47, 18, 42, 52]",inaction/(2),66,,,,shuffled,20260602.0
inaction/(2)::inaction_skip_shuffle:seed20260602:sample3,inaction,inaction/(2),inaction_skip_shuffle_3,inaction_skip_shuffle,8,"[""inaction/(2)/im000151_00-54-54.jpg"", ""inaction/(2)/im000282_00-55-05.jpg"", ""inaction/(2)/im000135_00-54-53.jpg"", ""inaction/(2)/im000155_00-54-55.jpg"", ""inaction/(2)/im000141_00-54-54.jpg"", ""inaction/(2)/im000145_00-54-54.jpg"", ""inaction/(2)/im000142_00-54-54.jpg"", ""inaction/(2)/im000163_00-54-55.jpg""]","[41, 65, 25, 45, 31, 35, 32, 53]",inaction/(2),66,,,,shuffled,20260602.0
inaction/(2)::inaction_skip_shuffle:seed20260602:sample4,inaction,inaction/(2),inaction_skip_shuffle_4,inaction_skip_shuffle,8,"[""inaction/(2)/im000131_00-54-53.jpg"", ""inaction/(2)/im000144_00-54-54.jpg"", ""inaction/(2)/im000037_00-54-45.jpg"", ""inaction/(2)/im000032_00-54-44.jpg"", ""inaction/(2)/im000277_00-55-05.jpg"", ""inaction/(2)/im000157_00-54-55.jpg"", ""inaction/(2)/im000143_00-54-54.jpg"", ""inaction/(2)/im000163_00-54-55.jpg""]","[21, 34, 9, 4, 60, 47, 33, 53]",inaction/(2),66,,,,shuffled,20260602.0
inaction/(2)::inaction_skip_shuffle:seed20260602:sample5,inaction,inaction/(2),inaction_skip_shuffle_5,inaction_skip_shuffle,8,"[""inaction/(2)/im000035_00-54-45.jpg"", ""inaction/(2)/im000137_00-54-53.jpg"", ""inaction/(2)/im000141_00-54-54.jpg"", ""inaction/(2)/im000277_00-55-05.jpg"", ""inaction/(2)/im000149_00-54-54.jpg"", ""inaction/(2)/im000147_00-54-54.jpg"", ""inaction/(2)/im000278_00-55-05.jpg"", ""inaction/(2)/im000142_00-54-54.jpg""]","[7, 27, 31, 60, 39, 37, 61, 32]",inaction/(2),66,,,,shuffled,20260602.0
inaction/(2)::inaction_skip_shuffle:seed20260602:sample6,inaction,inaction/(2),inaction_skip_shuffle_6,inaction_skip_shuffle,8,"[""inaction/(2)/im000039_00-54-45.jpg"", ""inaction/(2)/im000278_00-55-05.jpg"", ""inaction/(2)/im000138_00-54-53.jpg"", ""inaction/(2)/im000026_00-54-44.jpg"", ""inaction/(2)/im000038_00-54-45.jpg"", ""inaction/(2)/im000033_00-54-45.jpg"", ""inaction/(2)/im000137_00-54-53.jpg"", ""inaction/(2)/im000133_00-54-53.jpg""]","[11, 61, 28, 2, 10, 5, 27, 23]",inaction/(2),66,,,,shuffled,20260602.0
inaction/(2)::inaction_skip_shuffle:seed20260602:sample7,inaction,inaction/(2),inaction_skip_shuffle_7,inaction_skip_shuffle,8,"[""inaction/(2)/im000133_00-54-53.jpg"", ""inaction/(2)/im000162_00-54-55.jpg"", ""inaction/(2)/im000277_00-55-05.jpg"", ""inaction/(2)/im000043_00-54-45.jpg"", ""inaction/(2)/im000139_00-54-53.jpg"", ""inaction/(2)/im000142_00-54-54.jpg"", ""inaction/(2)/im000163_00-54-55.jpg"", ""inaction/(2)/im000041_00-54-45.jpg""]","[23, 52, 60, 15, 29, 32, 53, 13]",inaction/(2),66,,,,shuffled,20260602.0
inaction/(2)::inaction_skip_shuffle:seed20260602:sample8,inaction,inaction/(2),inaction_skip_shuffle_8,inaction_skip_shuffle,8,"[""inaction/(2)/im000162_00-54-55.jpg"", ""inaction/(2)/im000135_00-54-53.jpg"", ""inaction/(2)/im000032_00-54-44.jpg"", ""inaction/(2)/im000036_00-54-45.jpg"", ""inaction/(2)/im000153_00-54-55.jpg"", ""inaction/(2)/im000279_00-55-05.jpg"", ""inaction/(2)/im000134_00-54-53.jpg"", ""inaction/(2)/im000132_00-54-53.jpg""]","[52, 25, 4, 8, 43, 62, 24, 22]",inaction/(2),66,,,,shuffled,20260602.0
inaction/(2)::inaction_skip_shuffle:seed20260602:sample9,inaction,inaction/(2),inaction_skip_shuffle_9,inaction_skip_shuffle,8,"[""inaction/(2)/im000279_00-55-05.jpg"", ""inaction/(2)/im000145_00-54-54.jpg"", ""inaction/(2)/im000132_00-54-53.jpg"", ""inaction/(2)/im000153_00-54-55.jpg"", ""inaction/(2)/im000126_00-54-52.jpg"", ""inaction/(2)/im000158_00-54-55.jpg"", ""inaction/(2)/im000140_00-54-53.jpg"", ""inaction/(2)/im000149_00-54-54.jpg""]","[62, 35, 22, 43, 16, 48, 30, 39]",inaction/(2),66,,,,shuffled,20260602.0
inaction/(2)::inaction_skip_shuffle:seed20260602:sample10,inaction,inaction/(2),inaction_skip_shuffle_10,inaction_skip_shuffle,8,"[""inaction/(2)/im000274_00-55-05.jpg"", ""inaction/(2)/im000138_00-54-53.jpg"", ""inaction/(2)/im000150_00-54-54.jpg"", ""inaction/(2)/im000032_00-54-44.jpg"", ""inaction/(2)/im000164_00-54-55.jpg"", ""inaction/(2)/im000276_00-55-05.jpg"", ""inaction/(2)/im000155_00-54-55.jpg"", ""inaction/(2)/im000161_00-54-55.jpg""]","[57, 28, 40, 4, 54, 59, 45, 51]",inaction/(2),66,,,,shuffled,20260602.0
inaction/(2)::inaction_skip_shuffle:seed20260602:sample11,inaction,inaction/(2),inaction_skip_shuffle_11,inaction_skip_shuffle,8,"[""inaction/(2)/im000132_00-54-53.jpg"", ""inaction/(2)/im000158_00-54-55.jpg"", ""inaction/(2)/im000139_00-54-53.jpg"", ""inaction/(2)/im000140_00-54-53.jpg"", ""inaction/(2)/im000155_00-54-55.jpg"", ""inaction/(2)/im000128_00-54-52.jpg"", ""inaction/(2)/im000152_00-54-54.jpg"", ""inaction/(2)/im000281_00-55-05.jpg""]","[22, 48, 29, 30, 45, 18, 42, 64]",inaction/(2),66,,,,shuffled,20260602.0
inaction/(2)::inaction_skip_shuffle:seed20260602:sample12,inaction,inaction/(2),inaction_skip_shuffle_12,inaction_skip_shuffle,8,"[""inaction/(2)/im000133_00-54-53.jpg"", ""inaction/(2)/im000037_00-54-45.jpg"", ""inaction/(2)/im000150_00-54-54.jpg"", ""inaction/(2)/im000143_00-54-54.jpg"", ""inaction/(2)/im000279_00-55-05.jpg"", ""inaction/(2)/im000039_00-54-45.jpg"", ""inaction/(2)/im000127_00-54-52.jpg"", ""inaction/(2)/im000160_00-54-55.jpg""]","[23, 9, 40, 33, 62, 11, 17, 50]",inaction/(2),66,,,,shuffled,20260602.0
inaction/(2)::inaction_skip_shuffle:seed20260602:sample13,inaction,inaction/(2),inaction_skip_shuffle_13,inaction_skip_shuffle,8,"[""inaction/(2)/im000276_00-55-05.jpg"", ""inaction/(2)/im000161_00-54-55.jpg"", ""inaction/(2)/im000033_00-54-45.jpg"", ""inaction/(2)/im000041_00-54-45.jpg"", ""inaction/(2)/im000042_00-54-45.jpg"", ""inaction/(2)/im000282_00-55-05.jpg"", ""inaction/(2)/im000040_00-54-45.jpg"", ""inaction/(2)/im000142_00-54-54.jpg""]","[59, 51, 5, 13, 14, 65, 12, 32]",inaction/(2),66,,,,shuffled,20260602.0
inaction/(2)::inaction_skip_shuffle:seed20260602:sample14,inaction,inaction/(2),inaction_skip_shuffle_14,inaction_skip_shuffle,8,"[""inaction/(2)/im000036_00-54-45.jpg"", ""inaction/(2)/im000137_00-54-53.jpg"", ""inaction/(2)/im000037_00-54-45.jpg"", ""inaction/(2)/im000024_00-54-44.jpg"", ""inaction/(2)/im000041_00-54-45.jpg"", ""inaction/(2)/im000144_00-54-54.jpg"", ""inaction/(2)/im000153_00-54-55.jpg"", ""inaction/(2)/im000141_00-54-54.jpg""]","[8, 27, 9, 0, 13, 34, 43, 31]",inaction/(2),66,,,,shuffled,20260602.0
inaction/(2)::inaction_skip_shuffle:seed20260602:sample15,inaction,inaction/(2),inaction_skip_shuffle_15,inaction_skip_shuffle,8,"[""inaction/(2)/im000131_00-54-53.jpg"", ""inaction/(2)/im000165_00-54-56.jpg"", ""inaction/(2)/im000036_00-54-45.jpg"", ""inaction/(2)/im000140_00-54-53.jpg"", ""inaction/(2)/im000145_00-54-54.jpg"", ""inaction/(2)/im000151_00-54-54.jpg"", ""inaction/(2)/im000024_00-54-44.jpg"", ""inaction/(2)/im000277_00-55-05.jpg""]","[21, 55, 8, 30, 35, 41, 0, 60]",inaction/(2),66,,,,shuffled,20260602.0
inaction/(2)::inaction_skip_shuffle:seed20260602:sample16,inaction,inaction/(2),inaction_skip_shuffle_16,inaction_skip_shuffle,8,"[""inaction/(2)/im000156_00-54-55.jpg"", ""inaction/(2)/im000126_00-54-52.jpg"", ""inaction/(2)/im000147_00-54-54.jpg"", ""inaction/(2)/im000157_00-54-55.jpg"", ""inaction/(2)/im000040_00-54-45.jpg"", ""inaction/(2)/im000149_00-54-54.jpg"", ""inaction/(2)/im000275_00-55-05.jpg"", ""inaction/(2)/im000036_00-54-45.jpg""]","[46, 16, 37, 47, 12, 39, 58, 8]",inaction/(2),66,,,,shuffled,20260602.0
inaction/(2)::inaction_skip_shuffle:seed20260602:sample17,inaction,inaction/(2),inaction_skip_shuffle_17,inaction_skip_shuffle,8,"[""inaction/(2)/im000040_00-54-45.jpg"", ""inaction/(2)/im000165_00-54-56.jpg"", ""inaction/(2)/im000146_00-54-54.jpg"", ""inaction/(2)/im000275_00-55-05.jpg"", ""inaction/(2)/im000160_00-54-55.jpg"", ""inaction/(2)/im000126_00-54-52.jpg"", ""inaction/(2)/im000153_00-54-55.jpg"", ""inaction/(2)/im000141_00-54-54.jpg""]","[12, 55, 36, 58, 50, 16, 43, 31]",inaction/(2),66,,,,shuffled,20260602.0
inaction/(2)::inaction_skip_shuffle:seed20260602:sample18,inaction,inaction/(2),inaction_skip_shuffle_18,inaction_skip_shuffle,8,"[""inaction/(2)/im000155_00-54-55.jpg"", ""inaction/(2)/im000033_00-54-45.jpg"", ""inaction/(2)/im000156_00-54-55.jpg"", ""inaction/(2)/im000042_00-54-45.jpg"", ""inaction/(2)/im000153_00-54-55.jpg"", ""inaction/(2)/im000164_00-54-55.jpg"", ""inaction/(2)/im000141_00-54-54.jpg"", ""inaction/(2)/im000130_00-54-53.jpg""]","[45, 5, 46, 14, 43, 54, 31, 20]",inaction/(2),66,,,,shuffled,20260602.0
inaction/(2)::inaction_skip_shuffle:seed20260602:sample19,inaction,inaction/(2),inaction_skip_shuffle_19,inaction_skip_shuffle,8,"[""inaction/(2)/im000135_00-54-53.jpg"", ""inaction/(2)/im000025_00-54-44.jpg"", ""inaction/(2)/im000145_00-54-54.jpg"", ""inaction/(2)/im000034_00-54-45.jpg"", ""inaction/(2)/im000162_00-54-55.jpg"", ""inaction/(2)/im000277_00-55-05.jpg"", ""inaction/(2)/im000161_00-54-55.jpg"", ""inaction/(2)/im000275_00-55-05.jpg""]","[25, 1, 35, 6, 52, 60, 51, 58]",inaction/(2),66,,,,shuffled,20260602.0
inaction/(2)::inaction_skip_shuffle:seed20260602:sample20,inaction,inaction/(2),inaction_skip_shuffle_20,inaction_skip_shuffle,8,"[""inaction/(2)/im000159_00-54-55.jpg"", ""inaction/(2)/im000157_00-54-55.jpg"", ""inaction/(2)/im000143_00-54-54.jpg"", ""inaction/(2)/im000148_00-54-54.jpg"", ""inaction/(2)/im000130_00-54-53.jpg"", ""inaction/(2)/im000039_00-54-45.jpg"", ""inaction/(2)/im000132_00-54-53.jpg"", ""inaction/(2)/im000146_00-54-54.jpg""]","[49, 47, 33, 38, 20, 11, 22, 36]",inaction/(2),66,,,,shuffled,20260602.0
inaction/(2)::inaction_skip_shuffle:seed20260602:sample21,inaction,inaction/(2),inaction_skip_shuffle_21,inaction_skip_shuffle,8,"[""inaction/(2)/im000159_00-54-55.jpg"", ""inaction/(2)/im000137_00-54-53.jpg"", ""inaction/(2)/im000282_00-55-05.jpg"", ""inaction/(2)/im000151_00-54-54.jpg"", ""inaction/(2)/im000154_00-54-55.jpg"", ""inaction/(2)/im000145_00-54-54.jpg"", ""inaction/(2)/im000160_00-54-55.jpg"", ""inaction/(2)/im000150_00-54-54.jpg""]","[49, 27, 65, 41, 44, 35, 50, 40]",inaction/(2),66,,,,shuffled,20260602.0
inaction/(2)::inaction_skip_shuffle:seed20260602:sample22,inaction,inaction/(2),inaction_skip_shuffle_22,inaction_skip_shuffle,8,"[""inaction/(2)/im000162_00-54-55.jpg"", ""inaction/(2)/im000159_00-54-55.jpg"", ""inaction/(2)/im000164_00-54-55.jpg"", ""inaction/(2)/im000166_00-54-56.jpg"", ""inaction/(2)/im000145_00-54-54.jpg"", ""inaction/(2)/im000146_00-54-54.jpg"", ""inaction/(2)/im000275_00-55-05.jpg"", ""inaction/(2)/im000128_00-54-52.jpg""]","[52, 49, 54, 56, 35, 36, 58, 18]",inaction/(2),66,,,,shuffled,20260602.0
inaction/(2)::inaction_skip_shuffle:seed20260602:sample23,inaction,inaction/(2),inaction_skip_shuffle_23,inaction_skip_shuffle,8,"[""inaction/(2)/im000134_00-54-53.jpg"", ""inaction/(2)/im000130_00-54-53.jpg"", ""inaction/(2)/im000144_00-54-54.jpg"", ""inaction/(2)/im000142_00-54-54.jpg"", ""inaction/(2)/im000037_00-54-45.jpg"", ""inaction/(2)/im000033_00-54-45.jpg"", ""inaction/(2)/im000152_00-54-54.jpg"", ""inaction/(2)/im000274_00-55-05.jpg""]","[24, 20, 34, 32, 9, 5, 42, 57]",inaction/(2),66,,,,shuffled,20260602.0
inaction/tr_00012321::inaction_skip_shuffle:seed20260602:sample0,inaction,inaction/tr_00012321,inaction_skip_shuffle_0,inaction_skip_shuffle,8,"[""inaction/tr_00012321/im_01-31-55_185.jpg"", ""inaction/tr_00012321/im_01-31-55_192.jpg"", ""inaction/tr_00012321/im_01-31-57_235.jpg"", ""inaction/tr_00012321/im_01-31-57_230.jpg"", ""inaction/tr_00012321/im_01-31-54_169.jpg"", ""inaction/tr_00012321/im_01-31-56_217.jpg"", ""inaction/tr_00012321/im_01-31-56_226.jpg"", ""inaction/tr_00012321/im_01-31-56_225.jpg""]","[69, 76, 119, 114, 53, 101, 110, 109]",inaction/tr_00012321,120,,,,shuffled,20260602.0
inaction/tr_00012321::inaction_skip_shuffle:seed20260602:sample1,inaction,inaction/tr_00012321,inaction_skip_shuffle_1,inaction_skip_shuffle,8,"[""inaction/tr_00012321/im_01-31-56_218.jpg"", ""inaction/tr_00012321/im_01-31-53_129.jpg"", ""inaction/tr_00012321/im_01-31-55_174.jpg"", ""inaction/tr_00012321/im_01-31-56_203.jpg"", ""inaction/tr_00012321/im_01-31-54_156.jpg"", ""inaction/tr_00012321/im_01-31-55_185.jpg"", ""inaction/tr_00012321/im_01-31-53_125.jpg"", ""inaction/tr_00012321/im_01-31-53_133.jpg""]","[102, 13, 58, 87, 40, 69, 9, 17]",inaction/tr_00012321,120,,,,shuffled,20260602.0
inaction/tr_00012321::inaction_skip_shuffle:seed20260602:sample2,inaction,inaction/tr_00012321,inaction_skip_shuffle_2,inaction_skip_shuffle,8,"[""inaction/tr_00012321/im_01-31-56_207.jpg"", ""inaction/tr_00012321/im_01-31-55_187.jpg"", ""inaction/tr_00012321/im_01-31-54_142.jpg"", ""inaction/tr_00012321/im_01-31-53_118.jpg"", ""inaction/tr_00012321/im_01-31-56_226.jpg"", ""inaction/tr_00012321/im_01-31-56_214.jpg"", ""inaction/tr_00012321/im_01-31-53_134.jpg"", ""inaction/tr_00012321/im_01-31-57_230.jpg""]","[91, 71, 26, 2, 110, 98, 18, 114]",inaction/tr_00012321,120,,,,shuffled,20260602.0
inaction/tr_00012321::inaction_skip_shuffle:seed20260602:sample3,inaction,inaction/tr_00012321,inaction_skip_shuffle_3,inaction_skip_shuffle,8,"[""inaction/tr_00012321/im_01-31-57_233.jpg"", ""inaction/tr_00012321/im_01-31-56_221.jpg"", ""inaction/tr_00012321/im_01-31-55_181.jpg"", ""inaction/tr_00012321/im_01-31-55_183.jpg"", ""inaction/tr_00012321/im_01-31-54_168.jpg"", ""inaction/tr_00012321/im_01-31-56_216.jpg"", ""inaction/tr_00012321/im_01-31-55_189.jpg"", ""inaction/tr_00012321/im_01-31-53_141.jpg""]","[117, 105, 65, 67, 52, 100, 73, 25]",inaction/tr_00012321,120,,,,shuffled,20260602.0
inaction/tr_00012321::inaction_skip_shuffle:seed20260602:sample4,inaction,inaction/tr_00012321,inaction_skip_shuffle_4,inaction_skip_shuffle,8,"[""inaction/tr_00012321/im_01-31-56_213.jpg"", ""inaction/tr_00012321/im_01-31-54_152.jpg"", ""inaction/tr_00012321/im_01-31-55_199.jpg"", ""inaction/tr_00012321/im_01-31-54_167.jpg"", ""inaction/tr_00012321/im_01-31-56_227.jpg"", ""inaction/tr_00012321/im_01-31-53_121.jpg"", ""inaction/tr_00012321/im_01-31-54_145.jpg"", ""inaction/tr_00012321/im_01-31-54_165.jpg""]","[97, 36, 83, 51, 111, 5, 29, 49]",inaction/tr_00012321,120,,,,shuffled,20260602.0
inaction/tr_00012321::inaction_skip_shuffle:seed20260602:sample5,inaction,inaction/tr_00012321,inaction_skip_shuffle_5,inaction_skip_shuffle,8,"[""inaction/tr_00012321/im_01-31-54_169.jpg"", ""inaction/tr_00012321/im_01-31-54_144.jpg"", ""inaction/tr_00012321/im_01-31-54_171.jpg"", ""inaction/tr_00012321/im_01-31-54_153.jpg"", ""inaction/tr_00012321/im_01-31-55_197.jpg"", ""inaction/tr_00012321/im_01-31-55_193.jpg"", ""inaction/tr_00012321/im_01-31-53_125.jpg"", ""inaction/tr_00012321/im_01-31-54_166.jpg""]","[53, 28, 55, 37, 81, 77, 9, 50]",inaction/tr_00012321,120,,,,shuffled,20260602.0
inaction/tr_00012321::inaction_skip_shuffle:seed20260602:sample6,inaction,inaction/tr_00012321,inaction_skip_shuffle_6,inaction_skip_shuffle,8,"[""inaction/tr_00012321/im_01-31-53_141.jpg"", ""inaction/tr_00012321/im_01-31-54_169.jpg"", ""inaction/tr_00012321/im_01-31-55_185.jpg"", ""inaction/tr_00012321/im_01-31-54_164.jpg"", ""inaction/tr_00012321/im_01-31-53_119.jpg"", ""inaction/tr_00012321/im_01-31-55_174.jpg"", ""inaction/tr_00012321/im_01-31-57_230.jpg"", ""inaction/tr_00012321/im_01-31-54_150.jpg""]","[25, 53, 69, 48, 3, 58, 114, 34]",inaction/tr_00012321,120,,,,shuffled,20260602.0
inaction/tr_00012321::inaction_skip_shuffle:seed20260602:sample7,inaction,inaction/tr_00012321,inaction_skip_shuffle_7,inaction_skip_shuffle,8,"[""inaction/tr_00012321/im_01-31-54_154.jpg"", ""inaction/tr_00012321/im_01-31-56_220.jpg"", ""inaction/tr_00012321/im_01-31-55_178.jpg"", ""inaction/tr_00012321/im_01-31-56_213.jpg"", ""inaction/tr_00012321/im_01-31-54_142.jpg"", ""inaction/tr_00012321/im_01-31-54_144.jpg"", ""inaction/tr_00012321/im_01-31-53_122.jpg"", ""inaction/tr_00012321/im_01-31-56_222.jpg""]","[38, 104, 62, 97, 26, 28, 6, 106]",inaction/tr_00012321,120,,,,shuffled,20260602.0
inaction/tr_00012321::inaction_skip_shuffle:seed20260602:sample8,inaction,inaction/tr_00012321,inaction_skip_shuffle_8,inaction_skip_shuffle,8,"[""inaction/tr_00012321/im_01-31-56_220.jpg"", ""inaction/tr_00012321/im_01-31-53_130.jpg"", ""inaction/tr_00012321/im_01-31-56_218.jpg"", ""inaction/tr_00012321/im_01-31-55_193.jpg"", ""inaction/tr_00012321/im_01-31-57_235.jpg"", ""inaction/tr_00012321/im_01-31-56_205.jpg"", ""inaction/tr_00012321/im_01-31-54_169.jpg"", ""inaction/tr_00012321/im_01-31-55_177.jpg""]","[104, 14, 102, 77, 119, 89, 53, 61]",inaction/tr_00012321,120,,,,shuffled,20260602.0
inaction/tr_00012321::inaction_skip_shuffle:seed20260602:sample9,inaction,inaction/tr_00012321,inaction_skip_shuffle_9,inaction_skip_shuffle,8,"[""inaction/tr_00012321/im_01-31-53_141.jpg"", ""inaction/tr_00012321/im_01-31-56_216.jpg"", ""inaction/tr_00012321/im_01-31-55_193.jpg"", ""inaction/tr_00012321/im_01-31-54_148.jpg"", ""inaction/tr_00012321/im_01-31-56_212.jpg"", ""inaction/tr_00012321/im_01-31-56_205.jpg"", ""inaction/tr_00012321/im_01-31-55_174.jpg"", ""inaction/tr_00012321/im_01-31-54_160.jpg""]","[25, 100, 77, 32, 96, 89, 58, 44]",inaction/tr_00012321,120,,,,shuffled,20260602.0
inaction/tr_00012321::inaction_skip_shuffle:seed20260602:sample10,inaction,inaction/tr_00012321,inaction_skip_shuffle_10,inaction_skip_shuffle,8,"[""inaction/tr_00012321/im_01-31-55_183.jpg"", ""inaction/tr_00012321/im_01-31-53_126.jpg"", ""inaction/tr_00012321/im_01-31-56_215.jpg"", ""inaction/tr_00012321/im_01-31-54_152.jpg"", ""inaction/tr_00012321/im_01-31-56_213.jpg"", ""inaction/tr_00012321/im_01-31-56_205.jpg"", ""inaction/tr_00012321/im_01-31-54_164.jpg"", ""inaction/tr_00012321/im_01-31-55_200.jpg""]","[67, 10, 99, 36, 97, 89, 48, 84]",inaction/tr_00012321,120,,,,shuffled,20260602.0
inaction/tr_00012321::inaction_skip_shuffle:seed20260602:sample11,inaction,inaction/tr_00012321,inaction_skip_shuffle_11,inaction_skip_shuffle,8,"[""inaction/tr_00012321/im_01-31-55_188.jpg"", ""inaction/tr_00012321/im_01-31-53_124.jpg"", ""inaction/tr_00012321/im_01-31-55_180.jpg"", ""inaction/tr_00012321/im_01-31-56_207.jpg"", ""inaction/tr_00012321/im_01-31-56_214.jpg"", ""inaction/tr_00012321/im_01-31-57_231.jpg"", ""inaction/tr_00012321/im_01-31-54_143.jpg"", ""inaction/tr_00012321/im_01-31-56_208.jpg""]","[72, 8, 64, 91, 98, 115, 27, 92]",inaction/tr_00012321,120,,,,shuffled,20260602.0
inaction/tr_00012321::inaction_skip_shuffle:seed20260602:sample12,inaction,inaction/tr_00012321,inaction_skip_shuffle_12,inaction_skip_shuffle,8,"[""inaction/tr_00012321/im_01-31-56_207.jpg"", ""inaction/tr_00012321/im_01-31-55_175.jpg"", ""inaction/tr_00012321/im_01-31-56_203.jpg"", ""inaction/tr_00012321/im_01-31-53_119.jpg"", ""inaction/tr_00012321/im_01-31-56_218.jpg"", ""inaction/tr_00012321/im_01-31-55_198.jpg"", ""inaction/tr_00012321/im_01-31-56_223.jpg"", ""inaction/tr_00012321/im_01-31-53_122.jpg""]","[91, 59, 87, 3, 102, 82, 107, 6]",inaction/tr_00012321,120,,,,shuffled,20260602.0
inaction/tr_00012321::inaction_skip_shuffle:seed20260602:sample13,inaction,inaction/tr_00012321,inaction_skip_shuffle_13,inaction_skip_shuffle,8,"[""inaction/tr_00012321/im_01-31-54_144.jpg"", ""inaction/tr_00012321/im_01-31-55_198.jpg"", ""inaction/tr_00012321/im_01-31-55_180.jpg"", ""inaction/tr_00012321/im_01-31-57_235.jpg"", ""inaction/tr_00012321/im_01-31-53_140.jpg"", ""inaction/tr_00012321/im_01-31-56_205.jpg"", ""inaction/tr_00012321/im_01-31-56_218.jpg"", ""inaction/tr_00012321/im_01-31-53_117.jpg""]","[28, 82, 64, 119, 24, 89, 102, 1]",inaction/tr_00012321,120,,,,shuffled,20260602.0
inaction/tr_00012321::inaction_skip_shuffle:seed20260602:sample14,inaction,inaction/tr_00012321,inaction_skip_shuffle_14,inaction_skip_shuffle,8,"[""inaction/tr_00012321/im_01-31-53_119.jpg"", ""inaction/tr_00012321/im_01-31-53_139.jpg"", ""inaction/tr_00012321/im_01-31-56_225.jpg"", ""inaction/tr_00012321/im_01-31-55_174.jpg"", ""inaction/tr_00012321/im_01-31-53_140.jpg"", ""inaction/tr_00012321/im_01-31-56_205.jpg"", ""inaction/tr_00012321/im_01-31-56_217.jpg"", ""inaction/tr_00012321/im_01-31-56_207.jpg""]","[3, 23, 109, 58, 24, 89, 101, 91]",inaction/tr_00012321,120,,,,shuffled,20260602.0
inaction/tr_00012321::inaction_skip_shuffle:seed20260602:sample15,inaction,inaction/tr_00012321,inaction_skip_shuffle_15,inaction_skip_shuffle,8,"[""inaction/tr_00012321/im_01-31-56_212.jpg"", ""inaction/tr_00012321/im_01-31-53_136.jpg"", ""inaction/tr_00012321/im_01-31-55_178.jpg"", ""inaction/tr_00012321/im_01-31-53_125.jpg"", ""inaction/tr_00012321/im_01-31-54_165.jpg"", ""inaction/tr_00012321/im_01-31-53_120.jpg"", ""inaction/tr_00012321/im_01-31-56_214.jpg"", ""inaction/tr_00012321/im_01-31-53_133.jpg""]","[96, 20, 62, 9, 49, 4, 98, 17]",inaction/tr_00012321,120,,,,shuffled,20260602.0
inaction/tr_00012321::inaction_skip_shuffle:seed20260602:sample16,inaction,inaction/tr_00012321,inaction_skip_shuffle_16,inaction_skip_shuffle,8,"[""inaction/tr_00012321/im_01-31-53_122.jpg"", ""inaction/tr_00012321/im_01-31-55_201.jpg"", ""inaction/tr_00012321/im_01-31-55_176.jpg"", ""inaction/tr_00012321/im_01-31-57_234.jpg"", ""inaction/tr_00012321/im_01-31-53_130.jpg"", ""inaction/tr_00012321/im_01-31-54_158.jpg"", ""inaction/tr_00012321/im_01-31-55_194.jpg"", ""inaction/tr_00012321/im_01-31-53_119.jpg""]","[6, 85, 60, 118, 14, 42, 78, 3]",inaction/tr_00012321,120,,,,shuffled,20260602.0
inaction/tr_00012321::inaction_skip_shuffle:seed20260602:sample17,inaction,inaction/tr_00012321,inaction_skip_shuffle_17,inaction_skip_shuffle,8,"[""inaction/tr_00012321/im_01-31-55_189.jpg"", ""inaction/tr_00012321/im_01-31-55_183.jpg"", ""inaction/tr_00012321/im_01-31-56_214.jpg"", ""inaction/tr_00012321/im_01-31-55_198.jpg"", ""inaction/tr_00012321/im_01-31-54_159.jpg"", ""inaction/tr_00012321/im_01-31-53_133.jpg"", ""inaction/tr_00012321/im_01-31-55_177.jpg"", ""inaction/tr_00012321/im_01-31-54_153.jpg""]","[73, 67, 98, 82, 43, 17, 61, 37]",inaction/tr_00012321,120,,,,shuffled,20260602.0
inaction/tr_00012321::inaction_skip_shuffle:seed20260602:sample18,inaction,inaction/tr_00012321,inaction_skip_shuffle_18,inaction_skip_shuffle,8,"[""inaction/tr_00012321/im_01-31-56_227.jpg"", ""inaction/tr_00012321/im_01-31-53_125.jpg"", ""inaction/tr_00012321/im_01-31-54_150.jpg"", ""inaction/tr_00012321/im_01-31-56_212.jpg"", ""inaction/tr_00012321/im_01-31-53_121.jpg"", ""inaction/tr_00012321/im_01-31-56_213.jpg"", ""inaction/tr_00012321/im_01-31-56_211.jpg"", ""inaction/tr_00012321/im_01-31-55_186.jpg""]","[111, 9, 34, 96, 5, 97, 95, 70]",inaction/tr_00012321,120,,,,shuffled,20260602.0
inaction/tr_00012321::inaction_skip_shuffle:seed20260602:sample19,inaction,inaction/tr_00012321,inaction_skip_shuffle_19,inaction_skip_shuffle,8,"[""inaction/tr_00012321/im_01-31-55_184.jpg"", ""inaction/tr_00012321/im_01-31-54_158.jpg"", ""inaction/tr_00012321/im_01-31-54_143.jpg"", ""inaction/tr_00012321/im_01-31-54_169.jpg"", ""inaction/tr_00012321/im_01-31-55_189.jpg"", ""inaction/tr_00012321/im_01-31-53_139.jpg"", ""inaction/tr_00012321/im_01-31-56_227.jpg"", ""inaction/tr_00012321/im_01-31-54_170.jpg""]","[68, 42, 27, 53, 73, 23, 111, 54]",inaction/tr_00012321,120,,,,shuffled,20260602.0
inaction/tr_00012321::inaction_skip_shuffle:seed20260602:sample20,inaction,inaction/tr_00012321,inaction_skip_shuffle_20,inaction_skip_shuffle,8,"[""inaction/tr_00012321/im_01-31-56_215.jpg"", ""inaction/tr_00012321/im_01-31-56_205.jpg"", ""inaction/tr_00012321/im_01-31-55_187.jpg"", ""inaction/tr_00012321/im_01-31-55_199.jpg"", ""inaction/tr_00012321/im_01-31-54_168.jpg"", ""inaction/tr_00012321/im_01-31-55_189.jpg"", ""inaction/tr_00012321/im_01-31-56_216.jpg"", ""inaction/tr_00012321/im_01-31-55_172.jpg""]","[99, 89, 71, 83, 52, 73, 100, 56]",inaction/tr_00012321,120,,,,shuffled,20260602.0
inaction/tr_00012321::inaction_skip_shuffle:seed20260602:sample21,inaction,inaction/tr_00012321,inaction_skip_shuffle_21,inaction_skip_shuffle,8,"[""inaction/tr_00012321/im_01-31-53_117.jpg"", ""inaction/tr_00012321/im_01-31-53_134.jpg"", ""inaction/tr_00012321/im_01-31-55_191.jpg"", ""inaction/tr_00012321/im_01-31-55_195.jpg"", ""inaction/tr_00012321/im_01-31-54_142.jpg"", ""inaction/tr_00012321/im_01-31-54_155.jpg"", ""inaction/tr_00012321/im_01-31-54_149.jpg"", ""inaction/tr_00012321/im_01-31-53_139.jpg""]","[1, 18, 75, 79, 26, 39, 33, 23]",inaction/tr_00012321,120,,,,shuffled,20260602.0
inaction/tr_00012321::inaction_skip_shuffle:seed20260602:sample22,inaction,inaction/tr_00012321,inaction_skip_shuffle_22,inaction_skip_shuffle,8,"[""inaction/tr_00012321/im_01-31-55_188.jpg"", ""inaction/tr_00012321/im_01-31-54_164.jpg"", ""inaction/tr_00012321/im_01-31-53_127.jpg"", ""inaction/tr_00012321/im_01-31-53_128.jpg"", ""inaction/tr_00012321/im_01-31-55_199.jpg"", ""inaction/tr_00012321/im_01-31-53_133.jpg"", ""inaction/tr_00012321/im_01-31-57_232.jpg"", ""inaction/tr_00012321/im_01-31-53_139.jpg""]","[72, 48, 11, 12, 83, 17, 116, 23]",inaction/tr_00012321,120,,,,shuffled,20260602.0
inaction/tr_00012321::inaction_skip_shuffle:seed20260602:sample23,inaction,inaction/tr_00012321,inaction_skip_shuffle_23,inaction_skip_shuffle,8,"[""inaction/tr_00012321/im_01-31-56_220.jpg"", ""inaction/tr_00012321/im_01-31-55_172.jpg"", ""inaction/tr_00012321/im_01-31-57_232.jpg"", ""inaction/tr_00012321/im_01-31-56_213.jpg"", ""inaction/tr_00012321/im_01-31-56_226.jpg"", ""inaction/tr_00012321/im_01-31-53_134.jpg"", ""inaction/tr_00012321/im_01-31-53_128.jpg"", ""inaction/tr_00012321/im_01-31-56_227.jpg""]","[104, 56, 116, 97, 110, 18, 12, 111]",inaction/tr_00012321,120,,,,shuffled,20260602.0
inaction/tr_004_1::inaction_skip_shuffle:seed20260602:sample0,inaction,inaction/tr_004_1,inaction_skip_shuffle_0,inaction_skip_shuffle,8,"[""inaction/tr_004_1/im_01-33-56_288.jpg"", ""inaction/tr_004_1/im_01-33-56_285.jpg"", ""inaction/tr_004_1/im_01-33-56_290.jpg"", ""inaction/tr_004_1/im_01-33-56_294.jpg"", ""inaction/tr_004_1/im_01-33-56_286.jpg"", ""inaction/tr_004_1/im_01-33-56_293.jpg"", ""inaction/tr_004_1/im_01-33-56_296.jpg"", ""inaction/tr_004_1/im_01-33-56_297.jpg""]","[5, 2, 7, 11, 3, 10, 13, 14]",inaction/tr_004_1,18,,,,shuffled,20260602.0
inaction/tr_004_1::inaction_skip_shuffle:seed20260602:sample1,inaction,inaction/tr_004_1,inaction_skip_shuffle_1,inaction_skip_shuffle,8,"[""inaction/tr_004_1/im_01-33-56_290.jpg"", ""inaction/tr_004_1/im_01-33-56_286.jpg"", ""inaction/tr_004_1/im_01-33-56_294.jpg"", ""inaction/tr_004_1/im_01-33-56_288.jpg"", ""inaction/tr_004_1/im_01-33-56_293.jpg"", ""inaction/tr_004_1/im_01-33-56_285.jpg"", ""inaction/tr_004_1/im_01-33-56_298.jpg"", ""inaction/tr_004_1/im_01-33-56_300.jpg""]","[7, 3, 11, 5, 10, 2, 15, 17]",inaction/tr_004_1,18,,,,shuffled,20260602.0
inaction/tr_004_1::inaction_skip_shuffle:seed20260602:sample2,inaction,inaction/tr_004_1,inaction_skip_shuffle_2,inaction_skip_shuffle,8,"[""inaction/tr_004_1/im_01-33-56_292.jpg"", ""inaction/tr_004_1/im_01-33-56_295.jpg"", ""inaction/tr_004_1/im_01-33-56_291.jpg"", ""inaction/tr_004_1/im_01-33-56_300.jpg"", ""inaction/tr_004_1/im_01-33-56_296.jpg"", ""inaction/tr_004_1/im_01-33-56_288.jpg"", ""inaction/tr_004_1/im_01-33-56_297.jpg"", ""inaction/tr_004_1/im_01-33-56_298.jpg""]","[9, 12, 8, 17, 13, 5, 14, 15]",inaction/tr_004_1,18,,,,shuffled,20260602.0
inaction/tr_004_1::inaction_skip_shuffle:seed20260602:sample3,inaction,inaction/tr_004_1,inaction_skip_shuffle_3,inaction_skip_shuffle,8,"[""inaction/tr_004_1/im_01-33-56_288.jpg"", ""inaction/tr_004_1/im_01-33-56_293.jpg"", ""inaction/tr_004_1/im_01-33-56_289.jpg"", ""inaction/tr_004_1/im_01-33-56_286.jpg"", ""inaction/tr_004_1/im_01-33-56_290.jpg"", ""inaction/tr_004_1/im_01-33-56_298.jpg"", ""inaction/tr_004_1/im_01-33-56_287.jpg"", ""inaction/tr_004_1/im_01-33-56_297.jpg""]","[5, 10, 6, 3, 7, 15, 4, 14]",inaction/tr_004_1,18,,,,shuffled,20260602.0
inaction/tr_004_1::inaction_skip_shuffle:seed20260602:sample4,inaction,inaction/tr_004_1,inaction_skip_shuffle_4,inaction_skip_shuffle,8,"[""inaction/tr_004_1/im_01-33-56_285.jpg"", ""inaction/tr_004_1/im_01-33-56_300.jpg"", ""inaction/tr_004_1/im_01-33-56_289.jpg"", ""inaction/tr_004_1/im_01-33-56_293.jpg"", ""inaction/tr_004_1/im_01-33-56_295.jpg"", ""inaction/tr_004_1/im_01-33-56_297.jpg"", ""inaction/tr_004_1/im_01-33-56_288.jpg"", ""inaction/tr_004_1/im_01-33-56_291.jpg""]","[2, 17, 6, 10, 12, 14, 5, 8]",inaction/tr_004_1,18,,,,shuffled,20260602.0
inaction/tr_004_1::inaction_skip_shuffle:seed20260602:sample5,inaction,inaction/tr_004_1,inaction_skip_shuffle_5,inaction_skip_shuffle,8,"[""inaction/tr_004_1/im_01-33-56_286.jpg"", ""inaction/tr_004_1/im_01-33-56_292.jpg"", ""inaction/tr_004_1/im_01-33-56_288.jpg"", ""inaction/tr_004_1/im_01-33-56_284.jpg"", ""inaction/tr_004_1/im_01-33-56_291.jpg"", ""inaction/tr_004_1/im_01-33-56_299.jpg"", ""inaction/tr_004_1/im_01-33-56_285.jpg"", ""inaction/tr_004_1/im_01-33-56_295.jpg""]","[3, 9, 5, 1, 8, 16, 2, 12]",inaction/tr_004_1,18,,,,shuffled,20260602.0
inaction/tr_004_1::inaction_skip_shuffle:seed20260602:sample6,inaction,inaction/tr_004_1,inaction_skip_shuffle_6,inaction_skip_shuffle,8,"[""inaction/tr_004_1/im_01-33-56_300.jpg"", ""inaction/tr_004_1/im_01-33-56_288.jpg"", ""inaction/tr_004_1/im_01-33-56_296.jpg"", ""inaction/tr_004_1/im_01-33-56_293.jpg"", ""inaction/tr_004_1/im_01-33-56_289.jpg"", ""inaction/tr_004_1/im_01-33-56_294.jpg"", ""inaction/tr_004_1/im_01-33-56_298.jpg"", ""inaction/tr_004_1/im_01-33-56_291.jpg""]","[17, 5, 13, 10, 6, 11, 15, 8]",inaction/tr_004_1,18,,,,shuffled,20260602.0
inaction/tr_004_1::inaction_skip_shuffle:seed20260602:sample7,inaction,inaction/tr_004_1,inaction_skip_shuffle_7,inaction_skip_shuffle,8,"[""inaction/tr_004_1/im_01-33-56_292.jpg"", ""inaction/tr_004_1/im_01-33-56_294.jpg"", ""inaction/tr_004_1/im_01-33-56_283.jpg"", ""inaction/tr_004_1/im_01-33-56_286.jpg"", ""inaction/tr_004_1/im_01-33-56_293.jpg"", ""inaction/tr_004_1/im_01-33-56_291.jpg"", ""inaction/tr_004_1/im_01-33-56_296.jpg"", ""inaction/tr_004_1/im_01-33-56_289.jpg""]","[9, 11, 0, 3, 10, 8, 13, 6]",inaction/tr_004_1,18,,,,shuffled,20260602.0
inaction/tr_004_1::inaction_skip_shuffle:seed20260602:sample8,inaction,inaction/tr_004_1,inaction_skip_shuffle_8,inaction_skip_shuffle,8,"[""inaction/tr_004_1/im_01-33-56_296.jpg"", ""inaction/tr_004_1/im_01-33-56_290.jpg"", ""inaction/tr_004_1/im_01-33-56_294.jpg"", ""inaction/tr_004_1/im_01-33-56_298.jpg"", ""inaction/tr_004_1/im_01-33-56_285.jpg"", ""inaction/tr_004_1/im_01-33-56_287.jpg"", ""inaction/tr_004_1/im_01-33-56_288.jpg"", ""inaction/tr_004_1/im_01-33-56_293.jpg""]","[13, 7, 11, 15, 2, 4, 5, 10]",inaction/tr_004_1,18,,,,shuffled,20260602.0
inaction/tr_004_1::inaction_skip_shuffle:seed20260602:sample9,inaction,inaction/tr_004_1,inaction_skip_shuffle_9,inaction_skip_shuffle,8,"[""inaction/tr_004_1/im_01-33-56_299.jpg"", ""inaction/tr_004_1/im_01-33-56_300.jpg"", ""inaction/tr_004_1/im_01-33-56_292.jpg"", ""inaction/tr_004_1/im_01-33-56_283.jpg"", ""inaction/tr_004_1/im_01-33-56_295.jpg"", ""inaction/tr_004_1/im_01-33-56_287.jpg"", ""inaction/tr_004_1/im_01-33-56_298.jpg"", ""inaction/tr_004_1/im_01-33-56_285.jpg""]","[16, 17, 9, 0, 12, 4, 15, 2]",inaction/tr_004_1,18,,,,shuffled,20260602.0
inaction/tr_004_1::inaction_skip_shuffle:seed20260602:sample10,inaction,inaction/tr_004_1,inaction_skip_shuffle_10,inaction_skip_shuffle,8,"[""inaction/tr_004_1/im_01-33-56_285.jpg"", ""inaction/tr_004_1/im_01-33-56_293.jpg"", ""inaction/tr_004_1/im_01-33-56_291.jpg"", ""inaction/tr_004_1/im_01-33-56_290.jpg"", ""inaction/tr_004_1/im_01-33-56_299.jpg"", ""inaction/tr_004_1/im_01-33-56_284.jpg"", ""inaction/tr_004_1/im_01-33-56_295.jpg"", ""inaction/tr_004_1/im_01-33-56_289.jpg""]","[2, 10, 8, 7, 16, 1, 12, 6]",inaction/tr_004_1,18,,,,shuffled,20260602.0
inaction/tr_004_1::inaction_skip_shuffle:seed20260602:sample11,inaction,inaction/tr_004_1,inaction_skip_shuffle_11,inaction_skip_shuffle,8,"[""inaction/tr_004_1/im_01-33-56_285.jpg"", ""inaction/tr_004_1/im_01-33-56_296.jpg"", ""inaction/tr_004_1/im_01-33-56_299.jpg"", ""inaction/tr_004_1/im_01-33-56_288.jpg"", ""inaction/tr_004_1/im_01-33-56_289.jpg"", ""inaction/tr_004_1/im_01-33-56_284.jpg"", ""inaction/tr_004_1/im_01-33-56_286.jpg"", ""inaction/tr_004_1/im_01-33-56_298.jpg""]","[2, 13, 16, 5, 6, 1, 3, 15]",inaction/tr_004_1,18,,,,shuffled,20260602.0
inaction/tr_004_1::inaction_skip_shuffle:seed20260602:sample12,inaction,inaction/tr_004_1,inaction_skip_shuffle_12,inaction_skip_shuffle,8,"[""inaction/tr_004_1/im_01-33-56_298.jpg"", ""inaction/tr_004_1/im_01-33-56_296.jpg"", ""inaction/tr_004_1/im_01-33-56_286.jpg"", ""inaction/tr_004_1/im_01-33-56_293.jpg"", ""inaction/tr_004_1/im_01-33-56_290.jpg"", ""inaction/tr_004_1/im_01-33-56_289.jpg"", ""inaction/tr_004_1/im_01-33-56_284.jpg"", ""inaction/tr_004_1/im_01-33-56_288.jpg""]","[15, 13, 3, 10, 7, 6, 1, 5]",inaction/tr_004_1,18,,,,shuffled,20260602.0
inaction/tr_004_1::inaction_skip_shuffle:seed20260602:sample13,inaction,inaction/tr_004_1,inaction_skip_shuffle_13,inaction_skip_shuffle,8,"[""inaction/tr_004_1/im_01-33-56_295.jpg"", ""inaction/tr_004_1/im_01-33-56_294.jpg"", ""inaction/tr_004_1/im_01-33-56_285.jpg"", ""inaction/tr_004_1/im_01-33-56_293.jpg"", ""inaction/tr_004_1/im_01-33-56_299.jpg"", ""inaction/tr_004_1/im_01-33-56_300.jpg"", ""inaction/tr_004_1/im_01-33-56_296.jpg"", ""inaction/tr_004_1/im_01-33-56_287.jpg""]","[12, 11, 2, 10, 16, 17, 13, 4]",inaction/tr_004_1,18,,,,shuffled,20260602.0
inaction/tr_004_1::inaction_skip_shuffle:seed20260602:sample14,inaction,inaction/tr_004_1,inaction_skip_shuffle_14,inaction_skip_shuffle,8,"[""inaction/tr_004_1/im_01-33-56_292.jpg"", ""inaction/tr_004_1/im_01-33-56_287.jpg"", ""inaction/tr_004_1/im_01-33-56_294.jpg"", ""inaction/tr_004_1/im_01-33-56_295.jpg"", ""inaction/tr_004_1/im_01-33-56_300.jpg"", ""inaction/tr_004_1/im_01-33-56_293.jpg"", ""inaction/tr_004_1/im_01-33-56_283.jpg"", ""inaction/tr_004_1/im_01-33-56_299.jpg""]","[9, 4, 11, 12, 17, 10, 0, 16]",inaction/tr_004_1,18,,,,shuffled,20260602.0
inaction/tr_004_1::inaction_skip_shuffle:seed20260602:sample15,inaction,inaction/tr_004_1,inaction_skip_shuffle_15,inaction_skip_shuffle,8,"[""inaction/tr_004_1/im_01-33-56_294.jpg"", ""inaction/tr_004_1/im_01-33-56_284.jpg"", ""inaction/tr_004_1/im_01-33-56_285.jpg"", ""inaction/tr_004_1/im_01-33-56_299.jpg"", ""inaction/tr_004_1/im_01-33-56_297.jpg"", ""inaction/tr_004_1/im_01-33-56_286.jpg"", ""inaction/tr_004_1/im_01-33-56_292.jpg"", ""inaction/tr_004_1/im_01-33-56_293.jpg""]","[11, 1, 2, 16, 14, 3, 9, 10]",inaction/tr_004_1,18,,,,shuffled,20260602.0
inaction/tr_004_1::inaction_skip_shuffle:seed20260602:sample16,inaction,inaction/tr_004_1,inaction_skip_shuffle_16,inaction_skip_shuffle,8,"[""inaction/tr_004_1/im_01-33-56_295.jpg"", ""inaction/tr_004_1/im_01-33-56_293.jpg"", ""inaction/tr_004_1/im_01-33-56_294.jpg"", ""inaction/tr_004_1/im_01-33-56_292.jpg"", ""inaction/tr_004_1/im_01-33-56_283.jpg"", ""inaction/tr_004_1/im_01-33-56_299.jpg"", ""inaction/tr_004_1/im_01-33-56_286.jpg"", ""inaction/tr_004_1/im_01-33-56_285.jpg""]","[12, 10, 11, 9, 0, 16, 3, 2]",inaction/tr_004_1,18,,,,shuffled,20260602.0
inaction/tr_004_1::inaction_skip_shuffle:seed20260602:sample17,inaction,inaction/tr_004_1,inaction_skip_shuffle_17,inaction_skip_shuffle,8,"[""inaction/tr_004_1/im_01-33-56_298.jpg"", ""inaction/tr_004_1/im_01-33-56_295.jpg"", ""inaction/tr_004_1/im_01-33-56_284.jpg"", ""inaction/tr_004_1/im_01-33-56_285.jpg"", ""inaction/tr_004_1/im_01-33-56_290.jpg"", ""inaction/tr_004_1/im_01-33-56_287.jpg"", ""inaction/tr_004_1/im_01-33-56_283.jpg"", ""inaction/tr_004_1/im_01-33-56_286.jpg""]","[15, 12, 1, 2, 7, 4, 0, 3]",inaction/tr_004_1,18,,,,shuffled,20260602.0
inaction/tr_004_1::inaction_skip_shuffle:seed20260602:sample18,inaction,inaction/tr_004_1,inaction_skip_shuffle_18,inaction_skip_shuffle,8,"[""inaction/tr_004_1/im_01-33-56_285.jpg"", ""inaction/tr_004_1/im_01-33-56_297.jpg"", ""inaction/tr_004_1/im_01-33-56_299.jpg"", ""inaction/tr_004_1/im_01-33-56_287.jpg"", ""inaction/tr_004_1/im_01-33-56_295.jpg"", ""inaction/tr_004_1/im_01-33-56_286.jpg"", ""inaction/tr_004_1/im_01-33-56_291.jpg"", ""inaction/tr_004_1/im_01-33-56_294.jpg""]","[2, 14, 16, 4, 12, 3, 8, 11]",inaction/tr_004_1,18,,,,shuffled,20260602.0
inaction/tr_004_1::inaction_skip_shuffle:seed20260602:sample19,inaction,inaction/tr_004_1,inaction_skip_shuffle_19,inaction_skip_shuffle,8,"[""inaction/tr_004_1/im_01-33-56_293.jpg"", ""inaction/tr_004_1/im_01-33-56_300.jpg"", ""inaction/tr_004_1/im_01-33-56_285.jpg"", ""inaction/tr_004_1/im_01-33-56_289.jpg"", ""inaction/tr_004_1/im_01-33-56_286.jpg"", ""inaction/tr_004_1/im_01-33-56_296.jpg"", ""inaction/tr_004_1/im_01-33-56_288.jpg"", ""inaction/tr_004_1/im_01-33-56_294.jpg""]","[10, 17, 2, 6, 3, 13, 5, 11]",inaction/tr_004_1,18,,,,shuffled,20260602.0
inaction/tr_004_1::inaction_skip_shuffle:seed20260602:sample20,inaction,inaction/tr_004_1,inaction_skip_shuffle_20,inaction_skip_shuffle,8,"[""inaction/tr_004_1/im_01-33-56_293.jpg"", ""inaction/tr_004_1/im_01-33-56_291.jpg"", ""inaction/tr_004_1/im_01-33-56_285.jpg"", ""inaction/tr_004_1/im_01-33-56_299.jpg"", ""inaction/tr_004_1/im_01-33-56_290.jpg"", ""inaction/tr_004_1/im_01-33-56_297.jpg"", ""inaction/tr_004_1/im_01-33-56_284.jpg"", ""inaction/tr_004_1/im_01-33-56_287.jpg""]","[10, 8, 2, 16, 7, 14, 1, 4]",inaction/tr_004_1,18,,,,shuffled,20260602.0
inaction/tr_004_1::inaction_skip_shuffle:seed20260602:sample21,inaction,inaction/tr_004_1,inaction_skip_shuffle_21,inaction_skip_shuffle,8,"[""inaction/tr_004_1/im_01-33-56_287.jpg"", ""inaction/tr_004_1/im_01-33-56_297.jpg"", ""inaction/tr_004_1/im_01-33-56_290.jpg"", ""inaction/tr_004_1/im_01-33-56_300.jpg"", ""inaction/tr_004_1/im_01-33-56_295.jpg"", ""inaction/tr_004_1/im_01-33-56_288.jpg"", ""inaction/tr_004_1/im_01-33-56_298.jpg"", ""inaction/tr_004_1/im_01-33-56_294.jpg""]","[4, 14, 7, 17, 12, 5, 15, 11]",inaction/tr_004_1,18,,,,shuffled,20260602.0
inaction/tr_004_1::inaction_skip_shuffle:seed20260602:sample22,inaction,inaction/tr_004_1,inaction_skip_shuffle_22,inaction_skip_shuffle,8,"[""inaction/tr_004_1/im_01-33-56_285.jpg"", ""inaction/tr_004_1/im_01-33-56_292.jpg"", ""inaction/tr_004_1/im_01-33-56_289.jpg"", ""inaction/tr_004_1/im_01-33-56_291.jpg"", ""inaction/tr_004_1/im_01-33-56_299.jpg"", ""inaction/tr_004_1/im_01-33-56_283.jpg"", ""inaction/tr_004_1/im_01-33-56_293.jpg"", ""inaction/tr_004_1/im_01-33-56_286.jpg""]","[2, 9, 6, 8, 16, 0, 10, 3]",inaction/tr_004_1,18,,,,shuffled,20260602.0
inaction/tr_004_1::inaction_skip_shuffle:seed20260602:sample23,inaction,inaction/tr_004_1,inaction_skip_shuffle_23,inaction_skip_shuffle,8,"[""inaction/tr_004_1/im_01-33-56_296.jpg"", ""inaction/tr_004_1/im_01-33-56_287.jpg"", ""inaction/tr_004_1/im_01-33-56_299.jpg"", ""inaction/tr_004_1/im_01-33-56_297.jpg"", ""inaction/tr_004_1/im_01-33-56_298.jpg"", ""inaction/tr_004_1/im_01-33-56_294.jpg"", ""inaction/tr_004_1/im_01-33-56_289.jpg"", ""inaction/tr_004_1/im_01-33-56_288.jpg""]","[13, 4, 16, 14, 15, 11, 6, 5]",inaction/tr_004_1,18,,,,shuffled,20260602.0
inaction/tr_21312312::inaction_skip_shuffle:seed20260602:sample0,inaction,inaction/tr_21312312,inaction_skip_shuffle_0,inaction_skip_shuffle,8,"[""inaction/tr_21312312/im000353_00-26-00.jpg"", ""inaction/tr_21312312/im000408_00-26-05.jpg"", ""inaction/tr_21312312/im000133_00-25-41.jpg"", ""inaction/tr_21312312/im000473_00-26-10.jpg"", ""inaction/tr_21312312/im000508_00-26-13.jpg"", ""inaction/tr_21312312/im000338_00-25-59.jpg"", ""inaction/tr_21312312/im000439_00-26-07.jpg"", ""inaction/tr_21312312/im000445_00-26-08.jpg""]","[258, 313, 38, 378, 413, 243, 344, 350]",inaction/tr_21312312,426,,,,shuffled,20260602.0
inaction/tr_21312312::inaction_skip_shuffle:seed20260602:sample1,inaction,inaction/tr_21312312,inaction_skip_shuffle_1,inaction_skip_shuffle,8,"[""inaction/tr_21312312/im000364_00-26-01.jpg"", ""inaction/tr_21312312/im000217_00-25-49.jpg"", ""inaction/tr_21312312/im000120_00-25-40.jpg"", ""inaction/tr_21312312/im000156_00-25-43.jpg"", ""inaction/tr_21312312/im000291_00-25-55.jpg"", ""inaction/tr_21312312/im000126_00-25-41.jpg"", ""inaction/tr_21312312/im000421_00-26-06.jpg"", ""inaction/tr_21312312/im000227_00-25-50.jpg""]","[269, 122, 25, 61, 196, 31, 326, 132]",inaction/tr_21312312,426,,,,shuffled,20260602.0
inaction/tr_21312312::inaction_skip_shuffle:seed20260602:sample2,inaction,inaction/tr_21312312,inaction_skip_shuffle_2,inaction_skip_shuffle,8,"[""inaction/tr_21312312/im000243_00-25-51.jpg"", ""inaction/tr_21312312/im000153_00-25-43.jpg"", ""inaction/tr_21312312/im000481_00-26-11.jpg"", ""inaction/tr_21312312/im000357_00-26-00.jpg"", ""inaction/tr_21312312/im000155_00-25-43.jpg"", ""inaction/tr_21312312/im000442_00-26-07.jpg"", ""inaction/tr_21312312/im000498_00-26-12.jpg"", ""inaction/tr_21312312/im000334_00-25-58.jpg""]","[148, 58, 386, 262, 60, 347, 403, 239]",inaction/tr_21312312,426,,,,shuffled,20260602.0
inaction/tr_21312312::inaction_skip_shuffle:seed20260602:sample3,inaction,inaction/tr_21312312,inaction_skip_shuffle_3,inaction_skip_shuffle,8,"[""inaction/tr_21312312/im000419_00-26-06.jpg"", ""inaction/tr_21312312/im000210_00-25-48.jpg"", ""inaction/tr_21312312/im000496_00-26-12.jpg"", ""inaction/tr_21312312/im000408_00-26-05.jpg"", ""inaction/tr_21312312/im000308_00-25-56.jpg"", ""inaction/tr_21312312/im000428_00-26-06.jpg"", ""inaction/tr_21312312/im000120_00-25-40.jpg"", ""inaction/tr_21312312/im000485_00-26-11.jpg""]","[324, 115, 401, 313, 213, 333, 25, 390]",inaction/tr_21312312,426,,,,shuffled,20260602.0
inaction/tr_21312312::inaction_skip_shuffle:seed20260602:sample4,inaction,inaction/tr_21312312,inaction_skip_shuffle_4,inaction_skip_shuffle,8,"[""inaction/tr_21312312/im000217_00-25-49.jpg"", ""inaction/tr_21312312/im000273_00-25-53.jpg"", ""inaction/tr_21312312/im000208_00-25-48.jpg"", ""inaction/tr_21312312/im000120_00-25-40.jpg"", ""inaction/tr_21312312/im000387_00-26-03.jpg"", ""inaction/tr_21312312/im000123_00-25-41.jpg"", ""inaction/tr_21312312/im000333_00-25-58.jpg"", ""inaction/tr_21312312/im000481_00-26-11.jpg""]","[122, 178, 113, 25, 292, 28, 238, 386]",inaction/tr_21312312,426,,,,shuffled,20260602.0
inaction/tr_21312312::inaction_skip_shuffle:seed20260602:sample5,inaction,inaction/tr_21312312,inaction_skip_shuffle_5,inaction_skip_shuffle,8,"[""inaction/tr_21312312/im000358_00-26-00.jpg"", ""inaction/tr_21312312/im000226_00-25-49.jpg"", ""inaction/tr_21312312/im000275_00-25-54.jpg"", ""inaction/tr_21312312/im000289_00-25-55.jpg"", ""inaction/tr_21312312/im000325_00-25-58.jpg"", ""inaction/tr_21312312/im000206_00-25-48.jpg"", ""inaction/tr_21312312/im000166_00-25-44.jpg"", ""inaction/tr_21312312/im000347_00-26-00.jpg""]","[263, 131, 180, 194, 230, 111, 71, 252]",inaction/tr_21312312,426,,,,shuffled,20260602.0
inaction/tr_21312312::inaction_skip_shuffle:seed20260602:sample6,inaction,inaction/tr_21312312,inaction_skip_shuffle_6,inaction_skip_shuffle,8,"[""inaction/tr_21312312/im000138_00-25-42.jpg"", ""inaction/tr_21312312/im000106_00-25-39.jpg"", ""inaction/tr_21312312/im000185_00-25-46.jpg"", ""inaction/tr_21312312/im000401_00-26-04.jpg"", ""inaction/tr_21312312/im000294_00-25-55.jpg"", ""inaction/tr_21312312/im000364_00-26-01.jpg"", ""inaction/tr_21312312/im000225_00-25-49.jpg"", ""inaction/tr_21312312/im000512_00-26-13.jpg""]","[43, 11, 90, 306, 199, 269, 130, 417]",inaction/tr_21312312,426,,,,shuffled,20260602.0
inaction/tr_21312312::inaction_skip_shuffle:seed20260602:sample7,inaction,inaction/tr_21312312,inaction_skip_shuffle_7,inaction_skip_shuffle,8,"[""inaction/tr_21312312/im000413_00-26-05.jpg"", ""inaction/tr_21312312/im000320_00-25-57.jpg"", ""inaction/tr_21312312/im000328_00-25-58.jpg"", ""inaction/tr_21312312/im000351_00-26-00.jpg"", ""inaction/tr_21312312/im000240_00-25-51.jpg"", ""inaction/tr_21312312/im000483_00-26-11.jpg"", ""inaction/tr_21312312/im000335_00-25-59.jpg"", ""inaction/tr_21312312/im000329_00-25-58.jpg""]","[318, 225, 233, 256, 145, 388, 240, 234]",inaction/tr_21312312,426,,,,shuffled,20260602.0
inaction/tr_21312312::inaction_skip_shuffle:seed20260602:sample8,inaction,inaction/tr_21312312,inaction_skip_shuffle_8,inaction_skip_shuffle,8,"[""inaction/tr_21312312/im000385_00-26-03.jpg"", ""inaction/tr_21312312/im000197_00-25-47.jpg"", ""inaction/tr_21312312/im000364_00-26-01.jpg"", ""inaction/tr_21312312/im000398_00-26-04.jpg"", ""inaction/tr_21312312/im000460_00-26-09.jpg"", ""inaction/tr_21312312/im000267_00-25-53.jpg"", ""inaction/tr_21312312/im000153_00-25-43.jpg"", ""inaction/tr_21312312/im000200_00-25-47.jpg""]","[290, 102, 269, 303, 365, 172, 58, 105]",inaction/tr_21312312,426,,,,shuffled,20260602.0
inaction/tr_21312312::inaction_skip_shuffle:seed20260602:sample9,inaction,inaction/tr_21312312,inaction_skip_shuffle_9,inaction_skip_shuffle,8,"[""inaction/tr_21312312/im000367_00-26-01.jpg"", ""inaction/tr_21312312/im000232_00-25-50.jpg"", ""inaction/tr_21312312/im000203_00-25-48.jpg"", ""inaction/tr_21312312/im000381_00-26-02.jpg"", ""inaction/tr_21312312/im000127_00-25-41.jpg"", ""inaction/tr_21312312/im000301_00-25-56.jpg"", ""inaction/tr_21312312/im000298_00-25-55.jpg"", ""inaction/tr_21312312/im000310_00-25-56.jpg""]","[272, 137, 108, 286, 32, 206, 203, 215]",inaction/tr_21312312,426,,,,shuffled,20260602.0
inaction/tr_21312312::inaction_skip_shuffle:seed20260602:sample10,inaction,inaction/tr_21312312,inaction_skip_shuffle_10,inaction_skip_shuffle,8,"[""inaction/tr_21312312/im000351_00-26-00.jpg"", ""inaction/tr_21312312/im000441_00-26-07.jpg"", ""inaction/tr_21312312/im000345_00-25-59.jpg"", ""inaction/tr_21312312/im000482_00-26-11.jpg"", ""inaction/tr_21312312/im000122_00-25-40.jpg"", ""inaction/tr_21312312/im000165_00-25-44.jpg"", ""inaction/tr_21312312/im000258_00-25-52.jpg"", ""inaction/tr_21312312/im000431_00-26-07.jpg""]","[256, 346, 250, 387, 27, 70, 163, 336]",inaction/tr_21312312,426,,,,shuffled,20260602.0
inaction/tr_21312312::inaction_skip_shuffle:seed20260602:sample11,inaction,inaction/tr_21312312,inaction_skip_shuffle_11,inaction_skip_shuffle,8,"[""inaction/tr_21312312/im000447_00-26-08.jpg"", ""inaction/tr_21312312/im000455_00-26-09.jpg"", ""inaction/tr_21312312/im000269_00-25-53.jpg"", ""inaction/tr_21312312/im000261_00-25-52.jpg"", ""inaction/tr_21312312/im000451_00-26-08.jpg"", ""inaction/tr_21312312/im000438_00-26-07.jpg"", ""inaction/tr_21312312/im000456_00-26-09.jpg"", ""inaction/tr_21312312/im000430_00-26-06.jpg""]","[352, 360, 174, 166, 356, 343, 361, 335]",inaction/tr_21312312,426,,,,shuffled,20260602.0
inaction/tr_21312312::inaction_skip_shuffle:seed20260602:sample12,inaction,inaction/tr_21312312,inaction_skip_shuffle_12,inaction_skip_shuffle,8,"[""inaction/tr_21312312/im000130_00-25-41.jpg"", ""inaction/tr_21312312/im000438_00-26-07.jpg"", ""inaction/tr_21312312/im000450_00-26-08.jpg"", ""inaction/tr_21312312/im000402_00-26-04.jpg"", ""inaction/tr_21312312/im000277_00-25-54.jpg"", ""inaction/tr_21312312/im000505_00-26-13.jpg"", ""inaction/tr_21312312/im000396_00-26-04.jpg"", ""inaction/tr_21312312/im000354_00-26-00.jpg""]","[35, 343, 355, 307, 182, 410, 301, 259]",inaction/tr_21312312,426,,,,shuffled,20260602.0
inaction/tr_21312312::inaction_skip_shuffle:seed20260602:sample13,inaction,inaction/tr_21312312,inaction_skip_shuffle_13,inaction_skip_shuffle,8,"[""inaction/tr_21312312/im000304_00-25-56.jpg"", ""inaction/tr_21312312/im000472_00-26-10.jpg"", ""inaction/tr_21312312/im000131_00-25-41.jpg"", ""inaction/tr_21312312/im000372_00-26-02.jpg"", ""inaction/tr_21312312/im000260_00-25-52.jpg"", ""inaction/tr_21312312/im000231_00-25-50.jpg"", ""inaction/tr_21312312/im000233_00-25-50.jpg"", ""inaction/tr_21312312/im000181_00-25-45.jpg""]","[209, 377, 36, 277, 165, 136, 138, 86]",inaction/tr_21312312,426,,,,shuffled,20260602.0
inaction/tr_21312312::inaction_skip_shuffle:seed20260602:sample14,inaction,inaction/tr_21312312,inaction_skip_shuffle_14,inaction_skip_shuffle,8,"[""inaction/tr_21312312/im000102_00-25-39.jpg"", ""inaction/tr_21312312/im000308_00-25-56.jpg"", ""inaction/tr_21312312/im000198_00-25-47.jpg"", ""inaction/tr_21312312/im000191_00-25-47.jpg"", ""inaction/tr_21312312/im000245_00-25-51.jpg"", ""inaction/tr_21312312/im000380_00-26-02.jpg"", ""inaction/tr_21312312/im000421_00-26-06.jpg"", ""inaction/tr_21312312/im000349_00-26-00.jpg""]","[7, 213, 103, 96, 150, 285, 326, 254]",inaction/tr_21312312,426,,,,shuffled,20260602.0
inaction/tr_21312312::inaction_skip_shuffle:seed20260602:sample15,inaction,inaction/tr_21312312,inaction_skip_shuffle_15,inaction_skip_shuffle,8,"[""inaction/tr_21312312/im000368_00-26-01.jpg"", ""inaction/tr_21312312/im000493_00-26-12.jpg"", ""inaction/tr_21312312/im000209_00-25-48.jpg"", ""inaction/tr_21312312/im000431_00-26-07.jpg"", ""inaction/tr_21312312/im000346_00-25-59.jpg"", ""inaction/tr_21312312/im000215_00-25-49.jpg"", ""inaction/tr_21312312/im000306_00-25-56.jpg"", ""inaction/tr_21312312/im000406_00-26-04.jpg""]","[273, 398, 114, 336, 251, 120, 211, 311]",inaction/tr_21312312,426,,,,shuffled,20260602.0
inaction/tr_21312312::inaction_skip_shuffle:seed20260602:sample16,inaction,inaction/tr_21312312,inaction_skip_shuffle_16,inaction_skip_shuffle,8,"[""inaction/tr_21312312/im000506_00-26-13.jpg"", ""inaction/tr_21312312/im000221_00-25-49.jpg"", ""inaction/tr_21312312/im000196_00-25-47.jpg"", ""inaction/tr_21312312/im000324_00-25-58.jpg"", ""inaction/tr_21312312/im000398_00-26-04.jpg"", ""inaction/tr_21312312/im000338_00-25-59.jpg"", ""inaction/tr_21312312/im000457_00-26-09.jpg"", ""inaction/tr_21312312/im000380_00-26-02.jpg""]","[411, 126, 101, 229, 303, 243, 362, 285]",inaction/tr_21312312,426,,,,shuffled,20260602.0
inaction/tr_21312312::inaction_skip_shuffle:seed20260602:sample17,inaction,inaction/tr_21312312,inaction_skip_shuffle_17,inaction_skip_shuffle,8,"[""inaction/tr_21312312/im000319_00-25-57.jpg"", ""inaction/tr_21312312/im000460_00-26-09.jpg"", ""inaction/tr_21312312/im000492_00-26-12.jpg"", ""inaction/tr_21312312/im000444_00-26-08.jpg"", ""inaction/tr_21312312/im000139_00-25-42.jpg"", ""inaction/tr_21312312/im000434_00-26-07.jpg"", ""inaction/tr_21312312/im000288_00-25-55.jpg"", ""inaction/tr_21312312/im000309_00-25-56.jpg""]","[224, 365, 397, 349, 44, 339, 193, 214]",inaction/tr_21312312,426,,,,shuffled,20260602.0
inaction/tr_21312312::inaction_skip_shuffle:seed20260602:sample18,inaction,inaction/tr_21312312,inaction_skip_shuffle_18,inaction_skip_shuffle,8,"[""inaction/tr_21312312/im000179_00-25-45.jpg"", ""inaction/tr_21312312/im000514_00-26-13.jpg"", ""inaction/tr_21312312/im000399_00-26-04.jpg"", ""inaction/tr_21312312/im000126_00-25-41.jpg"", ""inaction/tr_21312312/im000489_00-26-11.jpg"", ""inaction/tr_21312312/im000411_00-26-05.jpg"", ""inaction/tr_21312312/im000192_00-25-47.jpg"", ""inaction/tr_21312312/im000292_00-25-55.jpg""]","[84, 419, 304, 31, 394, 316, 97, 197]",inaction/tr_21312312,426,,,,shuffled,20260602.0
inaction/tr_21312312::inaction_skip_shuffle:seed20260602:sample19,inaction,inaction/tr_21312312,inaction_skip_shuffle_19,inaction_skip_shuffle,8,"[""inaction/tr_21312312/im000515_00-26-14.jpg"", ""inaction/tr_21312312/im000476_00-26-10.jpg"", ""inaction/tr_21312312/im000421_00-26-06.jpg"", ""inaction/tr_21312312/im000278_00-25-54.jpg"", ""inaction/tr_21312312/im000220_00-25-49.jpg"", ""inaction/tr_21312312/im000188_00-25-46.jpg"", ""inaction/tr_21312312/im000334_00-25-58.jpg"", ""inaction/tr_21312312/im000435_00-26-07.jpg""]","[420, 381, 326, 183, 125, 93, 239, 340]",inaction/tr_21312312,426,,,,shuffled,20260602.0
inaction/tr_21312312::inaction_skip_shuffle:seed20260602:sample20,inaction,inaction/tr_21312312,inaction_skip_shuffle_20,inaction_skip_shuffle,8,"[""inaction/tr_21312312/im000506_00-26-13.jpg"", ""inaction/tr_21312312/im000358_00-26-00.jpg"", ""inaction/tr_21312312/im000149_00-25-43.jpg"", ""inaction/tr_21312312/im000407_00-26-05.jpg"", ""inaction/tr_21312312/im000498_00-26-12.jpg"", ""inaction/tr_21312312/im000172_00-25-45.jpg"", ""inaction/tr_21312312/im000158_00-25-43.jpg"", ""inaction/tr_21312312/im000305_00-25-56.jpg""]","[411, 263, 54, 312, 403, 77, 63, 210]",inaction/tr_21312312,426,,,,shuffled,20260602.0
inaction/tr_21312312::inaction_skip_shuffle:seed20260602:sample21,inaction,inaction/tr_21312312,inaction_skip_shuffle_21,inaction_skip_shuffle,8,"[""inaction/tr_21312312/im000145_00-25-42.jpg"", ""inaction/tr_21312312/im000300_00-25-56.jpg"", ""inaction/tr_21312312/im000461_00-26-09.jpg"", ""inaction/tr_21312312/im000514_00-26-13.jpg"", ""inaction/tr_21312312/im000425_00-26-06.jpg"", ""inaction/tr_21312312/im000465_00-26-09.jpg"", ""inaction/tr_21312312/im000114_00-25-40.jpg"", ""inaction/tr_21312312/im000342_00-25-59.jpg""]","[50, 205, 366, 419, 330, 370, 19, 247]",inaction/tr_21312312,426,,,,shuffled,20260602.0
inaction/tr_21312312::inaction_skip_shuffle:seed20260602:sample22,inaction,inaction/tr_21312312,inaction_skip_shuffle_22,inaction_skip_shuffle,8,"[""inaction/tr_21312312/im000100_00-25-39.jpg"", ""inaction/tr_21312312/im000182_00-25-45.jpg"", ""inaction/tr_21312312/im000267_00-25-53.jpg"", ""inaction/tr_21312312/im000219_00-25-49.jpg"", ""inaction/tr_21312312/im000380_00-26-02.jpg"", ""inaction/tr_21312312/im000134_00-25-41.jpg"", ""inaction/tr_21312312/im000175_00-25-45.jpg"", ""inaction/tr_21312312/im000290_00-25-55.jpg""]","[5, 87, 172, 124, 285, 39, 80, 195]",inaction/tr_21312312,426,,,,shuffled,20260602.0
inaction/tr_21312312::inaction_skip_shuffle:seed20260602:sample23,inaction,inaction/tr_21312312,inaction_skip_shuffle_23,inaction_skip_shuffle,8,"[""inaction/tr_21312312/im000411_00-26-05.jpg"", ""inaction/tr_21312312/im000390_00-26-03.jpg"", ""inaction/tr_21312312/im000243_00-25-51.jpg"", ""inaction/tr_21312312/im000224_00-25-49.jpg"", ""inaction/tr_21312312/im000502_00-26-12.jpg"", ""inaction/tr_21312312/im000173_00-25-45.jpg"", ""inaction/tr_21312312/im000129_00-25-41.jpg"", ""inaction/tr_21312312/im000381_00-26-02.jpg""]","[316, 295, 148, 129, 407, 78, 34, 286]",inaction/tr_21312312,426,,,,shuffled,20260602.0
inaction/tr_9991::inaction_skip_shuffle:seed20260602:sample0,inaction,inaction/tr_9991,inaction_skip_shuffle_0,inaction_skip_shuffle,8,"[""inaction/tr_9991/im000864_00-01-27.jpg"", ""inaction/tr_9991/im000312_00-00-40.jpg"", ""inaction/tr_9991/im001023_00-01-40.jpg"", ""inaction/tr_9991/im001223_00-01-57.jpg"", ""inaction/tr_9991/im000106_00-29-06.jpg"", ""inaction/tr_9991/im000929_00-01-33.jpg"", ""inaction/tr_9991/im001025_00-01-41.jpg"", ""inaction/tr_9991/im000154_00-00-26.jpg""]","[1269, 398, 1428, 1628, 122, 1334, 1430, 217]",inaction/tr_9991,1655,,,,shuffled,20260602.0
inaction/tr_9991::inaction_skip_shuffle:seed20260602:sample1,inaction,inaction/tr_9991,inaction_skip_shuffle_1,inaction_skip_shuffle,8,"[""inaction/tr_9991/im000096_00-00-21.jpg"", ""inaction/tr_9991/im001069_00-01-44.jpg"", ""inaction/tr_9991/im000464_00-00-53.jpg"", ""inaction/tr_9991/im000675_00-01-11.jpg"", ""inaction/tr_9991/im000107_00-29-06.jpg"", ""inaction/tr_9991/im000184_00-00-29.jpg"", ""inaction/tr_9991/im000632_00-16-17.jpg"", ""inaction/tr_9991/im001193_00-01-55.jpg""]","[101, 1474, 617, 1039, 124, 270, 954, 1598]",inaction/tr_9991,1655,,,,shuffled,20260602.0
inaction/tr_9991::inaction_skip_shuffle:seed20260602:sample2,inaction,inaction/tr_9991,inaction_skip_shuffle_2,inaction_skip_shuffle,8,"[""inaction/tr_9991/im000187_00-00-29.jpg"", ""inaction/tr_9991/im000500_00-16-04.jpg"", ""inaction/tr_9991/im000171_00-00-28.jpg"", ""inaction/tr_9991/im000119_00-00-23.jpg"", ""inaction/tr_9991/im000685_00-16-21.jpg"", ""inaction/tr_9991/im000529_00-16-07.jpg"", ""inaction/tr_9991/im000851_00-01-26.jpg"", ""inaction/tr_9991/im000320_00-00-41.jpg""]","[273, 690, 251, 147, 1060, 748, 1256, 406]",inaction/tr_9991,1655,,,,shuffled,20260602.0
inaction/tr_9991::inaction_skip_shuffle:seed20260602:sample3,inaction,inaction/tr_9991,inaction_skip_shuffle_3,inaction_skip_shuffle,8,"[""inaction/tr_9991/im000820_00-01-23.jpg"", ""inaction/tr_9991/im000272_00-00-37.jpg"", ""inaction/tr_9991/im000909_00-01-31.jpg"", ""inaction/tr_9991/im000706_00-01-13.jpg"", ""inaction/tr_9991/im000985_00-01-37.jpg"", ""inaction/tr_9991/im000933_00-01-33.jpg"", ""inaction/tr_9991/im001068_00-01-44.jpg"", ""inaction/tr_9991/im000151_00-00-26.jpg""]","[1225, 358, 1314, 1101, 1390, 1338, 1473, 211]",inaction/tr_9991,1655,,,,shuffled,20260602.0
inaction/tr_9991::inaction_skip_shuffle:seed20260602:sample4,inaction,inaction/tr_9991,inaction_skip_shuffle_4,inaction_skip_shuffle,8,"[""inaction/tr_9991/im000568_00-01-01.jpg"", ""inaction/tr_9991/im000941_00-01-34.jpg"", ""inaction/tr_9991/im000435_00-00-50.jpg"", ""inaction/tr_9991/im000902_00-01-30.jpg"", ""inaction/tr_9991/im000070_00-29-03.jpg"", ""inaction/tr_9991/im000757_00-01-18.jpg"", ""inaction/tr_9991/im000668_00-16-20.jpg"", ""inaction/tr_9991/im000856_00-01-26.jpg""]","[825, 1346, 559, 1307, 69, 1162, 1026, 1261]",inaction/tr_9991,1655,,,,shuffled,20260602.0
inaction/tr_9991::inaction_skip_shuffle:seed20260602:sample5,inaction,inaction/tr_9991,inaction_skip_shuffle_5,inaction_skip_shuffle,8,"[""inaction/tr_9991/im000620_00-16-16.jpg"", ""inaction/tr_9991/im000462_00-16-01.jpg"", ""inaction/tr_9991/im001192_00-01-54.jpg"", ""inaction/tr_9991/im000701_00-16-23.jpg"", ""inaction/tr_9991/im000834_00-01-25.jpg"", ""inaction/tr_9991/im000118_00-29-07.jpg"", ""inaction/tr_9991/im000396_00-00-47.jpg"", ""inaction/tr_9991/im000552_00-01-00.jpg""]","[930, 614, 1597, 1092, 1239, 146, 482, 793]",inaction/tr_9991,1655,,,,shuffled,20260602.0
inaction/tr_9991::inaction_skip_shuffle:seed20260602:sample6,inaction,inaction/tr_9991,inaction_skip_shuffle_6,inaction_skip_shuffle,8,"[""inaction/tr_9991/im000104_00-00-22.jpg"", ""inaction/tr_9991/im000133_00-00-24.jpg"", ""inaction/tr_9991/im000835_00-01-25.jpg"", ""inaction/tr_9991/im000356_00-00-44.jpg"", ""inaction/tr_9991/im000149_00-00-26.jpg"", ""inaction/tr_9991/im001164_00-01-52.jpg"", ""inaction/tr_9991/im000137_00-00-25.jpg"", ""inaction/tr_9991/im000118_00-00-23.jpg""]","[117, 175, 1240, 442, 207, 1569, 183, 145]",inaction/tr_9991,1655,,,,shuffled,20260602.0
inaction/tr_9991::inaction_skip_shuffle:seed20260602:sample7,inaction,inaction/tr_9991,inaction_skip_shuffle_7,inaction_skip_shuffle,8,"[""inaction/tr_9991/im000282_00-00-38.jpg"", ""inaction/tr_9991/im000135_00-00-25.jpg"", ""inaction/tr_9991/im001011_00-01-39.jpg"", ""inaction/tr_9991/im000510_00-16-05.jpg"", ""inaction/tr_9991/im000180_00-00-29.jpg"", ""inaction/tr_9991/im000714_00-16-24.jpg"", ""inaction/tr_9991/im000676_00-16-21.jpg"", ""inaction/tr_9991/im000491_00-16-03.jpg""]","[368, 179, 1416, 710, 266, 1118, 1042, 672]",inaction/tr_9991,1655,,,,shuffled,20260602.0
inaction/tr_9991::inaction_skip_shuffle:seed20260602:sample8,inaction,inaction/tr_9991,inaction_skip_shuffle_8,inaction_skip_shuffle,8,"[""inaction/tr_9991/im000479_00-16-02.jpg"", ""inaction/tr_9991/im000234_00-00-34.jpg"", ""inaction/tr_9991/im001156_00-01-51.jpg"", ""inaction/tr_9991/im000785_00-01-21.jpg"", ""inaction/tr_9991/im000943_00-01-34.jpg"", ""inaction/tr_9991/im000298_00-00-39.jpg"", ""inaction/tr_9991/im000127_00-00-24.jpg"", ""inaction/tr_9991/im000192_00-00-30.jpg""]","[648, 320, 1561, 1190, 1348, 384, 163, 278]",inaction/tr_9991,1655,,,,shuffled,20260602.0
inaction/tr_9991::inaction_skip_shuffle:seed20260602:sample9,inaction,inaction/tr_9991,inaction_skip_shuffle_9,inaction_skip_shuffle,8,"[""inaction/tr_9991/im000474_00-16-02.jpg"", ""inaction/tr_9991/im000843_00-01-25.jpg"", ""inaction/tr_9991/im000457_00-00-52.jpg"", ""inaction/tr_9991/im000075_00-29-03.jpg"", ""inaction/tr_9991/im001242_00-01-59.jpg"", ""inaction/tr_9991/im000242_00-00-34.jpg"", ""inaction/tr_9991/im001186_00-01-54.jpg"", ""inaction/tr_9991/im000195_00-00-30.jpg""]","[638, 1248, 603, 74, 1647, 328, 1591, 281]",inaction/tr_9991,1655,,,,shuffled,20260602.0
inaction/tr_9991::inaction_skip_shuffle:seed20260602:sample10,inaction,inaction/tr_9991,inaction_skip_shuffle_10,inaction_skip_shuffle,8,"[""inaction/tr_9991/im000644_00-01-08.jpg"", ""inaction/tr_9991/im000172_00-29-11.jpg"", ""inaction/tr_9991/im000167_00-29-11.jpg"", ""inaction/tr_9991/im000117_00-00-23.jpg"", ""inaction/tr_9991/im000003_00-28-57.jpg"", ""inaction/tr_9991/im000232_00-00-33.jpg"", ""inaction/tr_9991/im000532_00-00-58.jpg"", ""inaction/tr_9991/im001078_00-01-45.jpg""]","[977, 254, 244, 143, 2, 318, 753, 1483]",inaction/tr_9991,1655,,,,shuffled,20260602.0
inaction/tr_9991::inaction_skip_shuffle:seed20260602:sample11,inaction,inaction/tr_9991,inaction_skip_shuffle_11,inaction_skip_shuffle,8,"[""inaction/tr_9991/im000561_00-01-01.jpg"", ""inaction/tr_9991/im000379_00-00-46.jpg"", ""inaction/tr_9991/im000493_00-16-03.jpg"", ""inaction/tr_9991/im000213_00-00-31.jpg"", ""inaction/tr_9991/im000881_00-01-29.jpg"", ""inaction/tr_9991/im001165_00-01-52.jpg"", ""inaction/tr_9991/im000137_00-00-25.jpg"", ""inaction/tr_9991/im000600_00-16-14.jpg""]","[811, 465, 676, 299, 1286, 1570, 183, 890]",inaction/tr_9991,1655,,,,shuffled,20260602.0
inaction/tr_9991::inaction_skip_shuffle:seed20260602:sample12,inaction,inaction/tr_9991,inaction_skip_shuffle_12,inaction_skip_shuffle,8,"[""inaction/tr_9991/im000669_00-01-10.jpg"", ""inaction/tr_9991/im000854_00-01-26.jpg"", ""inaction/tr_9991/im000627_00-01-07.jpg"", ""inaction/tr_9991/im000126_00-29-07.jpg"", ""inaction/tr_9991/im000166_00-29-11.jpg"", ""inaction/tr_9991/im000879_00-01-28.jpg"", ""inaction/tr_9991/im000366_00-00-45.jpg"", ""inaction/tr_9991/im000104_00-29-06.jpg""]","[1027, 1259, 943, 162, 242, 1284, 452, 118]",inaction/tr_9991,1655,,,,shuffled,20260602.0
inaction/tr_9991::inaction_skip_shuffle:seed20260602:sample13,inaction,inaction/tr_9991,inaction_skip_shuffle_13,inaction_skip_shuffle,8,"[""inaction/tr_9991/im000074_00-29-03.jpg"", ""inaction/tr_9991/im001202_00-01-55.jpg"", ""inaction/tr_9991/im000109_00-29-06.jpg"", ""inaction/tr_9991/im000289_00-00-38.jpg"", ""inaction/tr_9991/im000737_00-01-17.jpg"", ""inaction/tr_9991/im000732_00-01-16.jpg"", ""inaction/tr_9991/im000134_00-00-24.jpg"", ""inaction/tr_9991/im000334_00-00-42.jpg""]","[73, 1607, 128, 375, 1142, 1137, 177, 420]",inaction/tr_9991,1655,,,,shuffled,20260602.0
inaction/tr_9991::inaction_skip_shuffle:seed20260602:sample14,inaction,inaction/tr_9991,inaction_skip_shuffle_14,inaction_skip_shuffle,8,"[""inaction/tr_9991/im000320_00-00-41.jpg"", ""inaction/tr_9991/im000840_00-01-25.jpg"", ""inaction/tr_9991/im000335_00-00-42.jpg"", ""inaction/tr_9991/im000589_00-16-13.jpg"", ""inaction/tr_9991/im000208_00-00-31.jpg"", ""inaction/tr_9991/im001167_00-01-52.jpg"", ""inaction/tr_9991/im000803_00-01-22.jpg"", ""inaction/tr_9991/im000813_00-01-23.jpg""]","[406, 1245, 421, 868, 294, 1572, 1208, 1218]",inaction/tr_9991,1655,,,,shuffled,20260602.0
inaction/tr_9991::inaction_skip_shuffle:seed20260602:sample15,inaction,inaction/tr_9991,inaction_skip_shuffle_15,inaction_skip_shuffle,8,"[""inaction/tr_9991/im000898_00-01-30.jpg"", ""inaction/tr_9991/im000119_00-00-23.jpg"", ""inaction/tr_9991/im000610_00-16-15.jpg"", ""inaction/tr_9991/im000160_00-29-10.jpg"", ""inaction/tr_9991/im000623_00-01-06.jpg"", ""inaction/tr_9991/im000549_00-16-08.jpg"", ""inaction/tr_9991/im000100_00-00-22.jpg"", ""inaction/tr_9991/im000290_00-00-38.jpg""]","[1303, 147, 910, 230, 935, 788, 109, 376]",inaction/tr_9991,1655,,,,shuffled,20260602.0
inaction/tr_9991::inaction_skip_shuffle:seed20260602:sample16,inaction,inaction/tr_9991,inaction_skip_shuffle_16,inaction_skip_shuffle,8,"[""inaction/tr_9991/im001229_00-01-58.jpg"", ""inaction/tr_9991/im001184_00-01-54.jpg"", ""inaction/tr_9991/im001196_00-01-55.jpg"", ""inaction/tr_9991/im000097_00-00-21.jpg"", ""inaction/tr_9991/im000407_00-15-56.jpg"", ""inaction/tr_9991/im000554_00-16-09.jpg"", ""inaction/tr_9991/im000103_00-00-22.jpg"", ""inaction/tr_9991/im000585_00-16-13.jpg""]","[1634, 1589, 1601, 103, 504, 798, 115, 860]",inaction/tr_9991,1655,,,,shuffled,20260602.0
inaction/tr_9991::inaction_skip_shuffle:seed20260602:sample17,inaction,inaction/tr_9991,inaction_skip_shuffle_17,inaction_skip_shuffle,8,"[""inaction/tr_9991/im000187_00-00-29.jpg"", ""inaction/tr_9991/im000407_00-00-48.jpg"", ""inaction/tr_9991/im000946_00-01-34.jpg"", ""inaction/tr_9991/im000529_00-16-07.jpg"", ""inaction/tr_9991/im000757_00-01-18.jpg"", ""inaction/tr_9991/im001168_00-01-52.jpg"", ""inaction/tr_9991/im000124_00-29-07.jpg"", ""inaction/tr_9991/im000117_00-00-23.jpg""]","[273, 503, 1351, 748, 1162, 1573, 158, 143]",inaction/tr_9991,1655,,,,shuffled,20260602.0
inaction/tr_9991::inaction_skip_shuffle:seed20260602:sample18,inaction,inaction/tr_9991,inaction_skip_shuffle_18,inaction_skip_shuffle,8,"[""inaction/tr_9991/im000184_00-00-29.jpg"", ""inaction/tr_9991/im000139_00-00-25.jpg"", ""inaction/tr_9991/im001135_00-01-50.jpg"", ""inaction/tr_9991/im001183_00-01-54.jpg"", ""inaction/tr_9991/im000414_00-15-57.jpg"", ""inaction/tr_9991/im000634_00-16-17.jpg"", ""inaction/tr_9991/im001206_00-01-56.jpg"", ""inaction/tr_9991/im000150_00-29-09.jpg""]","[270, 187, 1540, 1588, 518, 958, 1611, 210]",inaction/tr_9991,1655,,,,shuffled,20260602.0
inaction/tr_9991::inaction_skip_shuffle:seed20260602:sample19,inaction,inaction/tr_9991,inaction_skip_shuffle_19,inaction_skip_shuffle,8,"[""inaction/tr_9991/im000738_00-01-17.jpg"", ""inaction/tr_9991/im000223_00-00-32.jpg"", ""inaction/tr_9991/im000615_00-16-15.jpg"", ""inaction/tr_9991/im000810_00-01-23.jpg"", ""inaction/tr_9991/im000800_00-01-22.jpg"", ""inaction/tr_9991/im001170_00-01-53.jpg"", ""inaction/tr_9991/im000431_00-15-58.jpg"", ""inaction/tr_9991/im000475_00-00-54.jpg""]","[1143, 309, 920, 1215, 1205, 1575, 552, 639]",inaction/tr_9991,1655,,,,shuffled,20260602.0
inaction/tr_9991::inaction_skip_shuffle:seed20260602:sample20,inaction,inaction/tr_9991,inaction_skip_shuffle_20,inaction_skip_shuffle,8,"[""inaction/tr_9991/im000573_00-16-11.jpg"", ""inaction/tr_9991/im000890_00-01-29.jpg"", ""inaction/tr_9991/im000553_00-16-09.jpg"", ""inaction/tr_9991/im001021_00-01-40.jpg"", ""inaction/tr_9991/im000296_00-00-39.jpg"", ""inaction/tr_9991/im000012_00-28-58.jpg"", ""inaction/tr_9991/im000832_00-01-24.jpg"", ""inaction/tr_9991/im000236_00-00-34.jpg""]","[836, 1295, 796, 1426, 382, 11, 1237, 322]",inaction/tr_9991,1655,,,,shuffled,20260602.0
inaction/tr_9991::inaction_skip_shuffle:seed20260602:sample21,inaction,inaction/tr_9991,inaction_skip_shuffle_21,inaction_skip_shuffle,8,"[""inaction/tr_9991/im000671_00-16-20.jpg"", ""inaction/tr_9991/im000988_00-01-37.jpg"", ""inaction/tr_9991/im000431_00-00-50.jpg"", ""inaction/tr_9991/im000434_00-00-50.jpg"", ""inaction/tr_9991/im000632_00-01-07.jpg"", ""inaction/tr_9991/im000693_00-01-12.jpg"", ""inaction/tr_9991/im000303_00-00-39.jpg"", ""inaction/tr_9991/im000169_00-29-11.jpg""]","[1032, 1393, 551, 557, 953, 1075, 389, 248]",inaction/tr_9991,1655,,,,shuffled,20260602.0
inaction/tr_9991::inaction_skip_shuffle:seed20260602:sample22,inaction,inaction/tr_9991,inaction_skip_shuffle_22,inaction_skip_shuffle,8,"[""inaction/tr_9991/im000500_00-16-04.jpg"", ""inaction/tr_9991/im000137_00-00-25.jpg"", ""inaction/tr_9991/im001057_00-01-43.jpg"", ""inaction/tr_9991/im000141_00-29-09.jpg"", ""inaction/tr_9991/im000186_00-00-29.jpg"", ""inaction/tr_9991/im000591_00-01-03.jpg"", ""inaction/tr_9991/im000561_00-01-01.jpg"", ""inaction/tr_9991/im000570_00-01-02.jpg""]","[690, 183, 1462, 192, 272, 871, 811, 829]",inaction/tr_9991,1655,,,,shuffled,20260602.0
inaction/tr_9991::inaction_skip_shuffle:seed20260602:sample23,inaction,inaction/tr_9991,inaction_skip_shuffle_23,inaction_skip_shuffle,8,"[""inaction/tr_9991/im000454_00-16-00.jpg"", ""inaction/tr_9991/im000138_00-00-25.jpg"", ""inaction/tr_9991/im000665_00-01-10.jpg"", ""inaction/tr_9991/im000550_00-01-00.jpg"", ""inaction/tr_9991/im000036_00-29-00.jpg"", ""inaction/tr_9991/im001191_00-01-54.jpg"", ""inaction/tr_9991/im000085_00-29-04.jpg"", ""inaction/tr_9991/im001016_00-01-40.jpg""]","[598, 185, 1019, 789, 35, 1596, 84, 1421]",inaction/tr_9991,1655,,,,shuffled,20260602.0
inaction/tr_in_12454124::inaction_skip_shuffle:seed20260602:sample0,inaction,inaction/tr_in_12454124,inaction_skip_shuffle_0,inaction_skip_shuffle,8,"[""inaction/tr_in_12454124/im_02-31-00_262.jpg"", ""inaction/tr_in_12454124/im_02-30-56_140.jpg"", ""inaction/tr_in_12454124/im_02-31-00_242.jpg"", ""inaction/tr_in_12454124/im_02-30-59_219.jpg"", ""inaction/tr_in_12454124/im_02-30-56_133.jpg"", ""inaction/tr_in_12454124/im_02-30-59_206.jpg"", ""inaction/tr_in_12454124/im_02-30-56_127.jpg"", ""inaction/tr_in_12454124/im_02-30-57_170.jpg""]","[141, 19, 121, 98, 12, 85, 6, 49]",inaction/tr_in_12454124,180,,,,shuffled,20260602.0
inaction/tr_in_12454124::inaction_skip_shuffle:seed20260602:sample1,inaction,inaction/tr_in_12454124,inaction_skip_shuffle_1,inaction_skip_shuffle,8,"[""inaction/tr_in_12454124/im_02-31-00_249.jpg"", ""inaction/tr_in_12454124/im_02-31-01_288.jpg"", ""inaction/tr_in_12454124/im_02-30-59_219.jpg"", ""inaction/tr_in_12454124/im_02-30-57_160.jpg"", ""inaction/tr_in_12454124/im_02-30-59_215.jpg"", ""inaction/tr_in_12454124/im_02-31-01_282.jpg"", ""inaction/tr_in_12454124/im_02-30-58_202.jpg"", ""inaction/tr_in_12454124/im_02-30-59_207.jpg""]","[128, 167, 98, 39, 94, 161, 81, 86]",inaction/tr_in_12454124,180,,,,shuffled,20260602.0
inaction/tr_in_12454124::inaction_skip_shuffle:seed20260602:sample2,inaction,inaction/tr_in_12454124,inaction_skip_shuffle_2,inaction_skip_shuffle,8,"[""inaction/tr_in_12454124/im_02-31-00_253.jpg"", ""inaction/tr_in_12454124/im_02-30-59_212.jpg"", ""inaction/tr_in_12454124/im_02-31-01_290.jpg"", ""inaction/tr_in_12454124/im_02-31-00_237.jpg"", ""inaction/tr_in_12454124/im_02-31-02_298.jpg"", ""inaction/tr_in_12454124/im_02-30-59_205.jpg"", ""inaction/tr_in_12454124/im_02-30-58_190.jpg"", ""inaction/tr_in_12454124/im_02-30-57_161.jpg""]","[132, 91, 169, 116, 177, 84, 69, 40]",inaction/tr_in_12454124,180,,,,shuffled,20260602.0
inaction/tr_in_12454124::inaction_skip_shuffle:seed20260602:sample3,inaction,inaction/tr_in_12454124,inaction_skip_shuffle_3,inaction_skip_shuffle,8,"[""inaction/tr_in_12454124/im_02-31-01_268.jpg"", ""inaction/tr_in_12454124/im_02-31-02_300.jpg"", ""inaction/tr_in_12454124/im_02-31-00_239.jpg"", ""inaction/tr_in_12454124/im_02-30-57_161.jpg"", ""inaction/tr_in_12454124/im_02-31-01_288.jpg"", ""inaction/tr_in_12454124/im_02-30-59_210.jpg"", ""inaction/tr_in_12454124/im_02-31-00_262.jpg"", ""inaction/tr_in_12454124/im_02-31-00_250.jpg""]","[147, 179, 118, 40, 167, 89, 141, 129]",inaction/tr_in_12454124,180,,,,shuffled,20260602.0
inaction/tr_in_12454124::inaction_skip_shuffle:seed20260602:sample4,inaction,inaction/tr_in_12454124,inaction_skip_shuffle_4,inaction_skip_shuffle,8,"[""inaction/tr_in_12454124/im_02-30-58_180.jpg"", ""inaction/tr_in_12454124/im_02-30-58_187.jpg"", ""inaction/tr_in_12454124/im_02-30-57_157.jpg"", ""inaction/tr_in_12454124/im_02-30-59_214.jpg"", ""inaction/tr_in_12454124/im_02-30-59_223.jpg"", ""inaction/tr_in_12454124/im_02-30-56_127.jpg"", ""inaction/tr_in_12454124/im_02-31-00_250.jpg"", ""inaction/tr_in_12454124/im_02-31-01_269.jpg""]","[59, 66, 36, 93, 102, 6, 129, 148]",inaction/tr_in_12454124,180,,,,shuffled,20260602.0
inaction/tr_in_12454124::inaction_skip_shuffle:seed20260602:sample5,inaction,inaction/tr_in_12454124,inaction_skip_shuffle_5,inaction_skip_shuffle,8,"[""inaction/tr_in_12454124/im_02-30-59_227.jpg"", ""inaction/tr_in_12454124/im_02-30-57_172.jpg"", ""inaction/tr_in_12454124/im_02-30-58_202.jpg"", ""inaction/tr_in_12454124/im_02-30-59_222.jpg"", ""inaction/tr_in_12454124/im_02-30-59_207.jpg"", ""inaction/tr_in_12454124/im_02-30-58_176.jpg"", ""inaction/tr_in_12454124/im_02-31-01_265.jpg"", ""inaction/tr_in_12454124/im_02-30-57_165.jpg""]","[106, 51, 81, 101, 86, 55, 144, 44]",inaction/tr_in_12454124,180,,,,shuffled,20260602.0
inaction/tr_in_12454124::inaction_skip_shuffle:seed20260602:sample6,inaction,inaction/tr_in_12454124,inaction_skip_shuffle_6,inaction_skip_shuffle,8,"[""inaction/tr_in_12454124/im_02-31-00_236.jpg"", ""inaction/tr_in_12454124/im_02-31-00_245.jpg"", ""inaction/tr_in_12454124/im_02-30-59_227.jpg"", ""inaction/tr_in_12454124/im_02-31-00_254.jpg"", ""inaction/tr_in_12454124/im_02-31-00_257.jpg"", ""inaction/tr_in_12454124/im_02-30-57_166.jpg"", ""inaction/tr_in_12454124/im_02-30-57_156.jpg"", ""inaction/tr_in_12454124/im_02-31-00_252.jpg""]","[115, 124, 106, 133, 136, 45, 35, 131]",inaction/tr_in_12454124,180,,,,shuffled,20260602.0
inaction/tr_in_12454124::inaction_skip_shuffle:seed20260602:sample7,inaction,inaction/tr_in_12454124,inaction_skip_shuffle_7,inaction_skip_shuffle,8,"[""inaction/tr_in_12454124/im_02-31-00_249.jpg"", ""inaction/tr_in_12454124/im_02-30-58_179.jpg"", ""inaction/tr_in_12454124/im_02-30-57_154.jpg"", ""inaction/tr_in_12454124/im_02-31-00_240.jpg"", ""inaction/tr_in_12454124/im_02-30-58_186.jpg"", ""inaction/tr_in_12454124/im_02-30-59_203.jpg"", ""inaction/tr_in_12454124/im_02-30-59_225.jpg"", ""inaction/tr_in_12454124/im_02-30-58_173.jpg""]","[128, 58, 33, 119, 65, 82, 104, 52]",inaction/tr_in_12454124,180,,,,shuffled,20260602.0
inaction/tr_in_12454124::inaction_skip_shuffle:seed20260602:sample8,inaction,inaction/tr_in_12454124,inaction_skip_shuffle_8,inaction_skip_shuffle,8,"[""inaction/tr_in_12454124/im_02-31-01_276.jpg"", ""inaction/tr_in_12454124/im_02-31-00_258.jpg"", ""inaction/tr_in_12454124/im_02-30-57_156.jpg"", ""inaction/tr_in_12454124/im_02-30-57_162.jpg"", ""inaction/tr_in_12454124/im_02-31-00_261.jpg"", ""inaction/tr_in_12454124/im_02-30-57_163.jpg"", ""inaction/tr_in_12454124/im_02-30-58_190.jpg"", ""inaction/tr_in_12454124/im_02-30-57_146.jpg""]","[155, 137, 35, 41, 140, 42, 69, 25]",inaction/tr_in_12454124,180,,,,shuffled,20260602.0
inaction/tr_in_12454124::inaction_skip_shuffle:seed20260602:sample9,inaction,inaction/tr_in_12454124,inaction_skip_shuffle_9,inaction_skip_shuffle,8,"[""inaction/tr_in_12454124/im_02-31-01_292.jpg"", ""inaction/tr_in_12454124/im_02-31-01_281.jpg"", ""inaction/tr_in_12454124/im_02-31-00_235.jpg"", ""inaction/tr_in_12454124/im_02-31-00_252.jpg"", ""inaction/tr_in_12454124/im_02-30-59_211.jpg"", ""inaction/tr_in_12454124/im_02-30-57_150.jpg"", ""inaction/tr_in_12454124/im_02-30-57_162.jpg"", ""inaction/tr_in_12454124/im_02-30-56_137.jpg""]","[171, 160, 114, 131, 90, 29, 41, 16]",inaction/tr_in_12454124,180,,,,shuffled,20260602.0
inaction/tr_in_12454124::inaction_skip_shuffle:seed20260602:sample10,inaction,inaction/tr_in_12454124,inaction_skip_shuffle_10,inaction_skip_shuffle,8,"[""inaction/tr_in_12454124/im_02-31-01_290.jpg"", ""inaction/tr_in_12454124/im_02-30-56_129.jpg"", ""inaction/tr_in_12454124/im_02-31-02_296.jpg"", ""inaction/tr_in_12454124/im_02-31-01_289.jpg"", ""inaction/tr_in_12454124/im_02-31-00_247.jpg"", ""inaction/tr_in_12454124/im_02-30-56_121.jpg"", ""inaction/tr_in_12454124/im_02-30-57_166.jpg"", ""inaction/tr_in_12454124/im_02-30-59_221.jpg""]","[169, 8, 175, 168, 126, 0, 45, 100]",inaction/tr_in_12454124,180,,,,shuffled,20260602.0
inaction/tr_in_12454124::inaction_skip_shuffle:seed20260602:sample11,inaction,inaction/tr_in_12454124,inaction_skip_shuffle_11,inaction_skip_shuffle,8,"[""inaction/tr_in_12454124/im_02-31-01_278.jpg"", ""inaction/tr_in_12454124/im_02-31-00_261.jpg"", ""inaction/tr_in_12454124/im_02-31-00_256.jpg"", ""inaction/tr_in_12454124/im_02-30-58_194.jpg"", ""inaction/tr_in_12454124/im_02-31-01_284.jpg"", ""inaction/tr_in_12454124/im_02-30-59_229.jpg"", ""inaction/tr_in_12454124/im_02-30-56_127.jpg"", ""inaction/tr_in_12454124/im_02-31-01_267.jpg""]","[157, 140, 135, 73, 163, 108, 6, 146]",inaction/tr_in_12454124,180,,,,shuffled,20260602.0
inaction/tr_in_12454124::inaction_skip_shuffle:seed20260602:sample12,inaction,inaction/tr_in_12454124,inaction_skip_shuffle_12,inaction_skip_shuffle,8,"[""inaction/tr_in_12454124/im_02-31-00_239.jpg"", ""inaction/tr_in_12454124/im_02-31-01_280.jpg"", ""inaction/tr_in_12454124/im_02-31-00_254.jpg"", ""inaction/tr_in_12454124/im_02-31-00_247.jpg"", ""inaction/tr_in_12454124/im_02-31-01_292.jpg"", ""inaction/tr_in_12454124/im_02-30-58_175.jpg"", ""inaction/tr_in_12454124/im_02-30-57_167.jpg"", ""inaction/tr_in_12454124/im_02-30-56_135.jpg""]","[118, 159, 133, 126, 171, 54, 46, 14]",inaction/tr_in_12454124,180,,,,shuffled,20260602.0
inaction/tr_in_12454124::inaction_skip_shuffle:seed20260602:sample13,inaction,inaction/tr_in_12454124,inaction_skip_shuffle_13,inaction_skip_shuffle,8,"[""inaction/tr_in_12454124/im_02-30-57_157.jpg"", ""inaction/tr_in_12454124/im_02-30-57_171.jpg"", ""inaction/tr_in_12454124/im_02-30-56_139.jpg"", ""inaction/tr_in_12454124/im_02-30-59_215.jpg"", ""inaction/tr_in_12454124/im_02-31-00_255.jpg"", ""inaction/tr_in_12454124/im_02-31-01_292.jpg"", ""inaction/tr_in_12454124/im_02-31-00_236.jpg"", ""inaction/tr_in_12454124/im_02-30-59_208.jpg""]","[36, 50, 18, 94, 134, 171, 115, 87]",inaction/tr_in_12454124,180,,,,shuffled,20260602.0
inaction/tr_in_12454124::inaction_skip_shuffle:seed20260602:sample14,inaction,inaction/tr_in_12454124,inaction_skip_shuffle_14,inaction_skip_shuffle,8,"[""inaction/tr_in_12454124/im_02-30-56_141.jpg"", ""inaction/tr_in_12454124/im_02-30-59_212.jpg"", ""inaction/tr_in_12454124/im_02-30-56_131.jpg"", ""inaction/tr_in_12454124/im_02-31-01_277.jpg"", ""inaction/tr_in_12454124/im_02-31-01_290.jpg"", ""inaction/tr_in_12454124/im_02-31-00_262.jpg"", ""inaction/tr_in_12454124/im_02-31-01_273.jpg"", ""inaction/tr_in_12454124/im_02-30-57_157.jpg""]","[20, 91, 10, 156, 169, 141, 152, 36]",inaction/tr_in_12454124,180,,,,shuffled,20260602.0
inaction/tr_in_12454124::inaction_skip_shuffle:seed20260602:sample15,inaction,inaction/tr_in_12454124,inaction_skip_shuffle_15,inaction_skip_shuffle,8,"[""inaction/tr_in_12454124/im_02-31-00_244.jpg"", ""inaction/tr_in_12454124/im_02-31-01_290.jpg"", ""inaction/tr_in_12454124/im_02-31-01_268.jpg"", ""inaction/tr_in_12454124/im_02-30-57_155.jpg"", ""inaction/tr_in_12454124/im_02-30-59_220.jpg"", ""inaction/tr_in_12454124/im_02-30-57_169.jpg"", ""inaction/tr_in_12454124/im_02-31-01_284.jpg"", ""inaction/tr_in_12454124/im_02-30-57_152.jpg""]","[123, 169, 147, 34, 99, 48, 163, 31]",inaction/tr_in_12454124,180,,,,shuffled,20260602.0
inaction/tr_in_12454124::inaction_skip_shuffle:seed20260602:sample16,inaction,inaction/tr_in_12454124,inaction_skip_shuffle_16,inaction_skip_shuffle,8,"[""inaction/tr_in_12454124/im_02-30-56_132.jpg"", ""inaction/tr_in_12454124/im_02-30-57_168.jpg"", ""inaction/tr_in_12454124/im_02-30-56_135.jpg"", ""inaction/tr_in_12454124/im_02-30-57_161.jpg"", ""inaction/tr_in_12454124/im_02-30-59_212.jpg"", ""inaction/tr_in_12454124/im_02-30-57_171.jpg"", ""inaction/tr_in_12454124/im_02-30-58_192.jpg"", ""inaction/tr_in_12454124/im_02-31-00_248.jpg""]","[11, 47, 14, 40, 91, 50, 71, 127]",inaction/tr_in_12454124,180,,,,shuffled,20260602.0
inaction/tr_in_12454124::inaction_skip_shuffle:seed20260602:sample17,inaction,inaction/tr_in_12454124,inaction_skip_shuffle_17,inaction_skip_shuffle,8,"[""inaction/tr_in_12454124/im_02-30-59_208.jpg"", ""inaction/tr_in_12454124/im_02-31-01_276.jpg"", ""inaction/tr_in_12454124/im_02-30-56_121.jpg"", ""inaction/tr_in_12454124/im_02-30-59_229.jpg"", ""inaction/tr_in_12454124/im_02-30-59_224.jpg"", ""inaction/tr_in_12454124/im_02-30-57_168.jpg"", ""inaction/tr_in_12454124/im_02-30-58_194.jpg"", ""inaction/tr_in_12454124/im_02-30-58_183.jpg""]","[87, 155, 0, 108, 103, 47, 73, 62]",inaction/tr_in_12454124,180,,,,shuffled,20260602.0
inaction/tr_in_12454124::inaction_skip_shuffle:seed20260602:sample18,inaction,inaction/tr_in_12454124,inaction_skip_shuffle_18,inaction_skip_shuffle,8,"[""inaction/tr_in_12454124/im_02-30-57_155.jpg"", ""inaction/tr_in_12454124/im_02-31-01_265.jpg"", ""inaction/tr_in_12454124/im_02-30-58_197.jpg"", ""inaction/tr_in_12454124/im_02-30-59_212.jpg"", ""inaction/tr_in_12454124/im_02-30-58_179.jpg"", ""inaction/tr_in_12454124/im_02-30-57_149.jpg"", ""inaction/tr_in_12454124/im_02-31-00_244.jpg"", ""inaction/tr_in_12454124/im_02-30-56_135.jpg""]","[34, 144, 76, 91, 58, 28, 123, 14]",inaction/tr_in_12454124,180,,,,shuffled,20260602.0
inaction/tr_in_12454124::inaction_skip_shuffle:seed20260602:sample19,inaction,inaction/tr_in_12454124,inaction_skip_shuffle_19,inaction_skip_shuffle,8,"[""inaction/tr_in_12454124/im_02-31-01_271.jpg"", ""inaction/tr_in_12454124/im_02-30-58_197.jpg"", ""inaction/tr_in_12454124/im_02-30-57_169.jpg"", ""inaction/tr_in_12454124/im_02-30-56_124.jpg"", ""inaction/tr_in_12454124/im_02-31-00_259.jpg"", ""inaction/tr_in_12454124/im_02-30-58_195.jpg"", ""inaction/tr_in_12454124/im_02-31-00_240.jpg"", ""inaction/tr_in_12454124/im_02-31-00_255.jpg""]","[150, 76, 48, 3, 138, 74, 119, 134]",inaction/tr_in_12454124,180,,,,shuffled,20260602.0
inaction/tr_in_12454124::inaction_skip_shuffle:seed20260602:sample20,inaction,inaction/tr_in_12454124,inaction_skip_shuffle_20,inaction_skip_shuffle,8,"[""inaction/tr_in_12454124/im_02-30-58_185.jpg"", ""inaction/tr_in_12454124/im_02-30-58_186.jpg"", ""inaction/tr_in_12454124/im_02-30-57_162.jpg"", ""inaction/tr_in_12454124/im_02-30-59_223.jpg"", ""inaction/tr_in_12454124/im_02-31-01_288.jpg"", ""inaction/tr_in_12454124/im_02-30-57_147.jpg"", ""inaction/tr_in_12454124/im_02-31-02_296.jpg"", ""inaction/tr_in_12454124/im_02-31-01_269.jpg""]","[64, 65, 41, 102, 167, 26, 175, 148]",inaction/tr_in_12454124,180,,,,shuffled,20260602.0
inaction/tr_in_12454124::inaction_skip_shuffle:seed20260602:sample21,inaction,inaction/tr_in_12454124,inaction_skip_shuffle_21,inaction_skip_shuffle,8,"[""inaction/tr_in_12454124/im_02-31-01_282.jpg"", ""inaction/tr_in_12454124/im_02-31-01_267.jpg"", ""inaction/tr_in_12454124/im_02-30-59_229.jpg"", ""inaction/tr_in_12454124/im_02-30-58_195.jpg"", ""inaction/tr_in_12454124/im_02-31-01_265.jpg"", ""inaction/tr_in_12454124/im_02-31-02_300.jpg"", ""inaction/tr_in_12454124/im_02-31-00_250.jpg"", ""inaction/tr_in_12454124/im_02-30-57_172.jpg""]","[161, 146, 108, 74, 144, 179, 129, 51]",inaction/tr_in_12454124,180,,,,shuffled,20260602.0
inaction/tr_in_12454124::inaction_skip_shuffle:seed20260602:sample22,inaction,inaction/tr_in_12454124,inaction_skip_shuffle_22,inaction_skip_shuffle,8,"[""inaction/tr_in_12454124/im_02-30-59_220.jpg"", ""inaction/tr_in_12454124/im_02-30-57_163.jpg"", ""inaction/tr_in_12454124/im_02-30-57_148.jpg"", ""inaction/tr_in_12454124/im_02-31-01_269.jpg"", ""inaction/tr_in_12454124/im_02-30-58_199.jpg"", ""inaction/tr_in_12454124/im_02-30-57_155.jpg"", ""inaction/tr_in_12454124/im_02-31-01_282.jpg"", ""inaction/tr_in_12454124/im_02-30-58_202.jpg""]","[99, 42, 27, 148, 78, 34, 161, 81]",inaction/tr_in_12454124,180,,,,shuffled,20260602.0
inaction/tr_in_12454124::inaction_skip_shuffle:seed20260602:sample23,inaction,inaction/tr_in_12454124,inaction_skip_shuffle_23,inaction_skip_shuffle,8,"[""inaction/tr_in_12454124/im_02-31-00_241.jpg"", ""inaction/tr_in_12454124/im_02-31-00_235.jpg"", ""inaction/tr_in_12454124/im_02-30-58_173.jpg"", ""inaction/tr_in_12454124/im_02-31-00_233.jpg"", ""inaction/tr_in_12454124/im_02-30-58_190.jpg"", ""inaction/tr_in_12454124/im_02-30-57_145.jpg"", ""inaction/tr_in_12454124/im_02-30-59_224.jpg"", ""inaction/tr_in_12454124/im_02-31-01_280.jpg""]","[120, 114, 52, 112, 69, 24, 103, 159]",inaction/tr_in_12454124,180,,,,shuffled,20260602.0
inaction/tr_in_231242::inaction_skip_shuffle:seed20260602:sample0,inaction,inaction/tr_in_231242,inaction_skip_shuffle_0,inaction_skip_shuffle,8,"[""inaction/tr_in_231242/im_09-34-20_87.jpg"", ""inaction/tr_in_231242/im_09-34-26_280.jpg"", ""inaction/tr_in_231242/im_09-34-19_77.jpg"", ""inaction/tr_in_231242/im_09-34-25_238.jpg"", ""inaction/tr_in_231242/im_09-34-21_142.jpg"", ""inaction/tr_in_231242/im_09-34-20_110.jpg"", ""inaction/tr_in_231242/im_09-34-23_190.jpg"", ""inaction/tr_in_231242/im_09-34-22_150.jpg""]","[36, 229, 26, 187, 91, 59, 139, 99]",inaction/tr_in_231242,250,,,,shuffled,20260602.0
inaction/tr_in_231242::inaction_skip_shuffle:seed20260602:sample1,inaction,inaction/tr_in_231242,inaction_skip_shuffle_1,inaction_skip_shuffle,8,"[""inaction/tr_in_231242/im_09-34-27_300.jpg"", ""inaction/tr_in_231242/im_09-34-25_250.jpg"", ""inaction/tr_in_231242/im_09-34-24_206.jpg"", ""inaction/tr_in_231242/im_09-34-26_267.jpg"", ""inaction/tr_in_231242/im_09-34-19_65.jpg"", ""inaction/tr_in_231242/im_09-34-25_260.jpg"", ""inaction/tr_in_231242/im_09-34-22_158.jpg"", ""inaction/tr_in_231242/im_09-34-19_63.jpg""]","[249, 199, 155, 216, 14, 209, 107, 12]",inaction/tr_in_231242,250,,,,shuffled,20260602.0
inaction/tr_in_231242::inaction_skip_shuffle:seed20260602:sample2,inaction,inaction/tr_in_231242,inaction_skip_shuffle_2,inaction_skip_shuffle,8,"[""inaction/tr_in_231242/im_09-34-24_217.jpg"", ""inaction/tr_in_231242/im_09-34-20_90.jpg"", ""inaction/tr_in_231242/im_09-34-25_246.jpg"", ""inaction/tr_in_231242/im_09-34-19_74.jpg"", ""inaction/tr_in_231242/im_09-34-20_105.jpg"", ""inaction/tr_in_231242/im_09-34-25_242.jpg"", ""inaction/tr_in_231242/im_09-34-19_58.jpg"", ""inaction/tr_in_231242/im_09-34-26_294.jpg""]","[166, 39, 195, 23, 54, 191, 7, 243]",inaction/tr_in_231242,250,,,,shuffled,20260602.0
inaction/tr_in_231242::inaction_skip_shuffle:seed20260602:sample3,inaction,inaction/tr_in_231242,inaction_skip_shuffle_3,inaction_skip_shuffle,8,"[""inaction/tr_in_231242/im_09-34-20_90.jpg"", ""inaction/tr_in_231242/im_09-34-24_219.jpg"", ""inaction/tr_in_231242/im_09-34-21_135.jpg"", ""inaction/tr_in_231242/im_09-34-25_236.jpg"", ""inaction/tr_in_231242/im_09-34-23_185.jpg"", ""inaction/tr_in_231242/im_09-34-26_285.jpg"", ""inaction/tr_in_231242/im_09-34-22_174.jpg"", ""inaction/tr_in_231242/im_09-34-23_183.jpg""]","[39, 168, 84, 185, 134, 234, 123, 132]",inaction/tr_in_231242,250,,,,shuffled,20260602.0
inaction/tr_in_231242::inaction_skip_shuffle:seed20260602:sample4,inaction,inaction/tr_in_231242,inaction_skip_shuffle_4,inaction_skip_shuffle,8,"[""inaction/tr_in_231242/im_09-34-26_285.jpg"", ""inaction/tr_in_231242/im_09-34-25_261.jpg"", ""inaction/tr_in_231242/im_09-34-22_148.jpg"", ""inaction/tr_in_231242/im_09-34-24_223.jpg"", ""inaction/tr_in_231242/im_09-34-21_137.jpg"", ""inaction/tr_in_231242/im_09-34-27_298.jpg"", ""inaction/tr_in_231242/im_09-34-24_225.jpg"", ""inaction/tr_in_231242/im_09-34-23_192.jpg""]","[234, 210, 97, 172, 86, 247, 174, 141]",inaction/tr_in_231242,250,,,,shuffled,20260602.0
inaction/tr_in_231242::inaction_skip_shuffle:seed20260602:sample5,inaction,inaction/tr_in_231242,inaction_skip_shuffle_5,inaction_skip_shuffle,8,"[""inaction/tr_in_231242/im_09-34-23_188.jpg"", ""inaction/tr_in_231242/im_09-34-19_82.jpg"", ""inaction/tr_in_231242/im_09-34-22_160.jpg"", ""inaction/tr_in_231242/im_09-34-19_77.jpg"", ""inaction/tr_in_231242/im_09-34-25_251.jpg"", ""inaction/tr_in_231242/im_09-34-20_114.jpg"", ""inaction/tr_in_231242/im_09-34-22_154.jpg"", ""inaction/tr_in_231242/im_09-34-25_256.jpg""]","[137, 31, 109, 26, 200, 63, 103, 205]",inaction/tr_in_231242,250,,,,shuffled,20260602.0
inaction/tr_in_231242::inaction_skip_shuffle:seed20260602:sample6,inaction,inaction/tr_in_231242,inaction_skip_shuffle_6,inaction_skip_shuffle,8,"[""inaction/tr_in_231242/im_09-34-22_155.jpg"", ""inaction/tr_in_231242/im_09-34-18_54.jpg"", ""inaction/tr_in_231242/im_09-34-27_299.jpg"", ""inaction/tr_in_231242/im_09-34-23_183.jpg"", ""inaction/tr_in_231242/im_09-34-19_59.jpg"", ""inaction/tr_in_231242/im_09-34-25_248.jpg"", ""inaction/tr_in_231242/im_09-34-27_295.jpg"", ""inaction/tr_in_231242/im_09-34-22_172.jpg""]","[104, 3, 248, 132, 8, 197, 244, 121]",inaction/tr_in_231242,250,,,,shuffled,20260602.0
inaction/tr_in_231242::inaction_skip_shuffle:seed20260602:sample7,inaction,inaction/tr_in_231242,inaction_skip_shuffle_7,inaction_skip_shuffle,8,"[""inaction/tr_in_231242/im_09-34-21_133.jpg"", ""inaction/tr_in_231242/im_09-34-19_84.jpg"", ""inaction/tr_in_231242/im_09-34-19_73.jpg"", ""inaction/tr_in_231242/im_09-34-25_238.jpg"", ""inaction/tr_in_231242/im_09-34-20_113.jpg"", ""inaction/tr_in_231242/im_09-34-21_132.jpg"", ""inaction/tr_in_231242/im_09-34-22_161.jpg"", ""inaction/tr_in_231242/im_09-34-24_221.jpg""]","[82, 33, 22, 187, 62, 81, 110, 170]",inaction/tr_in_231242,250,,,,shuffled,20260602.0
inaction/tr_in_231242::inaction_skip_shuffle:seed20260602:sample8,inaction,inaction/tr_in_231242,inaction_skip_shuffle_8,inaction_skip_shuffle,8,"[""inaction/tr_in_231242/im_09-34-20_102.jpg"", ""inaction/tr_in_231242/im_09-34-19_68.jpg"", ""inaction/tr_in_231242/im_09-34-26_278.jpg"", ""inaction/tr_in_231242/im_09-34-20_89.jpg"", ""inaction/tr_in_231242/im_09-34-18_52.jpg"", ""inaction/tr_in_231242/im_09-34-26_266.jpg"", ""inaction/tr_in_231242/im_09-34-22_170.jpg"", ""inaction/tr_in_231242/im_09-34-20_104.jpg""]","[51, 17, 227, 38, 1, 215, 119, 53]",inaction/tr_in_231242,250,,,,shuffled,20260602.0
inaction/tr_in_231242::inaction_skip_shuffle:seed20260602:sample9,inaction,inaction/tr_in_231242,inaction_skip_shuffle_9,inaction_skip_shuffle,8,"[""inaction/tr_in_231242/im_09-34-19_70.jpg"", ""inaction/tr_in_231242/im_09-34-19_72.jpg"", ""inaction/tr_in_231242/im_09-34-19_68.jpg"", ""inaction/tr_in_231242/im_09-34-21_132.jpg"", ""inaction/tr_in_231242/im_09-34-20_95.jpg"", ""inaction/tr_in_231242/im_09-34-23_179.jpg"", ""inaction/tr_in_231242/im_09-34-20_86.jpg"", ""inaction/tr_in_231242/im_09-34-21_127.jpg""]","[19, 21, 17, 81, 44, 128, 35, 76]",inaction/tr_in_231242,250,,,,shuffled,20260602.0
inaction/tr_in_231242::inaction_skip_shuffle:seed20260602:sample10,inaction,inaction/tr_in_231242,inaction_skip_shuffle_10,inaction_skip_shuffle,8,"[""inaction/tr_in_231242/im_09-34-22_174.jpg"", ""inaction/tr_in_231242/im_09-34-23_186.jpg"", ""inaction/tr_in_231242/im_09-34-24_209.jpg"", ""inaction/tr_in_231242/im_09-34-21_139.jpg"", ""inaction/tr_in_231242/im_09-34-21_135.jpg"", ""inaction/tr_in_231242/im_09-34-19_56.jpg"", ""inaction/tr_in_231242/im_09-34-19_70.jpg"", ""inaction/tr_in_231242/im_09-34-25_253.jpg""]","[123, 135, 158, 88, 84, 5, 19, 202]",inaction/tr_in_231242,250,,,,shuffled,20260602.0
inaction/tr_in_231242::inaction_skip_shuffle:seed20260602:sample11,inaction,inaction/tr_in_231242,inaction_skip_shuffle_11,inaction_skip_shuffle,8,"[""inaction/tr_in_231242/im_09-34-25_254.jpg"", ""inaction/tr_in_231242/im_09-34-20_92.jpg"", ""inaction/tr_in_231242/im_09-34-24_222.jpg"", ""inaction/tr_in_231242/im_09-34-19_67.jpg"", ""inaction/tr_in_231242/im_09-34-26_269.jpg"", ""inaction/tr_in_231242/im_09-34-25_235.jpg"", ""inaction/tr_in_231242/im_09-34-23_187.jpg"", ""inaction/tr_in_231242/im_09-34-22_156.jpg""]","[203, 41, 171, 16, 218, 184, 136, 105]",inaction/tr_in_231242,250,,,,shuffled,20260602.0
inaction/tr_in_231242::inaction_skip_shuffle:seed20260602:sample12,inaction,inaction/tr_in_231242,inaction_skip_shuffle_12,inaction_skip_shuffle,8,"[""inaction/tr_in_231242/im_09-34-25_238.jpg"", ""inaction/tr_in_231242/im_09-34-23_203.jpg"", ""inaction/tr_in_231242/im_09-34-26_286.jpg"", ""inaction/tr_in_231242/im_09-34-22_150.jpg"", ""inaction/tr_in_231242/im_09-34-20_90.jpg"", ""inaction/tr_in_231242/im_09-34-25_252.jpg"", ""inaction/tr_in_231242/im_09-34-26_291.jpg"", ""inaction/tr_in_231242/im_09-34-19_84.jpg""]","[187, 152, 235, 99, 39, 201, 240, 33]",inaction/tr_in_231242,250,,,,shuffled,20260602.0
inaction/tr_in_231242::inaction_skip_shuffle:seed20260602:sample13,inaction,inaction/tr_in_231242,inaction_skip_shuffle_13,inaction_skip_shuffle,8,"[""inaction/tr_in_231242/im_09-34-20_92.jpg"", ""inaction/tr_in_231242/im_09-34-19_82.jpg"", ""inaction/tr_in_231242/im_09-34-24_205.jpg"", ""inaction/tr_in_231242/im_09-34-19_65.jpg"", ""inaction/tr_in_231242/im_09-34-21_143.jpg"", ""inaction/tr_in_231242/im_09-34-20_105.jpg"", ""inaction/tr_in_231242/im_09-34-26_281.jpg"", ""inaction/tr_in_231242/im_09-34-22_148.jpg""]","[41, 31, 154, 14, 92, 54, 230, 97]",inaction/tr_in_231242,250,,,,shuffled,20260602.0
inaction/tr_in_231242::inaction_skip_shuffle:seed20260602:sample14,inaction,inaction/tr_in_231242,inaction_skip_shuffle_14,inaction_skip_shuffle,8,"[""inaction/tr_in_231242/im_09-34-25_264.jpg"", ""inaction/tr_in_231242/im_09-34-26_293.jpg"", ""inaction/tr_in_231242/im_09-34-19_62.jpg"", ""inaction/tr_in_231242/im_09-34-27_298.jpg"", ""inaction/tr_in_231242/im_09-34-22_148.jpg"", ""inaction/tr_in_231242/im_09-34-25_238.jpg"", ""inaction/tr_in_231242/im_09-34-26_280.jpg"", ""inaction/tr_in_231242/im_09-34-26_289.jpg""]","[213, 242, 11, 247, 97, 187, 229, 238]",inaction/tr_in_231242,250,,,,shuffled,20260602.0
inaction/tr_in_231242::inaction_skip_shuffle:seed20260602:sample15,inaction,inaction/tr_in_231242,inaction_skip_shuffle_15,inaction_skip_shuffle,8,"[""inaction/tr_in_231242/im_09-34-23_178.jpg"", ""inaction/tr_in_231242/im_09-34-22_172.jpg"", ""inaction/tr_in_231242/im_09-34-19_61.jpg"", ""inaction/tr_in_231242/im_09-34-20_111.jpg"", ""inaction/tr_in_231242/im_09-34-21_130.jpg"", ""inaction/tr_in_231242/im_09-34-21_129.jpg"", ""inaction/tr_in_231242/im_09-34-24_230.jpg"", ""inaction/tr_in_231242/im_09-34-20_105.jpg""]","[127, 121, 10, 60, 79, 78, 179, 54]",inaction/tr_in_231242,250,,,,shuffled,20260602.0
inaction/tr_in_231242::inaction_skip_shuffle:seed20260602:sample16,inaction,inaction/tr_in_231242,inaction_skip_shuffle_16,inaction_skip_shuffle,8,"[""inaction/tr_in_231242/im_09-34-20_94.jpg"", ""inaction/tr_in_231242/im_09-34-19_81.jpg"", ""inaction/tr_in_231242/im_09-34-22_173.jpg"", ""inaction/tr_in_231242/im_09-34-26_276.jpg"", ""inaction/tr_in_231242/im_09-34-23_199.jpg"", ""inaction/tr_in_231242/im_09-34-23_183.jpg"", ""inaction/tr_in_231242/im_09-34-26_294.jpg"", ""inaction/tr_in_231242/im_09-34-23_187.jpg""]","[43, 30, 122, 225, 148, 132, 243, 136]",inaction/tr_in_231242,250,,,,shuffled,20260602.0
inaction/tr_in_231242::inaction_skip_shuffle:seed20260602:sample17,inaction,inaction/tr_in_231242,inaction_skip_shuffle_17,inaction_skip_shuffle,8,"[""inaction/tr_in_231242/im_09-34-19_58.jpg"", ""inaction/tr_in_231242/im_09-34-19_65.jpg"", ""inaction/tr_in_231242/im_09-34-19_63.jpg"", ""inaction/tr_in_231242/im_09-34-20_112.jpg"", ""inaction/tr_in_231242/im_09-34-22_162.jpg"", ""inaction/tr_in_231242/im_09-34-24_221.jpg"", ""inaction/tr_in_231242/im_09-34-19_55.jpg"", ""inaction/tr_in_231242/im_09-34-22_158.jpg""]","[7, 14, 12, 61, 111, 170, 4, 107]",inaction/tr_in_231242,250,,,,shuffled,20260602.0
inaction/tr_in_231242::inaction_skip_shuffle:seed20260602:sample18,inaction,inaction/tr_in_231242,inaction_skip_shuffle_18,inaction_skip_shuffle,8,"[""inaction/tr_in_231242/im_09-34-24_232.jpg"", ""inaction/tr_in_231242/im_09-34-22_154.jpg"", ""inaction/tr_in_231242/im_09-34-26_269.jpg"", ""inaction/tr_in_231242/im_09-34-22_164.jpg"", ""inaction/tr_in_231242/im_09-34-18_52.jpg"", ""inaction/tr_in_231242/im_09-34-20_112.jpg"", ""inaction/tr_in_231242/im_09-34-21_141.jpg"", ""inaction/tr_in_231242/im_09-34-23_182.jpg""]","[181, 103, 218, 113, 1, 61, 90, 131]",inaction/tr_in_231242,250,,,,shuffled,20260602.0
inaction/tr_in_231242::inaction_skip_shuffle:seed20260602:sample19,inaction,inaction/tr_in_231242,inaction_skip_shuffle_19,inaction_skip_shuffle,8,"[""inaction/tr_in_231242/im_09-34-21_116.jpg"", ""inaction/tr_in_231242/im_09-34-19_82.jpg"", ""inaction/tr_in_231242/im_09-34-21_129.jpg"", ""inaction/tr_in_231242/im_09-34-25_237.jpg"", ""inaction/tr_in_231242/im_09-34-20_96.jpg"", ""inaction/tr_in_231242/im_09-34-23_178.jpg"", ""inaction/tr_in_231242/im_09-34-20_109.jpg"", ""inaction/tr_in_231242/im_09-34-25_243.jpg""]","[65, 31, 78, 186, 45, 127, 58, 192]",inaction/tr_in_231242,250,,,,shuffled,20260602.0
inaction/tr_in_231242::inaction_skip_shuffle:seed20260602:sample20,inaction,inaction/tr_in_231242,inaction_skip_shuffle_20,inaction_skip_shuffle,8,"[""inaction/tr_in_231242/im_09-34-20_99.jpg"", ""inaction/tr_in_231242/im_09-34-25_260.jpg"", ""inaction/tr_in_231242/im_09-34-23_190.jpg"", ""inaction/tr_in_231242/im_09-34-22_160.jpg"", ""inaction/tr_in_231242/im_09-34-19_55.jpg"", ""inaction/tr_in_231242/im_09-34-26_292.jpg"", ""inaction/tr_in_231242/im_09-34-21_118.jpg"", ""inaction/tr_in_231242/im_09-34-25_248.jpg""]","[48, 209, 139, 109, 4, 241, 67, 197]",inaction/tr_in_231242,250,,,,shuffled,20260602.0
inaction/tr_in_231242::inaction_skip_shuffle:seed20260602:sample21,inaction,inaction/tr_in_231242,inaction_skip_shuffle_21,inaction_skip_shuffle,8,"[""inaction/tr_in_231242/im_09-34-21_131.jpg"", ""inaction/tr_in_231242/im_09-34-25_250.jpg"", ""inaction/tr_in_231242/im_09-34-19_64.jpg"", ""inaction/tr_in_231242/im_09-34-26_274.jpg"", ""inaction/tr_in_231242/im_09-34-22_160.jpg"", ""inaction/tr_in_231242/im_09-34-26_269.jpg"", ""inaction/tr_in_231242/im_09-34-20_100.jpg"", ""inaction/tr_in_231242/im_09-34-24_206.jpg""]","[80, 199, 13, 223, 109, 218, 49, 155]",inaction/tr_in_231242,250,,,,shuffled,20260602.0
inaction/tr_in_231242::inaction_skip_shuffle:seed20260602:sample22,inaction,inaction/tr_in_231242,inaction_skip_shuffle_22,inaction_skip_shuffle,8,"[""inaction/tr_in_231242/im_09-34-19_74.jpg"", ""inaction/tr_in_231242/im_09-34-24_212.jpg"", ""inaction/tr_in_231242/im_09-34-25_238.jpg"", ""inaction/tr_in_231242/im_09-34-25_249.jpg"", ""inaction/tr_in_231242/im_09-34-24_220.jpg"", ""inaction/tr_in_231242/im_09-34-22_173.jpg"", ""inaction/tr_in_231242/im_09-34-20_100.jpg"", ""inaction/tr_in_231242/im_09-34-24_218.jpg""]","[23, 161, 187, 198, 169, 122, 49, 167]",inaction/tr_in_231242,250,,,,shuffled,20260602.0
inaction/tr_in_231242::inaction_skip_shuffle:seed20260602:sample23,inaction,inaction/tr_in_231242,inaction_skip_shuffle_23,inaction_skip_shuffle,8,"[""inaction/tr_in_231242/im_09-34-26_274.jpg"", ""inaction/tr_in_231242/im_09-34-26_265.jpg"", ""inaction/tr_in_231242/im_09-34-22_147.jpg"", ""inaction/tr_in_231242/im_09-34-26_292.jpg"", ""inaction/tr_in_231242/im_09-34-19_84.jpg"", ""inaction/tr_in_231242/im_09-34-19_78.jpg"", ""inaction/tr_in_231242/im_09-34-25_236.jpg"", ""inaction/tr_in_231242/im_09-34-21_144.jpg""]","[223, 214, 96, 241, 33, 27, 185, 93]",inaction/tr_in_231242,250,,,,shuffled,20260602.0
inaction/tr_in_41245124::inaction_skip_shuffle:seed20260602:sample0,inaction,inaction/tr_in_41245124,inaction_skip_shuffle_0,inaction_skip_shuffle,8,"[""inaction/tr_in_41245124/im_01-30-42_66.jpg"", ""inaction/tr_in_41245124/im_01-30-37_25.jpg"", ""inaction/tr_in_41245124/im_01-30-38_36.jpg"", ""inaction/tr_in_41245124/im_01-30-42_72.jpg"", ""inaction/tr_in_41245124/im_01-30-38_31.jpg"", ""inaction/tr_in_41245124/im_01-30-36_10.jpg"", ""inaction/tr_in_41245124/im_01-30-42_65.jpg"", ""inaction/tr_in_41245124/im_01-30-38_35.jpg""]","[65, 24, 35, 71, 30, 9, 64, 34]",inaction/tr_in_41245124,98,,,,shuffled,20260602.0
inaction/tr_in_41245124::inaction_skip_shuffle:seed20260602:sample1,inaction,inaction/tr_in_41245124,inaction_skip_shuffle_1,inaction_skip_shuffle,8,"[""inaction/tr_in_41245124/im_01-30-39_42.jpg"", ""inaction/tr_in_41245124/im_01-30-38_36.jpg"", ""inaction/tr_in_41245124/im_01-30-39_40.jpg"", ""inaction/tr_in_41245124/im_01-30-42_64.jpg"", ""inaction/tr_in_41245124/im_01-30-43_90.jpg"", ""inaction/tr_in_41245124/im_01-30-41_57.jpg"", ""inaction/tr_in_41245124/im_01-30-42_65.jpg"", ""inaction/tr_in_41245124/im_01-30-37_17.jpg""]","[41, 35, 39, 63, 89, 56, 64, 16]",inaction/tr_in_41245124,98,,,,shuffled,20260602.0
inaction/tr_in_41245124::inaction_skip_shuffle:seed20260602:sample2,inaction,inaction/tr_in_41245124,inaction_skip_shuffle_2,inaction_skip_shuffle,8,"[""inaction/tr_in_41245124/im_01-30-43_86.jpg"", ""inaction/tr_in_41245124/im_01-30-41_56.jpg"", ""inaction/tr_in_41245124/im_01-30-41_58.jpg"", ""inaction/tr_in_41245124/im_01-30-43_83.jpg"", ""inaction/tr_in_41245124/im_01-30-43_87.jpg"", ""inaction/tr_in_41245124/im_01-30-39_43.jpg"", ""inaction/tr_in_41245124/im_01-30-42_72.jpg"", ""inaction/tr_in_41245124/im_01-30-38_36.jpg""]","[85, 55, 57, 82, 86, 42, 71, 35]",inaction/tr_in_41245124,98,,,,shuffled,20260602.0
inaction/tr_in_41245124::inaction_skip_shuffle:seed20260602:sample3,inaction,inaction/tr_in_41245124,inaction_skip_shuffle_3,inaction_skip_shuffle,8,"[""inaction/tr_in_41245124/im_01-30-43_86.jpg"", ""inaction/tr_in_41245124/im_01-30-37_24.jpg"", ""inaction/tr_in_41245124/im_01-30-43_85.jpg"", ""inaction/tr_in_41245124/im_01-30-36_9.jpg"", ""inaction/tr_in_41245124/im_01-30-37_25.jpg"", ""inaction/tr_in_41245124/im_01-30-41_53.jpg"", ""inaction/tr_in_41245124/im_01-30-40_49.jpg"", ""inaction/tr_in_41245124/im_01-30-36_1.jpg""]","[85, 23, 84, 8, 24, 52, 48, 0]",inaction/tr_in_41245124,98,,,,shuffled,20260602.0
inaction/tr_in_41245124::inaction_skip_shuffle:seed20260602:sample4,inaction,inaction/tr_in_41245124,inaction_skip_shuffle_4,inaction_skip_shuffle,8,"[""inaction/tr_in_41245124/im_01-30-39_43.jpg"", ""inaction/tr_in_41245124/im_01-30-41_55.jpg"", ""inaction/tr_in_41245124/im_01-30-39_45.jpg"", ""inaction/tr_in_41245124/im_01-30-43_92.jpg"", ""inaction/tr_in_41245124/im_01-30-40_50.jpg"", ""inaction/tr_in_41245124/im_01-30-43_86.jpg"", ""inaction/tr_in_41245124/im_01-30-42_68.jpg"", ""inaction/tr_in_41245124/im_01-30-39_39.jpg""]","[42, 54, 44, 91, 49, 85, 67, 38]",inaction/tr_in_41245124,98,,,,shuffled,20260602.0
inaction/tr_in_41245124::inaction_skip_shuffle:seed20260602:sample5,inaction,inaction/tr_in_41245124,inaction_skip_shuffle_5,inaction_skip_shuffle,8,"[""inaction/tr_in_41245124/im_01-30-36_10.jpg"", ""inaction/tr_in_41245124/im_01-30-39_39.jpg"", ""inaction/tr_in_41245124/im_01-30-36_3.jpg"", ""inaction/tr_in_41245124/im_01-30-36_8.jpg"", ""inaction/tr_in_41245124/im_01-30-37_14.jpg"", ""inaction/tr_in_41245124/im_01-30-43_98.jpg"", ""inaction/tr_in_41245124/im_01-30-39_44.jpg"", ""inaction/tr_in_41245124/im_01-30-36_11.jpg""]","[9, 38, 2, 7, 13, 97, 43, 10]",inaction/tr_in_41245124,98,,,,shuffled,20260602.0
inaction/tr_in_41245124::inaction_skip_shuffle:seed20260602:sample6,inaction,inaction/tr_in_41245124,inaction_skip_shuffle_6,inaction_skip_shuffle,8,"[""inaction/tr_in_41245124/im_01-30-37_19.jpg"", ""inaction/tr_in_41245124/im_01-30-42_66.jpg"", ""inaction/tr_in_41245124/im_01-30-43_92.jpg"", ""inaction/tr_in_41245124/im_01-30-38_27.jpg"", ""inaction/tr_in_41245124/im_01-30-43_87.jpg"", ""inaction/tr_in_41245124/im_01-30-41_58.jpg"", ""inaction/tr_in_41245124/im_01-30-43_84.jpg"", ""inaction/tr_in_41245124/im_01-30-41_56.jpg""]","[18, 65, 91, 26, 86, 57, 83, 55]",inaction/tr_in_41245124,98,,,,shuffled,20260602.0
inaction/tr_in_41245124::inaction_skip_shuffle:seed20260602:sample7,inaction,inaction/tr_in_41245124,inaction_skip_shuffle_7,inaction_skip_shuffle,8,"[""inaction/tr_in_41245124/im_01-30-41_60.jpg"", ""inaction/tr_in_41245124/im_01-30-43_95.jpg"", ""inaction/tr_in_41245124/im_01-30-37_21.jpg"", ""inaction/tr_in_41245124/im_01-30-42_79.jpg"", ""inaction/tr_in_41245124/im_01-30-42_77.jpg"", ""inaction/tr_in_41245124/im_01-30-43_89.jpg"", ""inaction/tr_in_41245124/im_01-30-42_66.jpg"", ""inaction/tr_in_41245124/im_01-30-39_40.jpg""]","[59, 94, 20, 78, 76, 88, 65, 39]",inaction/tr_in_41245124,98,,,,shuffled,20260602.0
inaction/tr_in_41245124::inaction_skip_shuffle:seed20260602:sample8,inaction,inaction/tr_in_41245124,inaction_skip_shuffle_8,inaction_skip_shuffle,8,"[""inaction/tr_in_41245124/im_01-30-42_70.jpg"", ""inaction/tr_in_41245124/im_01-30-42_68.jpg"", ""inaction/tr_in_41245124/im_01-30-39_41.jpg"", ""inaction/tr_in_41245124/im_01-30-38_31.jpg"", ""inaction/tr_in_41245124/im_01-30-37_17.jpg"", ""inaction/tr_in_41245124/im_01-30-38_28.jpg"", ""inaction/tr_in_41245124/im_01-30-43_94.jpg"", ""inaction/tr_in_41245124/im_01-30-42_81.jpg""]","[69, 67, 40, 30, 16, 27, 93, 80]",inaction/tr_in_41245124,98,,,,shuffled,20260602.0
inaction/tr_in_41245124::inaction_skip_shuffle:seed20260602:sample9,inaction,inaction/tr_in_41245124,inaction_skip_shuffle_9,inaction_skip_shuffle,8,"[""inaction/tr_in_41245124/im_01-30-42_65.jpg"", ""inaction/tr_in_41245124/im_01-30-39_43.jpg"", ""inaction/tr_in_41245124/im_01-30-42_68.jpg"", ""inaction/tr_in_41245124/im_01-30-42_82.jpg"", ""inaction/tr_in_41245124/im_01-30-40_51.jpg"", ""inaction/tr_in_41245124/im_01-30-42_64.jpg"", ""inaction/tr_in_41245124/im_01-30-42_70.jpg"", ""inaction/tr_in_41245124/im_01-30-43_94.jpg""]","[64, 42, 67, 81, 50, 63, 69, 93]",inaction/tr_in_41245124,98,,,,shuffled,20260602.0
inaction/tr_in_41245124::inaction_skip_shuffle:seed20260602:sample10,inaction,inaction/tr_in_41245124,inaction_skip_shuffle_10,inaction_skip_shuffle,8,"[""inaction/tr_in_41245124/im_01-30-42_63.jpg"", ""inaction/tr_in_41245124/im_01-30-43_95.jpg"", ""inaction/tr_in_41245124/im_01-30-38_27.jpg"", ""inaction/tr_in_41245124/im_01-30-42_80.jpg"", ""inaction/tr_in_41245124/im_01-30-40_47.jpg"", ""inaction/tr_in_41245124/im_01-30-42_81.jpg"", ""inaction/tr_in_41245124/im_01-30-40_51.jpg"", ""inaction/tr_in_41245124/im_01-30-43_97.jpg""]","[62, 94, 26, 79, 46, 80, 50, 96]",inaction/tr_in_41245124,98,,,,shuffled,20260602.0
inaction/tr_in_41245124::inaction_skip_shuffle:seed20260602:sample11,inaction,inaction/tr_in_41245124,inaction_skip_shuffle_11,inaction_skip_shuffle,8,"[""inaction/tr_in_41245124/im_01-30-39_40.jpg"", ""inaction/tr_in_41245124/im_01-30-42_81.jpg"", ""inaction/tr_in_41245124/im_01-30-42_71.jpg"", ""inaction/tr_in_41245124/im_01-30-42_68.jpg"", ""inaction/tr_in_41245124/im_01-30-37_25.jpg"", ""inaction/tr_in_41245124/im_01-30-41_52.jpg"", ""inaction/tr_in_41245124/im_01-30-39_45.jpg"", ""inaction/tr_in_41245124/im_01-30-41_61.jpg""]","[39, 80, 70, 67, 24, 51, 44, 60]",inaction/tr_in_41245124,98,,,,shuffled,20260602.0
inaction/tr_in_41245124::inaction_skip_shuffle:seed20260602:sample12,inaction,inaction/tr_in_41245124,inaction_skip_shuffle_12,inaction_skip_shuffle,8,"[""inaction/tr_in_41245124/im_01-30-41_53.jpg"", ""inaction/tr_in_41245124/im_01-30-40_51.jpg"", ""inaction/tr_in_41245124/im_01-30-37_22.jpg"", ""inaction/tr_in_41245124/im_01-30-37_19.jpg"", ""inaction/tr_in_41245124/im_01-30-41_62.jpg"", ""inaction/tr_in_41245124/im_01-30-42_82.jpg"", ""inaction/tr_in_41245124/im_01-30-38_27.jpg"", ""inaction/tr_in_41245124/im_01-30-37_14.jpg""]","[52, 50, 21, 18, 61, 81, 26, 13]",inaction/tr_in_41245124,98,,,,shuffled,20260602.0
inaction/tr_in_41245124::inaction_skip_shuffle:seed20260602:sample13,inaction,inaction/tr_in_41245124,inaction_skip_shuffle_13,inaction_skip_shuffle,8,"[""inaction/tr_in_41245124/im_01-30-43_91.jpg"", ""inaction/tr_in_41245124/im_01-30-42_69.jpg"", ""inaction/tr_in_41245124/im_01-30-38_35.jpg"", ""inaction/tr_in_41245124/im_01-30-41_61.jpg"", ""inaction/tr_in_41245124/im_01-30-36_13.jpg"", ""inaction/tr_in_41245124/im_01-30-38_28.jpg"", ""inaction/tr_in_41245124/im_01-30-41_59.jpg"", ""inaction/tr_in_41245124/im_01-30-43_96.jpg""]","[90, 68, 34, 60, 12, 27, 58, 95]",inaction/tr_in_41245124,98,,,,shuffled,20260602.0
inaction/tr_in_41245124::inaction_skip_shuffle:seed20260602:sample14,inaction,inaction/tr_in_41245124,inaction_skip_shuffle_14,inaction_skip_shuffle,8,"[""inaction/tr_in_41245124/im_01-30-36_6.jpg"", ""inaction/tr_in_41245124/im_01-30-40_49.jpg"", ""inaction/tr_in_41245124/im_01-30-43_86.jpg"", ""inaction/tr_in_41245124/im_01-30-37_21.jpg"", ""inaction/tr_in_41245124/im_01-30-37_25.jpg"", ""inaction/tr_in_41245124/im_01-30-43_87.jpg"", ""inaction/tr_in_41245124/im_01-30-43_90.jpg"", ""inaction/tr_in_41245124/im_01-30-42_64.jpg""]","[5, 48, 85, 20, 24, 86, 89, 63]",inaction/tr_in_41245124,98,,,,shuffled,20260602.0
inaction/tr_in_41245124::inaction_skip_shuffle:seed20260602:sample15,inaction,inaction/tr_in_41245124,inaction_skip_shuffle_15,inaction_skip_shuffle,8,"[""inaction/tr_in_41245124/im_01-30-36_7.jpg"", ""inaction/tr_in_41245124/im_01-30-41_54.jpg"", ""inaction/tr_in_41245124/im_01-30-36_10.jpg"", ""inaction/tr_in_41245124/im_01-30-37_22.jpg"", ""inaction/tr_in_41245124/im_01-30-38_31.jpg"", ""inaction/tr_in_41245124/im_01-30-41_62.jpg"", ""inaction/tr_in_41245124/im_01-30-36_8.jpg"", ""inaction/tr_in_41245124/im_01-30-42_68.jpg""]","[6, 53, 9, 21, 30, 61, 7, 67]",inaction/tr_in_41245124,98,,,,shuffled,20260602.0
inaction/tr_in_41245124::inaction_skip_shuffle:seed20260602:sample16,inaction,inaction/tr_in_41245124,inaction_skip_shuffle_16,inaction_skip_shuffle,8,"[""inaction/tr_in_41245124/im_01-30-36_4.jpg"", ""inaction/tr_in_41245124/im_01-30-42_69.jpg"", ""inaction/tr_in_41245124/im_01-30-40_50.jpg"", ""inaction/tr_in_41245124/im_01-30-38_32.jpg"", ""inaction/tr_in_41245124/im_01-30-40_49.jpg"", ""inaction/tr_in_41245124/im_01-30-37_18.jpg"", ""inaction/tr_in_41245124/im_01-30-39_42.jpg"", ""inaction/tr_in_41245124/im_01-30-36_3.jpg""]","[3, 68, 49, 31, 48, 17, 41, 2]",inaction/tr_in_41245124,98,,,,shuffled,20260602.0
inaction/tr_in_41245124::inaction_skip_shuffle:seed20260602:sample17,inaction,inaction/tr_in_41245124,inaction_skip_shuffle_17,inaction_skip_shuffle,8,"[""inaction/tr_in_41245124/im_01-30-39_42.jpg"", ""inaction/tr_in_41245124/im_01-30-40_47.jpg"", ""inaction/tr_in_41245124/im_01-30-43_88.jpg"", ""inaction/tr_in_41245124/im_01-30-42_63.jpg"", ""inaction/tr_in_41245124/im_01-30-39_37.jpg"", ""inaction/tr_in_41245124/im_01-30-38_27.jpg"", ""inaction/tr_in_41245124/im_01-30-36_10.jpg"", ""inaction/tr_in_41245124/im_01-30-38_30.jpg""]","[41, 46, 87, 62, 36, 26, 9, 29]",inaction/tr_in_41245124,98,,,,shuffled,20260602.0
inaction/tr_in_41245124::inaction_skip_shuffle:seed20260602:sample18,inaction,inaction/tr_in_41245124,inaction_skip_shuffle_18,inaction_skip_shuffle,8,"[""inaction/tr_in_41245124/im_01-30-42_66.jpg"", ""inaction/tr_in_41245124/im_01-30-38_28.jpg"", ""inaction/tr_in_41245124/im_01-30-41_60.jpg"", ""inaction/tr_in_41245124/im_01-30-38_36.jpg"", ""inaction/tr_in_41245124/im_01-30-36_13.jpg"", ""inaction/tr_in_41245124/im_01-30-43_92.jpg"", ""inaction/tr_in_41245124/im_01-30-42_75.jpg"", ""inaction/tr_in_41245124/im_01-30-42_64.jpg""]","[65, 27, 59, 35, 12, 91, 74, 63]",inaction/tr_in_41245124,98,,,,shuffled,20260602.0
inaction/tr_in_41245124::inaction_skip_shuffle:seed20260602:sample19,inaction,inaction/tr_in_41245124,inaction_skip_shuffle_19,inaction_skip_shuffle,8,"[""inaction/tr_in_41245124/im_01-30-36_2.jpg"", ""inaction/tr_in_41245124/im_01-30-42_72.jpg"", ""inaction/tr_in_41245124/im_01-30-42_65.jpg"", ""inaction/tr_in_41245124/im_01-30-42_70.jpg"", ""inaction/tr_in_41245124/im_01-30-43_90.jpg"", ""inaction/tr_in_41245124/im_01-30-41_62.jpg"", ""inaction/tr_in_41245124/im_01-30-40_48.jpg"", ""inaction/tr_in_41245124/im_01-30-42_80.jpg""]","[1, 71, 64, 69, 89, 61, 47, 79]",inaction/tr_in_41245124,98,,,,shuffled,20260602.0
inaction/tr_in_41245124::inaction_skip_shuffle:seed20260602:sample20,inaction,inaction/tr_in_41245124,inaction_skip_shuffle_20,inaction_skip_shuffle,8,"[""inaction/tr_in_41245124/im_01-30-37_24.jpg"", ""inaction/tr_in_41245124/im_01-30-37_17.jpg"", ""inaction/tr_in_41245124/im_01-30-38_29.jpg"", ""inaction/tr_in_41245124/im_01-30-36_10.jpg"", ""inaction/tr_in_41245124/im_01-30-36_7.jpg"", ""inaction/tr_in_41245124/im_01-30-42_69.jpg"", ""inaction/tr_in_41245124/im_01-30-36_5.jpg"", ""inaction/tr_in_41245124/im_01-30-42_67.jpg""]","[23, 16, 28, 9, 6, 68, 4, 66]",inaction/tr_in_41245124,98,,,,shuffled,20260602.0
inaction/tr_in_41245124::inaction_skip_shuffle:seed20260602:sample21,inaction,inaction/tr_in_41245124,inaction_skip_shuffle_21,inaction_skip_shuffle,8,"[""inaction/tr_in_41245124/im_01-30-41_58.jpg"", ""inaction/tr_in_41245124/im_01-30-43_89.jpg"", ""inaction/tr_in_41245124/im_01-30-42_76.jpg"", ""inaction/tr_in_41245124/im_01-30-40_48.jpg"", ""inaction/tr_in_41245124/im_01-30-36_4.jpg"", ""inaction/tr_in_41245124/im_01-30-43_88.jpg"", ""inaction/tr_in_41245124/im_01-30-38_31.jpg"", ""inaction/tr_in_41245124/im_01-30-41_60.jpg""]","[57, 88, 75, 47, 3, 87, 30, 59]",inaction/tr_in_41245124,98,,,,shuffled,20260602.0
inaction/tr_in_41245124::inaction_skip_shuffle:seed20260602:sample22,inaction,inaction/tr_in_41245124,inaction_skip_shuffle_22,inaction_skip_shuffle,8,"[""inaction/tr_in_41245124/im_01-30-36_4.jpg"", ""inaction/tr_in_41245124/im_01-30-38_32.jpg"", ""inaction/tr_in_41245124/im_01-30-41_58.jpg"", ""inaction/tr_in_41245124/im_01-30-36_3.jpg"", ""inaction/tr_in_41245124/im_01-30-38_28.jpg"", ""inaction/tr_in_41245124/im_01-30-42_80.jpg"", ""inaction/tr_in_41245124/im_01-30-38_36.jpg"", ""inaction/tr_in_41245124/im_01-30-38_31.jpg""]","[3, 31, 57, 2, 27, 79, 35, 30]",inaction/tr_in_41245124,98,,,,shuffled,20260602.0
inaction/tr_in_41245124::inaction_skip_shuffle:seed20260602:sample23,inaction,inaction/tr_in_41245124,inaction_skip_shuffle_23,inaction_skip_shuffle,8,"[""inaction/tr_in_41245124/im_01-30-43_83.jpg"", ""inaction/tr_in_41245124/im_01-30-42_65.jpg"", ""inaction/tr_in_41245124/im_01-30-42_66.jpg"", ""inaction/tr_in_41245124/im_01-30-39_37.jpg"", ""inaction/tr_in_41245124/im_01-30-39_40.jpg"", ""inaction/tr_in_41245124/im_01-30-37_23.jpg"", ""inaction/tr_in_41245124/im_01-30-40_47.jpg"", ""inaction/tr_in_41245124/im_01-30-36_4.jpg""]","[82, 64, 65, 36, 39, 22, 46, 3]",inaction/tr_in_41245124,98,,,,shuffled,20260602.0
inaction/track_000005::inaction_skip_shuffle:seed20260602:sample0,inaction,inaction/track_000005,inaction_skip_shuffle_0,inaction_skip_shuffle,8,"[""inaction/track_000005/im000012_00-00-22.jpg"", ""inaction/track_000005/im000027_00-00-23.jpg"", ""inaction/track_000005/im000013_00-00-22.jpg"", ""inaction/track_000005/im000039_00-00-24.jpg"", ""inaction/track_000005/im000022_00-00-23.jpg"", ""inaction/track_000005/im000014_00-00-22.jpg"", ""inaction/track_000005/im000016_00-00-23.jpg"", ""inaction/track_000005/im000036_00-00-24.jpg""]","[9, 24, 10, 36, 19, 11, 13, 33]",inaction/track_000005,37,,,,shuffled,20260602.0
inaction/track_000005::inaction_skip_shuffle:seed20260602:sample1,inaction,inaction/track_000005,inaction_skip_shuffle_1,inaction_skip_shuffle,8,"[""inaction/track_000005/im000036_00-00-24.jpg"", ""inaction/track_000005/im000023_00-00-23.jpg"", ""inaction/track_000005/im000035_00-00-24.jpg"", ""inaction/track_000005/im000018_00-00-23.jpg"", ""inaction/track_000005/im000006_00-00-22.jpg"", ""inaction/track_000005/im000024_00-00-23.jpg"", ""inaction/track_000005/im000015_00-00-22.jpg"", ""inaction/track_000005/im000010_00-00-22.jpg""]","[33, 20, 32, 15, 3, 21, 12, 7]",inaction/track_000005,37,,,,shuffled,20260602.0
inaction/track_000005::inaction_skip_shuffle:seed20260602:sample2,inaction,inaction/track_000005,inaction_skip_shuffle_2,inaction_skip_shuffle,8,"[""inaction/track_000005/im000013_00-00-22.jpg"", ""inaction/track_000005/im000031_00-00-24.jpg"", ""inaction/track_000005/im000017_00-00-23.jpg"", ""inaction/track_000005/im000020_00-00-23.jpg"", ""inaction/track_000005/im000004_00-00-22.jpg"", ""inaction/track_000005/im000007_00-00-22.jpg"", ""inaction/track_000005/im000021_00-00-23.jpg"", ""inaction/track_000005/im000023_00-00-23.jpg""]","[10, 28, 14, 17, 1, 4, 18, 20]",inaction/track_000005,37,,,,shuffled,20260602.0
inaction/track_000005::inaction_skip_shuffle:seed20260602:sample3,inaction,inaction/track_000005,inaction_skip_shuffle_3,inaction_skip_shuffle,8,"[""inaction/track_000005/im000035_00-00-24.jpg"", ""inaction/track_000005/im000003_00-00-21.jpg"", ""inaction/track_000005/im000029_00-00-24.jpg"", ""inaction/track_000005/im000016_00-00-23.jpg"", ""inaction/track_000005/im000032_00-00-24.jpg"", ""inaction/track_000005/im000027_00-00-23.jpg"", ""inaction/track_000005/im000011_00-00-22.jpg"", ""inaction/track_000005/im000034_00-00-24.jpg""]","[32, 0, 26, 13, 29, 24, 8, 31]",inaction/track_000005,37,,,,shuffled,20260602.0
inaction/track_000005::inaction_skip_shuffle:seed20260602:sample4,inaction,inaction/track_000005,inaction_skip_shuffle_4,inaction_skip_shuffle,8,"[""inaction/track_000005/im000028_00-00-24.jpg"", ""inaction/track_000005/im000017_00-00-23.jpg"", ""inaction/track_000005/im000027_00-00-23.jpg"", ""inaction/track_000005/im000024_00-00-23.jpg"", ""inaction/track_000005/im000021_00-00-23.jpg"", ""inaction/track_000005/im000030_00-00-24.jpg"", ""inaction/track_000005/im000035_00-00-24.jpg"", ""inaction/track_000005/im000014_00-00-22.jpg""]","[25, 14, 24, 21, 18, 27, 32, 11]",inaction/track_000005,37,,,,shuffled,20260602.0
inaction/track_000005::inaction_skip_shuffle:seed20260602:sample5,inaction,inaction/track_000005,inaction_skip_shuffle_5,inaction_skip_shuffle,8,"[""inaction/track_000005/im000031_00-00-24.jpg"", ""inaction/track_000005/im000018_00-00-23.jpg"", ""inaction/track_000005/im000016_00-00-23.jpg"", ""inaction/track_000005/im000022_00-00-23.jpg"", ""inaction/track_000005/im000010_00-00-22.jpg"", ""inaction/track_000005/im000009_00-00-22.jpg"", ""inaction/track_000005/im000036_00-00-24.jpg"", ""inaction/track_000005/im000014_00-00-22.jpg""]","[28, 15, 13, 19, 7, 6, 33, 11]",inaction/track_000005,37,,,,shuffled,20260602.0
inaction/track_000005::inaction_skip_shuffle:seed20260602:sample6,inaction,inaction/track_000005,inaction_skip_shuffle_6,inaction_skip_shuffle,8,"[""inaction/track_000005/im000012_00-00-22.jpg"", ""inaction/track_000005/im000038_00-00-24.jpg"", ""inaction/track_000005/im000032_00-00-24.jpg"", ""inaction/track_000005/im000016_00-00-23.jpg"", ""inaction/track_000005/im000005_00-00-22.jpg"", ""inaction/track_000005/im000024_00-00-23.jpg"", ""inaction/track_000005/im000011_00-00-22.jpg"", ""inaction/track_000005/im000004_00-00-22.jpg""]","[9, 35, 29, 13, 2, 21, 8, 1]",inaction/track_000005,37,,,,shuffled,20260602.0
inaction/track_000005::inaction_skip_shuffle:seed20260602:sample7,inaction,inaction/track_000005,inaction_skip_shuffle_7,inaction_skip_shuffle,8,"[""inaction/track_000005/im000011_00-00-22.jpg"", ""inaction/track_000005/im000028_00-00-24.jpg"", ""inaction/track_000005/im000012_00-00-22.jpg"", ""inaction/track_000005/im000018_00-00-23.jpg"", ""inaction/track_000005/im000030_00-00-24.jpg"", ""inaction/track_000005/im000036_00-00-24.jpg"", ""inaction/track_000005/im000027_00-00-23.jpg"", ""inaction/track_000005/im000019_00-00-23.jpg""]","[8, 25, 9, 15, 27, 33, 24, 16]",inaction/track_000005,37,,,,shuffled,20260602.0
inaction/track_000005::inaction_skip_shuffle:seed20260602:sample8,inaction,inaction/track_000005,inaction_skip_shuffle_8,inaction_skip_shuffle,8,"[""inaction/track_000005/im000039_00-00-24.jpg"", ""inaction/track_000005/im000004_00-00-22.jpg"", ""inaction/track_000005/im000017_00-00-23.jpg"", ""inaction/track_000005/im000011_00-00-22.jpg"", ""inaction/track_000005/im000008_00-00-22.jpg"", ""inaction/track_000005/im000018_00-00-23.jpg"", ""inaction/track_000005/im000021_00-00-23.jpg"", ""inaction/track_000005/im000012_00-00-22.jpg""]","[36, 1, 14, 8, 5, 15, 18, 9]",inaction/track_000005,37,,,,shuffled,20260602.0
inaction/track_000005::inaction_skip_shuffle:seed20260602:sample9,inaction,inaction/track_000005,inaction_skip_shuffle_9,inaction_skip_shuffle,8,"[""inaction/track_000005/im000006_00-00-22.jpg"", ""inaction/track_000005/im000011_00-00-22.jpg"", ""inaction/track_000005/im000022_00-00-23.jpg"", ""inaction/track_000005/im000015_00-00-22.jpg"", ""inaction/track_000005/im000010_00-00-22.jpg"", ""inaction/track_000005/im000029_00-00-24.jpg"", ""inaction/track_000005/im000008_00-00-22.jpg"", ""inaction/track_000005/im000019_00-00-23.jpg""]","[3, 8, 19, 12, 7, 26, 5, 16]",inaction/track_000005,37,,,,shuffled,20260602.0
inaction/track_000005::inaction_skip_shuffle:seed20260602:sample10,inaction,inaction/track_000005,inaction_skip_shuffle_10,inaction_skip_shuffle,8,"[""inaction/track_000005/im000013_00-00-22.jpg"", ""inaction/track_000005/im000008_00-00-22.jpg"", ""inaction/track_000005/im000039_00-00-24.jpg"", ""inaction/track_000005/im000005_00-00-22.jpg"", ""inaction/track_000005/im000011_00-00-22.jpg"", ""inaction/track_000005/im000003_00-00-21.jpg"", ""inaction/track_000005/im000032_00-00-24.jpg"", ""inaction/track_000005/im000026_00-00-23.jpg""]","[10, 5, 36, 2, 8, 0, 29, 23]",inaction/track_000005,37,,,,shuffled,20260602.0
inaction/track_000005::inaction_skip_shuffle:seed20260602:sample11,inaction,inaction/track_000005,inaction_skip_shuffle_11,inaction_skip_shuffle,8,"[""inaction/track_000005/im000006_00-00-22.jpg"", ""inaction/track_000005/im000016_00-00-23.jpg"", ""inaction/track_000005/im000032_00-00-24.jpg"", ""inaction/track_000005/im000023_00-00-23.jpg"", ""inaction/track_000005/im000005_00-00-22.jpg"", ""inaction/track_000005/im000039_00-00-24.jpg"", ""inaction/track_000005/im000026_00-00-23.jpg"", ""inaction/track_000005/im000021_00-00-23.jpg""]","[3, 13, 29, 20, 2, 36, 23, 18]",inaction/track_000005,37,,,,shuffled,20260602.0
inaction/track_000005::inaction_skip_shuffle:seed20260602:sample12,inaction,inaction/track_000005,inaction_skip_shuffle_12,inaction_skip_shuffle,8,"[""inaction/track_000005/im000015_00-00-22.jpg"", ""inaction/track_000005/im000025_00-00-23.jpg"", ""inaction/track_000005/im000037_00-00-24.jpg"", ""inaction/track_000005/im000012_00-00-22.jpg"", ""inaction/track_000005/im000035_00-00-24.jpg"", ""inaction/track_000005/im000030_00-00-24.jpg"", ""inaction/track_000005/im000031_00-00-24.jpg"", ""inaction/track_000005/im000020_00-00-23.jpg""]","[12, 22, 34, 9, 32, 27, 28, 17]",inaction/track_000005,37,,,,shuffled,20260602.0
inaction/track_000005::inaction_skip_shuffle:seed20260602:sample13,inaction,inaction/track_000005,inaction_skip_shuffle_13,inaction_skip_shuffle,8,"[""inaction/track_000005/im000024_00-00-23.jpg"", ""inaction/track_000005/im000018_00-00-23.jpg"", ""inaction/track_000005/im000008_00-00-22.jpg"", ""inaction/track_000005/im000025_00-00-23.jpg"", ""inaction/track_000005/im000030_00-00-24.jpg"", ""inaction/track_000005/im000005_00-00-22.jpg"", ""inaction/track_000005/im000014_00-00-22.jpg"", ""inaction/track_000005/im000023_00-00-23.jpg""]","[21, 15, 5, 22, 27, 2, 11, 20]",inaction/track_000005,37,,,,shuffled,20260602.0
inaction/track_000005::inaction_skip_shuffle:seed20260602:sample14,inaction,inaction/track_000005,inaction_skip_shuffle_14,inaction_skip_shuffle,8,"[""inaction/track_000005/im000006_00-00-22.jpg"", ""inaction/track_000005/im000009_00-00-22.jpg"", ""inaction/track_000005/im000013_00-00-22.jpg"", ""inaction/track_000005/im000021_00-00-23.jpg"", ""inaction/track_000005/im000033_00-00-24.jpg"", ""inaction/track_000005/im000010_00-00-22.jpg"", ""inaction/track_000005/im000016_00-00-23.jpg"", ""inaction/track_000005/im000018_00-00-23.jpg""]","[3, 6, 10, 18, 30, 7, 13, 15]",inaction/track_000005,37,,,,shuffled,20260602.0
inaction/track_000005::inaction_skip_shuffle:seed20260602:sample15,inaction,inaction/track_000005,inaction_skip_shuffle_15,inaction_skip_shuffle,8,"[""inaction/track_000005/im000029_00-00-24.jpg"", ""inaction/track_000005/im000006_00-00-22.jpg"", ""inaction/track_000005/im000014_00-00-22.jpg"", ""inaction/track_000005/im000033_00-00-24.jpg"", ""inaction/track_000005/im000020_00-00-23.jpg"", ""inaction/track_000005/im000035_00-00-24.jpg"", ""inaction/track_000005/im000016_00-00-23.jpg"", ""inaction/track_000005/im000003_00-00-21.jpg""]","[26, 3, 11, 30, 17, 32, 13, 0]",inaction/track_000005,37,,,,shuffled,20260602.0
inaction/track_000005::inaction_skip_shuffle:seed20260602:sample16,inaction,inaction/track_000005,inaction_skip_shuffle_16,inaction_skip_shuffle,8,"[""inaction/track_000005/im000009_00-00-22.jpg"", ""inaction/track_000005/im000030_00-00-24.jpg"", ""inaction/track_000005/im000012_00-00-22.jpg"", ""inaction/track_000005/im000005_00-00-22.jpg"", ""inaction/track_000005/im000038_00-00-24.jpg"", ""inaction/track_000005/im000019_00-00-23.jpg"", ""inaction/track_000005/im000016_00-00-23.jpg"", ""inaction/track_000005/im000039_00-00-24.jpg""]","[6, 27, 9, 2, 35, 16, 13, 36]",inaction/track_000005,37,,,,shuffled,20260602.0
inaction/track_000005::inaction_skip_shuffle:seed20260602:sample17,inaction,inaction/track_000005,inaction_skip_shuffle_17,inaction_skip_shuffle,8,"[""inaction/track_000005/im000021_00-00-23.jpg"", ""inaction/track_000005/im000005_00-00-22.jpg"", ""inaction/track_000005/im000024_00-00-23.jpg"", ""inaction/track_000005/im000037_00-00-24.jpg"", ""inaction/track_000005/im000038_00-00-24.jpg"", ""inaction/track_000005/im000007_00-00-22.jpg"", ""inaction/track_000005/im000016_00-00-23.jpg"", ""inaction/track_000005/im000004_00-00-22.jpg""]","[18, 2, 21, 34, 35, 4, 13, 1]",inaction/track_000005,37,,,,shuffled,20260602.0
inaction/track_000005::inaction_skip_shuffle:seed20260602:sample18,inaction,inaction/track_000005,inaction_skip_shuffle_18,inaction_skip_shuffle,8,"[""inaction/track_000005/im000010_00-00-22.jpg"", ""inaction/track_000005/im000004_00-00-22.jpg"", ""inaction/track_000005/im000013_00-00-22.jpg"", ""inaction/track_000005/im000024_00-00-23.jpg"", ""inaction/track_000005/im000033_00-00-24.jpg"", ""inaction/track_000005/im000036_00-00-24.jpg"", ""inaction/track_000005/im000017_00-00-23.jpg"", ""inaction/track_000005/im000022_00-00-23.jpg""]","[7, 1, 10, 21, 30, 33, 14, 19]",inaction/track_000005,37,,,,shuffled,20260602.0
inaction/track_000005::inaction_skip_shuffle:seed20260602:sample19,inaction,inaction/track_000005,inaction_skip_shuffle_19,inaction_skip_shuffle,8,"[""inaction/track_000005/im000014_00-00-22.jpg"", ""inaction/track_000005/im000028_00-00-24.jpg"", ""inaction/track_000005/im000015_00-00-22.jpg"", ""inaction/track_000005/im000029_00-00-24.jpg"", ""inaction/track_000005/im000026_00-00-23.jpg"", ""inaction/track_000005/im000012_00-00-22.jpg"", ""inaction/track_000005/im000009_00-00-22.jpg"", ""inaction/track_000005/im000003_00-00-21.jpg""]","[11, 25, 12, 26, 23, 9, 6, 0]",inaction/track_000005,37,,,,shuffled,20260602.0
inaction/track_000005::inaction_skip_shuffle:seed20260602:sample20,inaction,inaction/track_000005,inaction_skip_shuffle_20,inaction_skip_shuffle,8,"[""inaction/track_000005/im000015_00-00-22.jpg"", ""inaction/track_000005/im000004_00-00-22.jpg"", ""inaction/track_000005/im000031_00-00-24.jpg"", ""inaction/track_000005/im000022_00-00-23.jpg"", ""inaction/track_000005/im000024_00-00-23.jpg"", ""inaction/track_000005/im000020_00-00-23.jpg"", ""inaction/track_000005/im000021_00-00-23.jpg"", ""inaction/track_000005/im000012_00-00-22.jpg""]","[12, 1, 28, 19, 21, 17, 18, 9]",inaction/track_000005,37,,,,shuffled,20260602.0
inaction/track_000005::inaction_skip_shuffle:seed20260602:sample21,inaction,inaction/track_000005,inaction_skip_shuffle_21,inaction_skip_shuffle,8,"[""inaction/track_000005/im000007_00-00-22.jpg"", ""inaction/track_000005/im000024_00-00-23.jpg"", ""inaction/track_000005/im000005_00-00-22.jpg"", ""inaction/track_000005/im000014_00-00-22.jpg"", ""inaction/track_000005/im000033_00-00-24.jpg"", ""inaction/track_000005/im000023_00-00-23.jpg"", ""inaction/track_000005/im000017_00-00-23.jpg"", ""inaction/track_000005/im000035_00-00-24.jpg""]","[4, 21, 2, 11, 30, 20, 14, 32]",inaction/track_000005,37,,,,shuffled,20260602.0
inaction/track_000005::inaction_skip_shuffle:seed20260602:sample22,inaction,inaction/track_000005,inaction_skip_shuffle_22,inaction_skip_shuffle,8,"[""inaction/track_000005/im000016_00-00-23.jpg"", ""inaction/track_000005/im000030_00-00-24.jpg"", ""inaction/track_000005/im000009_00-00-22.jpg"", ""inaction/track_000005/im000031_00-00-24.jpg"", ""inaction/track_000005/im000019_00-00-23.jpg"", ""inaction/track_000005/im000018_00-00-23.jpg"", ""inaction/track_000005/im000020_00-00-23.jpg"", ""inaction/track_000005/im000035_00-00-24.jpg""]","[13, 27, 6, 28, 16, 15, 17, 32]",inaction/track_000005,37,,,,shuffled,20260602.0
inaction/track_000005::inaction_skip_shuffle:seed20260602:sample23,inaction,inaction/track_000005,inaction_skip_shuffle_23,inaction_skip_shuffle,8,"[""inaction/track_000005/im000010_00-00-22.jpg"", ""inaction/track_000005/im000017_00-00-23.jpg"", ""inaction/track_000005/im000035_00-00-24.jpg"", ""inaction/track_000005/im000016_00-00-23.jpg"", ""inaction/track_000005/im000037_00-00-24.jpg"", ""inaction/track_000005/im000018_00-00-23.jpg"", ""inaction/track_000005/im000007_00-00-22.jpg"", ""inaction/track_000005/im000011_00-00-22.jpg""]","[7, 14, 32, 13, 34, 15, 4, 8]",inaction/track_000005,37,,,,shuffled,20260602.0
inaction/track_00003312321::inaction_skip_shuffle:seed20260602:sample0,inaction,inaction/track_00003312321,inaction_skip_shuffle_0,inaction_skip_shuffle,8,"[""inaction/track_00003312321/im_01-35-43_5.jpg"", ""inaction/track_00003312321/im_01-35-44_29.jpg"", ""inaction/track_00003312321/im_01-35-43_14.jpg"", ""inaction/track_00003312321/im_01-35-44_31.jpg"", ""inaction/track_00003312321/im_01-35-44_27.jpg"", ""inaction/track_00003312321/im_01-35-44_32.jpg"", ""inaction/track_00003312321/im_01-35-43_12.jpg"", ""inaction/track_00003312321/im_01-35-43_11.jpg""]","[2, 26, 11, 28, 24, 29, 9, 8]",inaction/track_00003312321,34,,,,shuffled,20260602.0
inaction/track_00003312321::inaction_skip_shuffle:seed20260602:sample1,inaction,inaction/track_00003312321,inaction_skip_shuffle_1,inaction_skip_shuffle,8,"[""inaction/track_00003312321/im_01-35-43_14.jpg"", ""inaction/track_00003312321/im_01-35-43_20.jpg"", ""inaction/track_00003312321/im_01-35-44_27.jpg"", ""inaction/track_00003312321/im_01-35-43_11.jpg"", ""inaction/track_00003312321/im_01-35-44_31.jpg"", ""inaction/track_00003312321/im_01-35-43_21.jpg"", ""inaction/track_00003312321/im_01-35-43_17.jpg"", ""inaction/track_00003312321/im_01-35-43_12.jpg""]","[11, 17, 24, 8, 28, 18, 14, 9]",inaction/track_00003312321,34,,,,shuffled,20260602.0
inaction/track_00003312321::inaction_skip_shuffle:seed20260602:sample2,inaction,inaction/track_00003312321,inaction_skip_shuffle_2,inaction_skip_shuffle,8,"[""inaction/track_00003312321/im_01-35-43_21.jpg"", ""inaction/track_00003312321/im_01-35-44_33.jpg"", ""inaction/track_00003312321/im_01-35-44_25.jpg"", ""inaction/track_00003312321/im_01-35-12_4.jpg"", ""inaction/track_00003312321/im_01-35-44_36.jpg"", ""inaction/track_00003312321/im_01-35-44_29.jpg"", ""inaction/track_00003312321/im_01-35-43_7.jpg"", ""inaction/track_00003312321/im_01-35-44_34.jpg""]","[18, 30, 22, 1, 33, 26, 4, 31]",inaction/track_00003312321,34,,,,shuffled,20260602.0
inaction/track_00003312321::inaction_skip_shuffle:seed20260602:sample3,inaction,inaction/track_00003312321,inaction_skip_shuffle_3,inaction_skip_shuffle,8,"[""inaction/track_00003312321/im_01-35-44_27.jpg"", ""inaction/track_00003312321/im_01-35-43_11.jpg"", ""inaction/track_00003312321/im_01-35-43_17.jpg"", ""inaction/track_00003312321/im_01-35-43_9.jpg"", ""inaction/track_00003312321/im_01-35-43_5.jpg"", ""inaction/track_00003312321/im_01-35-43_14.jpg"", ""inaction/track_00003312321/im_01-35-44_36.jpg"", ""inaction/track_00003312321/im_01-35-43_16.jpg""]","[24, 8, 14, 6, 2, 11, 33, 13]",inaction/track_00003312321,34,,,,shuffled,20260602.0
inaction/track_00003312321::inaction_skip_shuffle:seed20260602:sample4,inaction,inaction/track_00003312321,inaction_skip_shuffle_4,inaction_skip_shuffle,8,"[""inaction/track_00003312321/im_01-35-43_5.jpg"", ""inaction/track_00003312321/im_01-35-43_10.jpg"", ""inaction/track_00003312321/im_01-35-43_13.jpg"", ""inaction/track_00003312321/im_01-35-43_14.jpg"", ""inaction/track_00003312321/im_01-35-44_35.jpg"", ""inaction/track_00003312321/im_01-35-44_34.jpg"", ""inaction/track_00003312321/im_01-35-43_16.jpg"", ""inaction/track_00003312321/im_01-35-44_32.jpg""]","[2, 7, 10, 11, 32, 31, 13, 29]",inaction/track_00003312321,34,,,,shuffled,20260602.0
inaction/track_00003312321::inaction_skip_shuffle:seed20260602:sample5,inaction,inaction/track_00003312321,inaction_skip_shuffle_5,inaction_skip_shuffle,8,"[""inaction/track_00003312321/im_01-35-43_19.jpg"", ""inaction/track_00003312321/im_01-35-44_33.jpg"", ""inaction/track_00003312321/im_01-35-43_14.jpg"", ""inaction/track_00003312321/im_01-35-44_34.jpg"", ""inaction/track_00003312321/im_01-35-43_7.jpg"", ""inaction/track_00003312321/im_01-35-43_15.jpg"", ""inaction/track_00003312321/im_01-35-43_11.jpg"", ""inaction/track_00003312321/im_01-35-44_29.jpg""]","[16, 30, 11, 31, 4, 12, 8, 26]",inaction/track_00003312321,34,,,,shuffled,20260602.0
inaction/track_00003312321::inaction_skip_shuffle:seed20260602:sample6,inaction,inaction/track_00003312321,inaction_skip_shuffle_6,inaction_skip_shuffle,8,"[""inaction/track_00003312321/im_01-35-44_30.jpg"", ""inaction/track_00003312321/im_01-35-43_24.jpg"", ""inaction/track_00003312321/im_01-35-44_33.jpg"", ""inaction/track_00003312321/im_01-31-50_3.jpg"", ""inaction/track_00003312321/im_01-35-44_34.jpg"", ""inaction/track_00003312321/im_01-35-43_17.jpg"", ""inaction/track_00003312321/im_01-35-43_22.jpg"", ""inaction/track_00003312321/im_01-35-44_28.jpg""]","[27, 21, 30, 0, 31, 14, 19, 25]",inaction/track_00003312321,34,,,,shuffled,20260602.0
inaction/track_00003312321::inaction_skip_shuffle:seed20260602:sample7,inaction,inaction/track_00003312321,inaction_skip_shuffle_7,inaction_skip_shuffle,8,"[""inaction/track_00003312321/im_01-35-43_8.jpg"", ""inaction/track_00003312321/im_01-35-44_35.jpg"", ""inaction/track_00003312321/im_01-35-12_4.jpg"", ""inaction/track_00003312321/im_01-35-44_31.jpg"", ""inaction/track_00003312321/im_01-35-43_19.jpg"", ""inaction/track_00003312321/im_01-35-44_30.jpg"", ""inaction/track_00003312321/im_01-35-43_9.jpg"", ""inaction/track_00003312321/im_01-35-43_16.jpg""]","[5, 32, 1, 28, 16, 27, 6, 13]",inaction/track_00003312321,34,,,,shuffled,20260602.0
inaction/track_00003312321::inaction_skip_shuffle:seed20260602:sample8,inaction,inaction/track_00003312321,inaction_skip_shuffle_8,inaction_skip_shuffle,8,"[""inaction/track_00003312321/im_01-35-43_23.jpg"", ""inaction/track_00003312321/im_01-35-43_19.jpg"", ""inaction/track_00003312321/im_01-35-43_5.jpg"", ""inaction/track_00003312321/im_01-35-44_32.jpg"", ""inaction/track_00003312321/im_01-35-43_12.jpg"", ""inaction/track_00003312321/im_01-35-43_10.jpg"", ""inaction/track_00003312321/im_01-31-50_3.jpg"", ""inaction/track_00003312321/im_01-35-43_21.jpg""]","[20, 16, 2, 29, 9, 7, 0, 18]",inaction/track_00003312321,34,,,,shuffled,20260602.0
inaction/track_00003312321::inaction_skip_shuffle:seed20260602:sample9,inaction,inaction/track_00003312321,inaction_skip_shuffle_9,inaction_skip_shuffle,8,"[""inaction/track_00003312321/im_01-35-43_6.jpg"", ""inaction/track_00003312321/im_01-35-43_7.jpg"", ""inaction/track_00003312321/im_01-35-44_34.jpg"", ""inaction/track_00003312321/im_01-31-50_3.jpg"", ""inaction/track_00003312321/im_01-35-44_26.jpg"", ""inaction/track_00003312321/im_01-35-43_8.jpg"", ""inaction/track_00003312321/im_01-35-44_30.jpg"", ""inaction/track_00003312321/im_01-35-44_31.jpg""]","[3, 4, 31, 0, 23, 5, 27, 28]",inaction/track_00003312321,34,,,,shuffled,20260602.0
inaction/track_00003312321::inaction_skip_shuffle:seed20260602:sample10,inaction,inaction/track_00003312321,inaction_skip_shuffle_10,inaction_skip_shuffle,8,"[""inaction/track_00003312321/im_01-35-44_36.jpg"", ""inaction/track_00003312321/im_01-35-12_4.jpg"", ""inaction/track_00003312321/im_01-35-43_6.jpg"", ""inaction/track_00003312321/im_01-35-44_31.jpg"", ""inaction/track_00003312321/im_01-35-43_13.jpg"", ""inaction/track_00003312321/im_01-35-44_30.jpg"", ""inaction/track_00003312321/im_01-35-44_34.jpg"", ""inaction/track_00003312321/im_01-35-44_28.jpg""]","[33, 1, 3, 28, 10, 27, 31, 25]",inaction/track_00003312321,34,,,,shuffled,20260602.0
inaction/track_00003312321::inaction_skip_shuffle:seed20260602:sample11,inaction,inaction/track_00003312321,inaction_skip_shuffle_11,inaction_skip_shuffle,8,"[""inaction/track_00003312321/im_01-35-43_21.jpg"", ""inaction/track_00003312321/im_01-35-43_8.jpg"", ""inaction/track_00003312321/im_01-35-43_24.jpg"", ""inaction/track_00003312321/im_01-35-44_31.jpg"", ""inaction/track_00003312321/im_01-35-44_30.jpg"", ""inaction/track_00003312321/im_01-35-44_25.jpg"", ""inaction/track_00003312321/im_01-35-43_12.jpg"", ""inaction/track_00003312321/im_01-35-44_36.jpg""]","[18, 5, 21, 28, 27, 22, 9, 33]",inaction/track_00003312321,34,,,,shuffled,20260602.0
inaction/track_00003312321::inaction_skip_shuffle:seed20260602:sample12,inaction,inaction/track_00003312321,inaction_skip_shuffle_12,inaction_skip_shuffle,8,"[""inaction/track_00003312321/im_01-35-43_17.jpg"", ""inaction/track_00003312321/im_01-35-43_22.jpg"", ""inaction/track_00003312321/im_01-35-43_5.jpg"", ""inaction/track_00003312321/im_01-35-44_36.jpg"", ""inaction/track_00003312321/im_01-35-44_30.jpg"", ""inaction/track_00003312321/im_01-35-44_26.jpg"", ""inaction/track_00003312321/im_01-35-43_9.jpg"", ""inaction/track_00003312321/im_01-35-44_25.jpg""]","[14, 19, 2, 33, 27, 23, 6, 22]",inaction/track_00003312321,34,,,,shuffled,20260602.0
inaction/track_00003312321::inaction_skip_shuffle:seed20260602:sample13,inaction,inaction/track_00003312321,inaction_skip_shuffle_13,inaction_skip_shuffle,8,"[""inaction/track_00003312321/im_01-35-43_13.jpg"", ""inaction/track_00003312321/im_01-35-43_20.jpg"", ""inaction/track_00003312321/im_01-35-44_26.jpg"", ""inaction/track_00003312321/im_01-35-43_9.jpg"", ""inaction/track_00003312321/im_01-35-44_29.jpg"", ""inaction/track_00003312321/im_01-35-44_34.jpg"", ""inaction/track_00003312321/im_01-35-43_19.jpg"", ""inaction/track_00003312321/im_01-35-43_10.jpg""]","[10, 17, 23, 6, 26, 31, 16, 7]",inaction/track_00003312321,34,,,,shuffled,20260602.0
inaction/track_00003312321::inaction_skip_shuffle:seed20260602:sample14,inaction,inaction/track_00003312321,inaction_skip_shuffle_14,inaction_skip_shuffle,8,"[""inaction/track_00003312321/im_01-35-43_11.jpg"", ""inaction/track_00003312321/im_01-35-43_24.jpg"", ""inaction/track_00003312321/im_01-35-44_34.jpg"", ""inaction/track_00003312321/im_01-35-12_4.jpg"", ""inaction/track_00003312321/im_01-35-44_26.jpg"", ""inaction/track_00003312321/im_01-35-43_23.jpg"", ""inaction/track_00003312321/im_01-35-43_21.jpg"", ""inaction/track_00003312321/im_01-35-43_14.jpg""]","[8, 21, 31, 1, 23, 20, 18, 11]",inaction/track_00003312321,34,,,,shuffled,20260602.0
inaction/track_00003312321::inaction_skip_shuffle:seed20260602:sample15,inaction,inaction/track_00003312321,inaction_skip_shuffle_15,inaction_skip_shuffle,8,"[""inaction/track_00003312321/im_01-35-43_14.jpg"", ""inaction/track_00003312321/im_01-35-43_6.jpg"", ""inaction/track_00003312321/im_01-35-43_22.jpg"", ""inaction/track_00003312321/im_01-35-43_17.jpg"", ""inaction/track_00003312321/im_01-35-43_10.jpg"", ""inaction/track_00003312321/im_01-35-44_35.jpg"", ""inaction/track_00003312321/im_01-35-43_5.jpg"", ""inaction/track_00003312321/im_01-35-44_28.jpg""]","[11, 3, 19, 14, 7, 32, 2, 25]",inaction/track_00003312321,34,,,,shuffled,20260602.0
inaction/track_00003312321::inaction_skip_shuffle:seed20260602:sample16,inaction,inaction/track_00003312321,inaction_skip_shuffle_16,inaction_skip_shuffle,8,"[""inaction/track_00003312321/im_01-35-44_34.jpg"", ""inaction/track_00003312321/im_01-35-43_15.jpg"", ""inaction/track_00003312321/im_01-31-50_3.jpg"", ""inaction/track_00003312321/im_01-35-43_6.jpg"", ""inaction/track_00003312321/im_01-35-43_7.jpg"", ""inaction/track_00003312321/im_01-35-44_27.jpg"", ""inaction/track_00003312321/im_01-35-43_19.jpg"", ""inaction/track_00003312321/im_01-35-43_20.jpg""]","[31, 12, 0, 3, 4, 24, 16, 17]",inaction/track_00003312321,34,,,,shuffled,20260602.0
inaction/track_00003312321::inaction_skip_shuffle:seed20260602:sample17,inaction,inaction/track_00003312321,inaction_skip_shuffle_17,inaction_skip_shuffle,8,"[""inaction/track_00003312321/im_01-35-43_10.jpg"", ""inaction/track_00003312321/im_01-35-44_30.jpg"", ""inaction/track_00003312321/im_01-35-44_32.jpg"", ""inaction/track_00003312321/im_01-35-43_23.jpg"", ""inaction/track_00003312321/im_01-31-50_3.jpg"", ""inaction/track_00003312321/im_01-35-44_31.jpg"", ""inaction/track_00003312321/im_01-35-44_29.jpg"", ""inaction/track_00003312321/im_01-35-43_16.jpg""]","[7, 27, 29, 20, 0, 28, 26, 13]",inaction/track_00003312321,34,,,,shuffled,20260602.0
inaction/track_00003312321::inaction_skip_shuffle:seed20260602:sample18,inaction,inaction/track_00003312321,inaction_skip_shuffle_18,inaction_skip_shuffle,8,"[""inaction/track_00003312321/im_01-35-44_34.jpg"", ""inaction/track_00003312321/im_01-35-43_18.jpg"", ""inaction/track_00003312321/im_01-35-43_14.jpg"", ""inaction/track_00003312321/im_01-35-43_13.jpg"", ""inaction/track_00003312321/im_01-35-44_36.jpg"", ""inaction/track_00003312321/im_01-35-43_17.jpg"", ""inaction/track_00003312321/im_01-35-43_19.jpg"", ""inaction/track_00003312321/im_01-35-43_9.jpg""]","[31, 15, 11, 10, 33, 14, 16, 6]",inaction/track_00003312321,34,,,,shuffled,20260602.0
inaction/track_00003312321::inaction_skip_shuffle:seed20260602:sample19,inaction,inaction/track_00003312321,inaction_skip_shuffle_19,inaction_skip_shuffle,8,"[""inaction/track_00003312321/im_01-35-44_28.jpg"", ""inaction/track_00003312321/im_01-35-43_20.jpg"", ""inaction/track_00003312321/im_01-35-44_30.jpg"", ""inaction/track_00003312321/im_01-35-44_34.jpg"", ""inaction/track_00003312321/im_01-35-43_22.jpg"", ""inaction/track_00003312321/im_01-35-44_33.jpg"", ""inaction/track_00003312321/im_01-35-43_8.jpg"", ""inaction/track_00003312321/im_01-35-12_4.jpg""]","[25, 17, 27, 31, 19, 30, 5, 1]",inaction/track_00003312321,34,,,,shuffled,20260602.0
inaction/track_00003312321::inaction_skip_shuffle:seed20260602:sample20,inaction,inaction/track_00003312321,inaction_skip_shuffle_20,inaction_skip_shuffle,8,"[""inaction/track_00003312321/im_01-35-44_30.jpg"", ""inaction/track_00003312321/im_01-35-43_15.jpg"", ""inaction/track_00003312321/im_01-35-43_21.jpg"", ""inaction/track_00003312321/im_01-35-43_17.jpg"", ""inaction/track_00003312321/im_01-35-44_31.jpg"", ""inaction/track_00003312321/im_01-35-43_9.jpg"", ""inaction/track_00003312321/im_01-35-43_10.jpg"", ""inaction/track_00003312321/im_01-35-44_29.jpg""]","[27, 12, 18, 14, 28, 6, 7, 26]",inaction/track_00003312321,34,,,,shuffled,20260602.0
inaction/track_00003312321::inaction_skip_shuffle:seed20260602:sample21,inaction,inaction/track_00003312321,inaction_skip_shuffle_21,inaction_skip_shuffle,8,"[""inaction/track_00003312321/im_01-35-44_34.jpg"", ""inaction/track_00003312321/im_01-35-44_27.jpg"", ""inaction/track_00003312321/im_01-35-44_32.jpg"", ""inaction/track_00003312321/im_01-35-43_20.jpg"", ""inaction/track_00003312321/im_01-35-43_9.jpg"", ""inaction/track_00003312321/im_01-35-43_18.jpg"", ""inaction/track_00003312321/im_01-35-44_35.jpg"", ""inaction/track_00003312321/im_01-35-43_8.jpg""]","[31, 24, 29, 17, 6, 15, 32, 5]",inaction/track_00003312321,34,,,,shuffled,20260602.0
inaction/track_00003312321::inaction_skip_shuffle:seed20260602:sample22,inaction,inaction/track_00003312321,inaction_skip_shuffle_22,inaction_skip_shuffle,8,"[""inaction/track_00003312321/im_01-35-44_30.jpg"", ""inaction/track_00003312321/im_01-35-43_15.jpg"", ""inaction/track_00003312321/im_01-35-43_22.jpg"", ""inaction/track_00003312321/im_01-35-44_25.jpg"", ""inaction/track_00003312321/im_01-35-43_6.jpg"", ""inaction/track_00003312321/im_01-35-44_35.jpg"", ""inaction/track_00003312321/im_01-35-44_27.jpg"", ""inaction/track_00003312321/im_01-35-43_24.jpg""]","[27, 12, 19, 22, 3, 32, 24, 21]",inaction/track_00003312321,34,,,,shuffled,20260602.0
inaction/track_00003312321::inaction_skip_shuffle:seed20260602:sample23,inaction,inaction/track_00003312321,inaction_skip_shuffle_23,inaction_skip_shuffle,8,"[""inaction/track_00003312321/im_01-35-44_36.jpg"", ""inaction/track_00003312321/im_01-35-43_23.jpg"", ""inaction/track_00003312321/im_01-35-44_27.jpg"", ""inaction/track_00003312321/im_01-35-43_11.jpg"", ""inaction/track_00003312321/im_01-35-43_10.jpg"", ""inaction/track_00003312321/im_01-35-43_8.jpg"", ""inaction/track_00003312321/im_01-35-43_16.jpg"", ""inaction/track_00003312321/im_01-35-44_32.jpg""]","[33, 20, 24, 8, 7, 5, 13, 29]",inaction/track_00003312321,34,,,,shuffled,20260602.0
inaction/track_000052::inaction_skip_shuffle:seed20260602:sample0,inaction,inaction/track_000052,inaction_skip_shuffle_0,inaction_skip_shuffle,8,"[""inaction/track_000052/im000041_00-03-07.jpg"", ""inaction/track_000052/im000027_00-03-06.jpg"", ""inaction/track_000052/im000033_00-03-07.jpg"", ""inaction/track_000052/im000014_00-03-05.jpg"", ""inaction/track_000052/im000028_00-03-06.jpg"", ""inaction/track_000052/im000012_00-03-05.jpg"", ""inaction/track_000052/im000054_00-03-09.jpg"", ""inaction/track_000052/im000024_00-03-06.jpg""]","[40, 26, 32, 13, 27, 11, 53, 23]",inaction/track_000052,66,,,,shuffled,20260602.0
inaction/track_000052::inaction_skip_shuffle:seed20260602:sample1,inaction,inaction/track_000052,inaction_skip_shuffle_1,inaction_skip_shuffle,8,"[""inaction/track_000052/im000055_00-03-09.jpg"", ""inaction/track_000052/im000021_00-03-06.jpg"", ""inaction/track_000052/im000014_00-03-05.jpg"", ""inaction/track_000052/im000001_00-03-04.jpg"", ""inaction/track_000052/im000027_00-03-06.jpg"", ""inaction/track_000052/im000031_00-03-07.jpg"", ""inaction/track_000052/im000066_00-03-10.jpg"", ""inaction/track_000052/im000005_00-03-04.jpg""]","[54, 20, 13, 0, 26, 30, 65, 4]",inaction/track_000052,66,,,,shuffled,20260602.0
inaction/track_000052::inaction_skip_shuffle:seed20260602:sample2,inaction,inaction/track_000052,inaction_skip_shuffle_2,inaction_skip_shuffle,8,"[""inaction/track_000052/im000052_00-03-08.jpg"", ""inaction/track_000052/im000010_00-03-05.jpg"", ""inaction/track_000052/im000047_00-03-08.jpg"", ""inaction/track_000052/im000021_00-03-06.jpg"", ""inaction/track_000052/im000041_00-03-07.jpg"", ""inaction/track_000052/im000011_00-03-05.jpg"", ""inaction/track_000052/im000014_00-03-05.jpg"", ""inaction/track_000052/im000027_00-03-06.jpg""]","[51, 9, 46, 20, 40, 10, 13, 26]",inaction/track_000052,66,,,,shuffled,20260602.0
inaction/track_000052::inaction_skip_shuffle:seed20260602:sample3,inaction,inaction/track_000052,inaction_skip_shuffle_3,inaction_skip_shuffle,8,"[""inaction/track_000052/im000013_00-03-05.jpg"", ""inaction/track_000052/im000016_00-03-05.jpg"", ""inaction/track_000052/im000065_00-03-09.jpg"", ""inaction/track_000052/im000058_00-03-09.jpg"", ""inaction/track_000052/im000038_00-03-07.jpg"", ""inaction/track_000052/im000055_00-03-09.jpg"", ""inaction/track_000052/im000048_00-03-08.jpg"", ""inaction/track_000052/im000024_00-03-06.jpg""]","[12, 15, 64, 57, 37, 54, 47, 23]",inaction/track_000052,66,,,,shuffled,20260602.0
inaction/track_000052::inaction_skip_shuffle:seed20260602:sample4,inaction,inaction/track_000052,inaction_skip_shuffle_4,inaction_skip_shuffle,8,"[""inaction/track_000052/im000059_00-03-09.jpg"", ""inaction/track_000052/im000041_00-03-07.jpg"", ""inaction/track_000052/im000037_00-03-07.jpg"", ""inaction/track_000052/im000063_00-03-09.jpg"", ""inaction/track_000052/im000027_00-03-06.jpg"", ""inaction/track_000052/im000038_00-03-07.jpg"", ""inaction/track_000052/im000049_00-03-08.jpg"", ""inaction/track_000052/im000045_00-03-08.jpg""]","[58, 40, 36, 62, 26, 37, 48, 44]",inaction/track_000052,66,,,,shuffled,20260602.0
inaction/track_000052::inaction_skip_shuffle:seed20260602:sample5,inaction,inaction/track_000052,inaction_skip_shuffle_5,inaction_skip_shuffle,8,"[""inaction/track_000052/im000043_00-03-08.jpg"", ""inaction/track_000052/im000017_00-03-05.jpg"", ""inaction/track_000052/im000036_00-03-07.jpg"", ""inaction/track_000052/im000049_00-03-08.jpg"", ""inaction/track_000052/im000024_00-03-06.jpg"", ""inaction/track_000052/im000041_00-03-07.jpg"", ""inaction/track_000052/im000027_00-03-06.jpg"", ""inaction/track_000052/im000029_00-03-06.jpg""]","[42, 16, 35, 48, 23, 40, 26, 28]",inaction/track_000052,66,,,,shuffled,20260602.0
inaction/track_000052::inaction_skip_shuffle:seed20260602:sample6,inaction,inaction/track_000052,inaction_skip_shuffle_6,inaction_skip_shuffle,8,"[""inaction/track_000052/im000021_00-03-06.jpg"", ""inaction/track_000052/im000026_00-03-06.jpg"", ""inaction/track_000052/im000065_00-03-09.jpg"", ""inaction/track_000052/im000042_00-03-07.jpg"", ""inaction/track_000052/im000003_00-03-04.jpg"", ""inaction/track_000052/im000064_00-03-09.jpg"", ""inaction/track_000052/im000032_00-03-07.jpg"", ""inaction/track_000052/im000034_00-03-07.jpg""]","[20, 25, 64, 41, 2, 63, 31, 33]",inaction/track_000052,66,,,,shuffled,20260602.0
inaction/track_000052::inaction_skip_shuffle:seed20260602:sample7,inaction,inaction/track_000052,inaction_skip_shuffle_7,inaction_skip_shuffle,8,"[""inaction/track_000052/im000048_00-03-08.jpg"", ""inaction/track_000052/im000042_00-03-07.jpg"", ""inaction/track_000052/im000061_00-03-09.jpg"", ""inaction/track_000052/im000047_00-03-08.jpg"", ""inaction/track_000052/im000019_00-03-06.jpg"", ""inaction/track_000052/im000007_00-03-05.jpg"", ""inaction/track_000052/im000044_00-03-08.jpg"", ""inaction/track_000052/im000016_00-03-05.jpg""]","[47, 41, 60, 46, 18, 6, 43, 15]",inaction/track_000052,66,,,,shuffled,20260602.0
inaction/track_000052::inaction_skip_shuffle:seed20260602:sample8,inaction,inaction/track_000052,inaction_skip_shuffle_8,inaction_skip_shuffle,8,"[""inaction/track_000052/im000021_00-03-06.jpg"", ""inaction/track_000052/im000003_00-03-04.jpg"", ""inaction/track_000052/im000062_00-03-09.jpg"", ""inaction/track_000052/im000002_00-03-04.jpg"", ""inaction/track_000052/im000016_00-03-05.jpg"", ""inaction/track_000052/im000015_00-03-05.jpg"", ""inaction/track_000052/im000041_00-03-07.jpg"", ""inaction/track_000052/im000043_00-03-08.jpg""]","[20, 2, 61, 1, 15, 14, 40, 42]",inaction/track_000052,66,,,,shuffled,20260602.0
inaction/track_000052::inaction_skip_shuffle:seed20260602:sample9,inaction,inaction/track_000052,inaction_skip_shuffle_9,inaction_skip_shuffle,8,"[""inaction/track_000052/im000004_00-03-04.jpg"", ""inaction/track_000052/im000050_00-03-08.jpg"", ""inaction/track_000052/im000025_00-03-06.jpg"", ""inaction/track_000052/im000017_00-03-05.jpg"", ""inaction/track_000052/im000012_00-03-05.jpg"", ""inaction/track_000052/im000020_00-03-06.jpg"", ""inaction/track_000052/im000036_00-03-07.jpg"", ""inaction/track_000052/im000061_00-03-09.jpg""]","[3, 49, 24, 16, 11, 19, 35, 60]",inaction/track_000052,66,,,,shuffled,20260602.0
inaction/track_000052::inaction_skip_shuffle:seed20260602:sample10,inaction,inaction/track_000052,inaction_skip_shuffle_10,inaction_skip_shuffle,8,"[""inaction/track_000052/im000003_00-03-04.jpg"", ""inaction/track_000052/im000052_00-03-08.jpg"", ""inaction/track_000052/im000032_00-03-07.jpg"", ""inaction/track_000052/im000012_00-03-05.jpg"", ""inaction/track_000052/im000013_00-03-05.jpg"", ""inaction/track_000052/im000028_00-03-06.jpg"", ""inaction/track_000052/im000036_00-03-07.jpg"", ""inaction/track_000052/im000026_00-03-06.jpg""]","[2, 51, 31, 11, 12, 27, 35, 25]",inaction/track_000052,66,,,,shuffled,20260602.0
inaction/track_000052::inaction_skip_shuffle:seed20260602:sample11,inaction,inaction/track_000052,inaction_skip_shuffle_11,inaction_skip_shuffle,8,"[""inaction/track_000052/im000041_00-03-07.jpg"", ""inaction/track_000052/im000040_00-03-07.jpg"", ""inaction/track_000052/im000066_00-03-10.jpg"", ""inaction/track_000052/im000042_00-03-07.jpg"", ""inaction/track_000052/im000006_00-03-04.jpg"", ""inaction/track_000052/im000064_00-03-09.jpg"", ""inaction/track_000052/im000053_00-03-08.jpg"", ""inaction/track_000052/im000024_00-03-06.jpg""]","[40, 39, 65, 41, 5, 63, 52, 23]",inaction/track_000052,66,,,,shuffled,20260602.0
inaction/track_000052::inaction_skip_shuffle:seed20260602:sample12,inaction,inaction/track_000052,inaction_skip_shuffle_12,inaction_skip_shuffle,8,"[""inaction/track_000052/im000063_00-03-09.jpg"", ""inaction/track_000052/im000016_00-03-05.jpg"", ""inaction/track_000052/im000003_00-03-04.jpg"", ""inaction/track_000052/im000039_00-03-07.jpg"", ""inaction/track_000052/im000030_00-03-06.jpg"", ""inaction/track_000052/im000059_00-03-09.jpg"", ""inaction/track_000052/im000026_00-03-06.jpg"", ""inaction/track_000052/im000031_00-03-07.jpg""]","[62, 15, 2, 38, 29, 58, 25, 30]",inaction/track_000052,66,,,,shuffled,20260602.0
inaction/track_000052::inaction_skip_shuffle:seed20260602:sample13,inaction,inaction/track_000052,inaction_skip_shuffle_13,inaction_skip_shuffle,8,"[""inaction/track_000052/im000030_00-03-06.jpg"", ""inaction/track_000052/im000013_00-03-05.jpg"", ""inaction/track_000052/im000008_00-03-05.jpg"", ""inaction/track_000052/im000034_00-03-07.jpg"", ""inaction/track_000052/im000029_00-03-06.jpg"", ""inaction/track_000052/im000061_00-03-09.jpg"", ""inaction/track_000052/im000016_00-03-05.jpg"", ""inaction/track_000052/im000048_00-03-08.jpg""]","[29, 12, 7, 33, 28, 60, 15, 47]",inaction/track_000052,66,,,,shuffled,20260602.0
inaction/track_000052::inaction_skip_shuffle:seed20260602:sample14,inaction,inaction/track_000052,inaction_skip_shuffle_14,inaction_skip_shuffle,8,"[""inaction/track_000052/im000052_00-03-08.jpg"", ""inaction/track_000052/im000008_00-03-05.jpg"", ""inaction/track_000052/im000028_00-03-06.jpg"", ""inaction/track_000052/im000061_00-03-09.jpg"", ""inaction/track_000052/im000045_00-03-08.jpg"", ""inaction/track_000052/im000063_00-03-09.jpg"", ""inaction/track_000052/im000066_00-03-10.jpg"", ""inaction/track_000052/im000013_00-03-05.jpg""]","[51, 7, 27, 60, 44, 62, 65, 12]",inaction/track_000052,66,,,,shuffled,20260602.0
inaction/track_000052::inaction_skip_shuffle:seed20260602:sample15,inaction,inaction/track_000052,inaction_skip_shuffle_15,inaction_skip_shuffle,8,"[""inaction/track_000052/im000044_00-03-08.jpg"", ""inaction/track_000052/im000007_00-03-05.jpg"", ""inaction/track_000052/im000040_00-03-07.jpg"", ""inaction/track_000052/im000039_00-03-07.jpg"", ""inaction/track_000052/im000033_00-03-07.jpg"", ""inaction/track_000052/im000046_00-03-08.jpg"", ""inaction/track_000052/im000035_00-03-07.jpg"", ""inaction/track_000052/im000042_00-03-07.jpg""]","[43, 6, 39, 38, 32, 45, 34, 41]",inaction/track_000052,66,,,,shuffled,20260602.0
inaction/track_000052::inaction_skip_shuffle:seed20260602:sample16,inaction,inaction/track_000052,inaction_skip_shuffle_16,inaction_skip_shuffle,8,"[""inaction/track_000052/im000011_00-03-05.jpg"", ""inaction/track_000052/im000026_00-03-06.jpg"", ""inaction/track_000052/im000033_00-03-07.jpg"", ""inaction/track_000052/im000034_00-03-07.jpg"", ""inaction/track_000052/im000051_00-03-08.jpg"", ""inaction/track_000052/im000006_00-03-04.jpg"", ""inaction/track_000052/im000046_00-03-08.jpg"", ""inaction/track_000052/im000014_00-03-05.jpg""]","[10, 25, 32, 33, 50, 5, 45, 13]",inaction/track_000052,66,,,,shuffled,20260602.0
inaction/track_000052::inaction_skip_shuffle:seed20260602:sample17,inaction,inaction/track_000052,inaction_skip_shuffle_17,inaction_skip_shuffle,8,"[""inaction/track_000052/im000013_00-03-05.jpg"", ""inaction/track_000052/im000053_00-03-08.jpg"", ""inaction/track_000052/im000035_00-03-07.jpg"", ""inaction/track_000052/im000023_00-03-06.jpg"", ""inaction/track_000052/im000040_00-03-07.jpg"", ""inaction/track_000052/im000057_00-03-09.jpg"", ""inaction/track_000052/im000025_00-03-06.jpg"", ""inaction/track_000052/im000020_00-03-06.jpg""]","[12, 52, 34, 22, 39, 56, 24, 19]",inaction/track_000052,66,,,,shuffled,20260602.0
inaction/track_000052::inaction_skip_shuffle:seed20260602:sample18,inaction,inaction/track_000052,inaction_skip_shuffle_18,inaction_skip_shuffle,8,"[""inaction/track_000052/im000047_00-03-08.jpg"", ""inaction/track_000052/im000027_00-03-06.jpg"", ""inaction/track_000052/im000048_00-03-08.jpg"", ""inaction/track_000052/im000059_00-03-09.jpg"", ""inaction/track_000052/im000024_00-03-06.jpg"", ""inaction/track_000052/im000065_00-03-09.jpg"", ""inaction/track_000052/im000004_00-03-04.jpg"", ""inaction/track_000052/im000026_00-03-06.jpg""]","[46, 26, 47, 58, 23, 64, 3, 25]",inaction/track_000052,66,,,,shuffled,20260602.0
inaction/track_000052::inaction_skip_shuffle:seed20260602:sample19,inaction,inaction/track_000052,inaction_skip_shuffle_19,inaction_skip_shuffle,8,"[""inaction/track_000052/im000012_00-03-05.jpg"", ""inaction/track_000052/im000049_00-03-08.jpg"", ""inaction/track_000052/im000002_00-03-04.jpg"", ""inaction/track_000052/im000054_00-03-09.jpg"", ""inaction/track_000052/im000056_00-03-09.jpg"", ""inaction/track_000052/im000024_00-03-06.jpg"", ""inaction/track_000052/im000034_00-03-07.jpg"", ""inaction/track_000052/im000044_00-03-08.jpg""]","[11, 48, 1, 53, 55, 23, 33, 43]",inaction/track_000052,66,,,,shuffled,20260602.0
inaction/track_000052::inaction_skip_shuffle:seed20260602:sample20,inaction,inaction/track_000052,inaction_skip_shuffle_20,inaction_skip_shuffle,8,"[""inaction/track_000052/im000033_00-03-07.jpg"", ""inaction/track_000052/im000066_00-03-10.jpg"", ""inaction/track_000052/im000028_00-03-06.jpg"", ""inaction/track_000052/im000047_00-03-08.jpg"", ""inaction/track_000052/im000054_00-03-09.jpg"", ""inaction/track_000052/im000018_00-03-05.jpg"", ""inaction/track_000052/im000031_00-03-07.jpg"", ""inaction/track_000052/im000013_00-03-05.jpg""]","[32, 65, 27, 46, 53, 17, 30, 12]",inaction/track_000052,66,,,,shuffled,20260602.0
inaction/track_000052::inaction_skip_shuffle:seed20260602:sample21,inaction,inaction/track_000052,inaction_skip_shuffle_21,inaction_skip_shuffle,8,"[""inaction/track_000052/im000044_00-03-08.jpg"", ""inaction/track_000052/im000059_00-03-09.jpg"", ""inaction/track_000052/im000020_00-03-06.jpg"", ""inaction/track_000052/im000001_00-03-04.jpg"", ""inaction/track_000052/im000003_00-03-04.jpg"", ""inaction/track_000052/im000060_00-03-09.jpg"", ""inaction/track_000052/im000023_00-03-06.jpg"", ""inaction/track_000052/im000054_00-03-09.jpg""]","[43, 58, 19, 0, 2, 59, 22, 53]",inaction/track_000052,66,,,,shuffled,20260602.0
inaction/track_000052::inaction_skip_shuffle:seed20260602:sample22,inaction,inaction/track_000052,inaction_skip_shuffle_22,inaction_skip_shuffle,8,"[""inaction/track_000052/im000062_00-03-09.jpg"", ""inaction/track_000052/im000031_00-03-07.jpg"", ""inaction/track_000052/im000010_00-03-05.jpg"", ""inaction/track_000052/im000014_00-03-05.jpg"", ""inaction/track_000052/im000041_00-03-07.jpg"", ""inaction/track_000052/im000026_00-03-06.jpg"", ""inaction/track_000052/im000013_00-03-05.jpg"", ""inaction/track_000052/im000004_00-03-04.jpg""]","[61, 30, 9, 13, 40, 25, 12, 3]",inaction/track_000052,66,,,,shuffled,20260602.0
inaction/track_000052::inaction_skip_shuffle:seed20260602:sample23,inaction,inaction/track_000052,inaction_skip_shuffle_23,inaction_skip_shuffle,8,"[""inaction/track_000052/im000029_00-03-06.jpg"", ""inaction/track_000052/im000012_00-03-05.jpg"", ""inaction/track_000052/im000032_00-03-07.jpg"", ""inaction/track_000052/im000017_00-03-05.jpg"", ""inaction/track_000052/im000024_00-03-06.jpg"", ""inaction/track_000052/im000047_00-03-08.jpg"", ""inaction/track_000052/im000025_00-03-06.jpg"", ""inaction/track_000052/im000045_00-03-08.jpg""]","[28, 11, 31, 16, 23, 46, 24, 44]",inaction/track_000052,66,,,,shuffled,20260602.0
inaction/track_000130::inaction_skip_shuffle:seed20260602:sample0,inaction,inaction/track_000130,inaction_skip_shuffle_0,inaction_skip_shuffle,8,"[""inaction/track_000130/im000070_00-06-16.jpg"", ""inaction/track_000130/im000017_00-06-12.jpg"", ""inaction/track_000130/im000004_00-06-11.jpg"", ""inaction/track_000130/im000025_00-06-12.jpg"", ""inaction/track_000130/im000039_00-06-13.jpg"", ""inaction/track_000130/im000049_00-06-14.jpg"", ""inaction/track_000130/im000067_00-06-16.jpg"", ""inaction/track_000130/im000066_00-06-16.jpg""]","[69, 16, 3, 24, 38, 48, 66, 65]",inaction/track_000130,98,,,,shuffled,20260602.0
inaction/track_000130::inaction_skip_shuffle:seed20260602:sample1,inaction,inaction/track_000130,inaction_skip_shuffle_1,inaction_skip_shuffle,8,"[""inaction/track_000130/im000083_00-06-17.jpg"", ""inaction/track_000130/im000079_00-06-17.jpg"", ""inaction/track_000130/im000081_00-06-17.jpg"", ""inaction/track_000130/im000045_00-06-14.jpg"", ""inaction/track_000130/im000014_00-06-11.jpg"", ""inaction/track_000130/im000025_00-06-12.jpg"", ""inaction/track_000130/im000046_00-06-14.jpg"", ""inaction/track_000130/im000062_00-06-15.jpg""]","[82, 78, 80, 44, 13, 24, 45, 61]",inaction/track_000130,98,,,,shuffled,20260602.0
inaction/track_000130::inaction_skip_shuffle:seed20260602:sample2,inaction,inaction/track_000130,inaction_skip_shuffle_2,inaction_skip_shuffle,8,"[""inaction/track_000130/im000038_00-06-13.jpg"", ""inaction/track_000130/im000026_00-06-12.jpg"", ""inaction/track_000130/im000088_00-06-18.jpg"", ""inaction/track_000130/im000082_00-06-17.jpg"", ""inaction/track_000130/im000020_00-06-12.jpg"", ""inaction/track_000130/im000031_00-06-13.jpg"", ""inaction/track_000130/im000070_00-06-16.jpg"", ""inaction/track_000130/im000073_00-06-16.jpg""]","[37, 25, 87, 81, 19, 30, 69, 72]",inaction/track_000130,98,,,,shuffled,20260602.0
inaction/track_000130::inaction_skip_shuffle:seed20260602:sample3,inaction,inaction/track_000130,inaction_skip_shuffle_3,inaction_skip_shuffle,8,"[""inaction/track_000130/im000017_00-06-12.jpg"", ""inaction/track_000130/im000016_00-06-12.jpg"", ""inaction/track_000130/im000091_00-06-18.jpg"", ""inaction/track_000130/im000031_00-06-13.jpg"", ""inaction/track_000130/im000022_00-06-12.jpg"", ""inaction/track_000130/im000033_00-06-13.jpg"", ""inaction/track_000130/im000081_00-06-17.jpg"", ""inaction/track_000130/im000078_00-06-17.jpg""]","[16, 15, 90, 30, 21, 32, 80, 77]",inaction/track_000130,98,,,,shuffled,20260602.0
inaction/track_000130::inaction_skip_shuffle:seed20260602:sample4,inaction,inaction/track_000130,inaction_skip_shuffle_4,inaction_skip_shuffle,8,"[""inaction/track_000130/im000071_00-06-16.jpg"", ""inaction/track_000130/im000065_00-06-16.jpg"", ""inaction/track_000130/im000047_00-06-14.jpg"", ""inaction/track_000130/im000051_00-06-14.jpg"", ""inaction/track_000130/im000030_00-06-13.jpg"", ""inaction/track_000130/im000089_00-06-18.jpg"", ""inaction/track_000130/im000079_00-06-17.jpg"", ""inaction/track_000130/im000018_00-06-12.jpg""]","[70, 64, 46, 50, 29, 88, 78, 17]",inaction/track_000130,98,,,,shuffled,20260602.0
inaction/track_000130::inaction_skip_shuffle:seed20260602:sample5,inaction,inaction/track_000130,inaction_skip_shuffle_5,inaction_skip_shuffle,8,"[""inaction/track_000130/im000036_00-06-13.jpg"", ""inaction/track_000130/im000013_00-06-11.jpg"", ""inaction/track_000130/im000019_00-06-12.jpg"", ""inaction/track_000130/im000078_00-06-17.jpg"", ""inaction/track_000130/im000033_00-06-13.jpg"", ""inaction/track_000130/im000058_00-06-15.jpg"", ""inaction/track_000130/im000068_00-06-16.jpg"", ""inaction/track_000130/im000087_00-06-17.jpg""]","[35, 12, 18, 77, 32, 57, 67, 86]",inaction/track_000130,98,,,,shuffled,20260602.0
inaction/track_000130::inaction_skip_shuffle:seed20260602:sample6,inaction,inaction/track_000130,inaction_skip_shuffle_6,inaction_skip_shuffle,8,"[""inaction/track_000130/im000063_00-06-15.jpg"", ""inaction/track_000130/im000082_00-06-17.jpg"", ""inaction/track_000130/im000058_00-06-15.jpg"", ""inaction/track_000130/im000021_00-06-12.jpg"", ""inaction/track_000130/im000072_00-06-16.jpg"", ""inaction/track_000130/im000097_00-06-18.jpg"", ""inaction/track_000130/im000074_00-06-16.jpg"", ""inaction/track_000130/im000014_00-06-11.jpg""]","[62, 81, 57, 20, 71, 96, 73, 13]",inaction/track_000130,98,,,,shuffled,20260602.0
inaction/track_000130::inaction_skip_shuffle:seed20260602:sample7,inaction,inaction/track_000130,inaction_skip_shuffle_7,inaction_skip_shuffle,8,"[""inaction/track_000130/im000030_00-06-13.jpg"", ""inaction/track_000130/im000040_00-06-14.jpg"", ""inaction/track_000130/im000086_00-06-17.jpg"", ""inaction/track_000130/im000062_00-06-15.jpg"", ""inaction/track_000130/im000089_00-06-18.jpg"", ""inaction/track_000130/im000044_00-06-14.jpg"", ""inaction/track_000130/im000082_00-06-17.jpg"", ""inaction/track_000130/im000006_00-06-11.jpg""]","[29, 39, 85, 61, 88, 43, 81, 5]",inaction/track_000130,98,,,,shuffled,20260602.0
inaction/track_000130::inaction_skip_shuffle:seed20260602:sample8,inaction,inaction/track_000130,inaction_skip_shuffle_8,inaction_skip_shuffle,8,"[""inaction/track_000130/im000097_00-06-18.jpg"", ""inaction/track_000130/im000032_00-06-13.jpg"", ""inaction/track_000130/im000007_00-06-11.jpg"", ""inaction/track_000130/im000019_00-06-12.jpg"", ""inaction/track_000130/im000045_00-06-14.jpg"", ""inaction/track_000130/im000030_00-06-13.jpg"", ""inaction/track_000130/im000061_00-06-15.jpg"", ""inaction/track_000130/im000055_00-06-15.jpg""]","[96, 31, 6, 18, 44, 29, 60, 54]",inaction/track_000130,98,,,,shuffled,20260602.0
inaction/track_000130::inaction_skip_shuffle:seed20260602:sample9,inaction,inaction/track_000130,inaction_skip_shuffle_9,inaction_skip_shuffle,8,"[""inaction/track_000130/im000095_00-06-18.jpg"", ""inaction/track_000130/im000091_00-06-18.jpg"", ""inaction/track_000130/im000009_00-06-11.jpg"", ""inaction/track_000130/im000098_00-06-18.jpg"", ""inaction/track_000130/im000081_00-06-17.jpg"", ""inaction/track_000130/im000008_00-06-11.jpg"", ""inaction/track_000130/im000076_00-06-17.jpg"", ""inaction/track_000130/im000031_00-06-13.jpg""]","[94, 90, 8, 97, 80, 7, 75, 30]",inaction/track_000130,98,,,,shuffled,20260602.0
inaction/track_000130::inaction_skip_shuffle:seed20260602:sample10,inaction,inaction/track_000130,inaction_skip_shuffle_10,inaction_skip_shuffle,8,"[""inaction/track_000130/im000012_00-06-11.jpg"", ""inaction/track_000130/im000070_00-06-16.jpg"", ""inaction/track_000130/im000092_00-06-18.jpg"", ""inaction/track_000130/im000086_00-06-17.jpg"", ""inaction/track_000130/im000024_00-06-12.jpg"", ""inaction/track_000130/im000028_00-06-13.jpg"", ""inaction/track_000130/im000010_00-06-11.jpg"", ""inaction/track_000130/im000022_00-06-12.jpg""]","[11, 69, 91, 85, 23, 27, 9, 21]",inaction/track_000130,98,,,,shuffled,20260602.0
inaction/track_000130::inaction_skip_shuffle:seed20260602:sample11,inaction,inaction/track_000130,inaction_skip_shuffle_11,inaction_skip_shuffle,8,"[""inaction/track_000130/im000092_00-06-18.jpg"", ""inaction/track_000130/im000089_00-06-18.jpg"", ""inaction/track_000130/im000090_00-06-18.jpg"", ""inaction/track_000130/im000078_00-06-17.jpg"", ""inaction/track_000130/im000043_00-06-14.jpg"", ""inaction/track_000130/im000054_00-06-15.jpg"", ""inaction/track_000130/im000097_00-06-18.jpg"", ""inaction/track_000130/im000001_00-06-10.jpg""]","[91, 88, 89, 77, 42, 53, 96, 0]",inaction/track_000130,98,,,,shuffled,20260602.0
inaction/track_000130::inaction_skip_shuffle:seed20260602:sample12,inaction,inaction/track_000130,inaction_skip_shuffle_12,inaction_skip_shuffle,8,"[""inaction/track_000130/im000036_00-06-13.jpg"", ""inaction/track_000130/im000017_00-06-12.jpg"", ""inaction/track_000130/im000074_00-06-16.jpg"", ""inaction/track_000130/im000090_00-06-18.jpg"", ""inaction/track_000130/im000031_00-06-13.jpg"", ""inaction/track_000130/im000088_00-06-18.jpg"", ""inaction/track_000130/im000095_00-06-18.jpg"", ""inaction/track_000130/im000008_00-06-11.jpg""]","[35, 16, 73, 89, 30, 87, 94, 7]",inaction/track_000130,98,,,,shuffled,20260602.0
inaction/track_000130::inaction_skip_shuffle:seed20260602:sample13,inaction,inaction/track_000130,inaction_skip_shuffle_13,inaction_skip_shuffle,8,"[""inaction/track_000130/im000047_00-06-14.jpg"", ""inaction/track_000130/im000070_00-06-16.jpg"", ""inaction/track_000130/im000027_00-06-12.jpg"", ""inaction/track_000130/im000083_00-06-17.jpg"", ""inaction/track_000130/im000084_00-06-17.jpg"", ""inaction/track_000130/im000058_00-06-15.jpg"", ""inaction/track_000130/im000042_00-06-14.jpg"", ""inaction/track_000130/im000036_00-06-13.jpg""]","[46, 69, 26, 82, 83, 57, 41, 35]",inaction/track_000130,98,,,,shuffled,20260602.0
inaction/track_000130::inaction_skip_shuffle:seed20260602:sample14,inaction,inaction/track_000130,inaction_skip_shuffle_14,inaction_skip_shuffle,8,"[""inaction/track_000130/im000046_00-06-14.jpg"", ""inaction/track_000130/im000042_00-06-14.jpg"", ""inaction/track_000130/im000041_00-06-14.jpg"", ""inaction/track_000130/im000027_00-06-12.jpg"", ""inaction/track_000130/im000059_00-06-15.jpg"", ""inaction/track_000130/im000072_00-06-16.jpg"", ""inaction/track_000130/im000060_00-06-15.jpg"", ""inaction/track_000130/im000095_00-06-18.jpg""]","[45, 41, 40, 26, 58, 71, 59, 94]",inaction/track_000130,98,,,,shuffled,20260602.0
inaction/track_000130::inaction_skip_shuffle:seed20260602:sample15,inaction,inaction/track_000130,inaction_skip_shuffle_15,inaction_skip_shuffle,8,"[""inaction/track_000130/im000049_00-06-14.jpg"", ""inaction/track_000130/im000032_00-06-13.jpg"", ""inaction/track_000130/im000098_00-06-18.jpg"", ""inaction/track_000130/im000017_00-06-12.jpg"", ""inaction/track_000130/im000055_00-06-15.jpg"", ""inaction/track_000130/im000044_00-06-14.jpg"", ""inaction/track_000130/im000060_00-06-15.jpg"", ""inaction/track_000130/im000029_00-06-13.jpg""]","[48, 31, 97, 16, 54, 43, 59, 28]",inaction/track_000130,98,,,,shuffled,20260602.0
inaction/track_000130::inaction_skip_shuffle:seed20260602:sample16,inaction,inaction/track_000130,inaction_skip_shuffle_16,inaction_skip_shuffle,8,"[""inaction/track_000130/im000029_00-06-13.jpg"", ""inaction/track_000130/im000023_00-06-12.jpg"", ""inaction/track_000130/im000066_00-06-16.jpg"", ""inaction/track_000130/im000073_00-06-16.jpg"", ""inaction/track_000130/im000002_00-06-10.jpg"", ""inaction/track_000130/im000057_00-06-15.jpg"", ""inaction/track_000130/im000076_00-06-17.jpg"", ""inaction/track_000130/im000091_00-06-18.jpg""]","[28, 22, 65, 72, 1, 56, 75, 90]",inaction/track_000130,98,,,,shuffled,20260602.0
inaction/track_000130::inaction_skip_shuffle:seed20260602:sample17,inaction,inaction/track_000130,inaction_skip_shuffle_17,inaction_skip_shuffle,8,"[""inaction/track_000130/im000053_00-06-15.jpg"", ""inaction/track_000130/im000059_00-06-15.jpg"", ""inaction/track_000130/im000061_00-06-15.jpg"", ""inaction/track_000130/im000027_00-06-12.jpg"", ""inaction/track_000130/im000041_00-06-14.jpg"", ""inaction/track_000130/im000091_00-06-18.jpg"", ""inaction/track_000130/im000088_00-06-18.jpg"", ""inaction/track_000130/im000065_00-06-16.jpg""]","[52, 58, 60, 26, 40, 90, 87, 64]",inaction/track_000130,98,,,,shuffled,20260602.0
inaction/track_000130::inaction_skip_shuffle:seed20260602:sample18,inaction,inaction/track_000130,inaction_skip_shuffle_18,inaction_skip_shuffle,8,"[""inaction/track_000130/im000026_00-06-12.jpg"", ""inaction/track_000130/im000024_00-06-12.jpg"", ""inaction/track_000130/im000097_00-06-18.jpg"", ""inaction/track_000130/im000096_00-06-18.jpg"", ""inaction/track_000130/im000076_00-06-17.jpg"", ""inaction/track_000130/im000046_00-06-14.jpg"", ""inaction/track_000130/im000053_00-06-15.jpg"", ""inaction/track_000130/im000011_00-06-11.jpg""]","[25, 23, 96, 95, 75, 45, 52, 10]",inaction/track_000130,98,,,,shuffled,20260602.0
inaction/track_000130::inaction_skip_shuffle:seed20260602:sample19,inaction,inaction/track_000130,inaction_skip_shuffle_19,inaction_skip_shuffle,8,"[""inaction/track_000130/im000095_00-06-18.jpg"", ""inaction/track_000130/im000033_00-06-13.jpg"", ""inaction/track_000130/im000052_00-06-15.jpg"", ""inaction/track_000130/im000044_00-06-14.jpg"", ""inaction/track_000130/im000029_00-06-13.jpg"", ""inaction/track_000130/im000074_00-06-16.jpg"", ""inaction/track_000130/im000060_00-06-15.jpg"", ""inaction/track_000130/im000062_00-06-15.jpg""]","[94, 32, 51, 43, 28, 73, 59, 61]",inaction/track_000130,98,,,,shuffled,20260602.0
inaction/track_000130::inaction_skip_shuffle:seed20260602:sample20,inaction,inaction/track_000130,inaction_skip_shuffle_20,inaction_skip_shuffle,8,"[""inaction/track_000130/im000057_00-06-15.jpg"", ""inaction/track_000130/im000040_00-06-14.jpg"", ""inaction/track_000130/im000077_00-06-17.jpg"", ""inaction/track_000130/im000051_00-06-14.jpg"", ""inaction/track_000130/im000018_00-06-12.jpg"", ""inaction/track_000130/im000019_00-06-12.jpg"", ""inaction/track_000130/im000087_00-06-17.jpg"", ""inaction/track_000130/im000049_00-06-14.jpg""]","[56, 39, 76, 50, 17, 18, 86, 48]",inaction/track_000130,98,,,,shuffled,20260602.0
inaction/track_000130::inaction_skip_shuffle:seed20260602:sample21,inaction,inaction/track_000130,inaction_skip_shuffle_21,inaction_skip_shuffle,8,"[""inaction/track_000130/im000086_00-06-17.jpg"", ""inaction/track_000130/im000026_00-06-12.jpg"", ""inaction/track_000130/im000031_00-06-13.jpg"", ""inaction/track_000130/im000087_00-06-17.jpg"", ""inaction/track_000130/im000038_00-06-13.jpg"", ""inaction/track_000130/im000047_00-06-14.jpg"", ""inaction/track_000130/im000085_00-06-17.jpg"", ""inaction/track_000130/im000068_00-06-16.jpg""]","[85, 25, 30, 86, 37, 46, 84, 67]",inaction/track_000130,98,,,,shuffled,20260602.0
inaction/track_000130::inaction_skip_shuffle:seed20260602:sample22,inaction,inaction/track_000130,inaction_skip_shuffle_22,inaction_skip_shuffle,8,"[""inaction/track_000130/im000039_00-06-13.jpg"", ""inaction/track_000130/im000066_00-06-16.jpg"", ""inaction/track_000130/im000031_00-06-13.jpg"", ""inaction/track_000130/im000054_00-06-15.jpg"", ""inaction/track_000130/im000048_00-06-14.jpg"", ""inaction/track_000130/im000094_00-06-18.jpg"", ""inaction/track_000130/im000018_00-06-12.jpg"", ""inaction/track_000130/im000011_00-06-11.jpg""]","[38, 65, 30, 53, 47, 93, 17, 10]",inaction/track_000130,98,,,,shuffled,20260602.0
inaction/track_000130::inaction_skip_shuffle:seed20260602:sample23,inaction,inaction/track_000130,inaction_skip_shuffle_23,inaction_skip_shuffle,8,"[""inaction/track_000130/im000022_00-06-12.jpg"", ""inaction/track_000130/im000087_00-06-17.jpg"", ""inaction/track_000130/im000034_00-06-13.jpg"", ""inaction/track_000130/im000005_00-06-11.jpg"", ""inaction/track_000130/im000058_00-06-15.jpg"", ""inaction/track_000130/im000023_00-06-12.jpg"", ""inaction/track_000130/im000075_00-06-16.jpg"", ""inaction/track_000130/im000027_00-06-12.jpg""]","[21, 86, 33, 4, 57, 22, 74, 26]",inaction/track_000130,98,,,,shuffled,20260602.0
inaction/track_00028213213::inaction_skip_shuffle:seed20260602:sample0,inaction,inaction/track_00028213213,inaction_skip_shuffle_0,inaction_skip_shuffle,8,"[""inaction/track_00028213213/im_03-33-51_27.jpg"", ""inaction/track_00028213213/im_08-30-23_80.jpg"", ""inaction/track_00028213213/im_03-33-51_10.jpg"", ""inaction/track_00028213213/im_07-30-49_126.jpg"", ""inaction/track_00028213213/im_03-33-57_193.jpg"", ""inaction/track_00028213213/im_03-33-54_113.jpg"", ""inaction/track_00028213213/im_08-30-25_153.jpg"", ""inaction/track_00028213213/im_03-33-55_141.jpg""]","[78, 239, 27, 376, 519, 336, 448, 420]",inaction/track_00028213213,525,,,,shuffled,20260602.0
inaction/track_00028213213::inaction_skip_shuffle:seed20260602:sample1,inaction,inaction/track_00028213213,inaction_skip_shuffle_1,inaction_skip_shuffle,8,"[""inaction/track_00028213213/im_07-30-48_87.jpg"", ""inaction/track_00028213213/im_07-30-49_127.jpg"", ""inaction/track_00028213213/im_03-33-56_163.jpg"", ""inaction/track_00028213213/im_03-33-55_140.jpg"", ""inaction/track_00028213213/im_08-30-22_49.jpg"", ""inaction/track_00028213213/im_03-33-55_137.jpg"", ""inaction/track_00028213213/im_08-30-24_110.jpg"", ""inaction/track_00028213213/im_07-30-47_73.jpg""]","[259, 379, 467, 417, 146, 408, 329, 217]",inaction/track_00028213213,525,,,,shuffled,20260602.0
inaction/track_00028213213::inaction_skip_shuffle:seed20260602:sample2,inaction,inaction/track_00028213213,inaction_skip_shuffle_2,inaction_skip_shuffle,8,"[""inaction/track_00028213213/im_08-30-26_182.jpg"", ""inaction/track_00028213213/im_08-30-21_9.jpg"", ""inaction/track_00028213213/im_03-33-52_47.jpg"", ""inaction/track_00028213213/im_03-33-56_167.jpg"", ""inaction/track_00028213213/im_03-33-54_124.jpg"", ""inaction/track_00028213213/im_08-30-24_109.jpg"", ""inaction/track_00028213213/im_08-30-21_14.jpg"", ""inaction/track_00028213213/im_07-30-01_4.jpg""]","[506, 26, 138, 475, 369, 326, 41, 10]",inaction/track_00028213213,525,,,,shuffled,20260602.0
inaction/track_00028213213::inaction_skip_shuffle:seed20260602:sample3,inaction,inaction/track_00028213213,inaction_skip_shuffle_3,inaction_skip_shuffle,8,"[""inaction/track_00028213213/im_08-30-23_80.jpg"", ""inaction/track_00028213213/im_07-30-48_103.jpg"", ""inaction/track_00028213213/im_03-33-56_179.jpg"", ""inaction/track_00028213213/im_08-30-22_40.jpg"", ""inaction/track_00028213213/im_03-33-55_153.jpg"", ""inaction/track_00028213213/im_08-30-22_61.jpg"", ""inaction/track_00028213213/im_03-33-56_182.jpg"", ""inaction/track_00028213213/im_03-33-52_69.jpg""]","[239, 307, 499, 119, 447, 182, 505, 204]",inaction/track_00028213213,525,,,,shuffled,20260602.0
inaction/track_00028213213::inaction_skip_shuffle:seed20260602:sample4,inaction,inaction/track_00028213213,inaction_skip_shuffle_4,inaction_skip_shuffle,8,"[""inaction/track_00028213213/im_07-30-48_101.jpg"", ""inaction/track_00028213213/im_03-33-51_39.jpg"", ""inaction/track_00028213213/im_03-33-53_80.jpg"", ""inaction/track_00028213213/im_08-30-24_109.jpg"", ""inaction/track_00028213213/im_08-30-26_160.jpg"", ""inaction/track_00028213213/im_07-30-48_92.jpg"", ""inaction/track_00028213213/im_03-33-52_65.jpg"", ""inaction/track_00028213213/im_03-33-54_129.jpg""]","[301, 114, 237, 326, 462, 274, 192, 384]",inaction/track_00028213213,525,,,,shuffled,20260602.0
inaction/track_00028213213::inaction_skip_shuffle:seed20260602:sample5,inaction,inaction/track_00028213213,inaction_skip_shuffle_5,inaction_skip_shuffle,8,"[""inaction/track_00028213213/im_07-30-48_81.jpg"", ""inaction/track_00028213213/im_08-30-26_160.jpg"", ""inaction/track_00028213213/im_03-33-53_73.jpg"", ""inaction/track_00028213213/im_03-33-52_66.jpg"", ""inaction/track_00028213213/im_03-33-53_80.jpg"", ""inaction/track_00028213213/im_08-30-25_154.jpg"", ""inaction/track_00028213213/im_08-30-25_146.jpg"", ""inaction/track_00028213213/im_03-33-53_72.jpg""]","[241, 462, 216, 195, 237, 450, 434, 213]",inaction/track_00028213213,525,,,,shuffled,20260602.0
inaction/track_00028213213::inaction_skip_shuffle:seed20260602:sample6,inaction,inaction/track_00028213213,inaction_skip_shuffle_6,inaction_skip_shuffle,8,"[""inaction/track_00028213213/im_03-33-53_83.jpg"", ""inaction/track_00028213213/im_07-30-45_15.jpg"", ""inaction/track_00028213213/im_03-33-51_22.jpg"", ""inaction/track_00028213213/im_07-30-49_129.jpg"", ""inaction/track_00028213213/im_07-30-48_100.jpg"", ""inaction/track_00028213213/im_03-33-57_193.jpg"", ""inaction/track_00028213213/im_03-33-55_157.jpg"", ""inaction/track_00028213213/im_07-30-46_48.jpg""]","[246, 43, 63, 385, 298, 519, 455, 142]",inaction/track_00028213213,525,,,,shuffled,20260602.0
inaction/track_00028213213::inaction_skip_shuffle:seed20260602:sample7,inaction,inaction/track_00028213213,inaction_skip_shuffle_7,inaction_skip_shuffle,8,"[""inaction/track_00028213213/im_08-30-21_35.jpg"", ""inaction/track_00028213213/im_08-30-24_122.jpg"", ""inaction/track_00028213213/im_08-30-26_167.jpg"", ""inaction/track_00028213213/im_03-33-51_39.jpg"", ""inaction/track_00028213213/im_03-33-51_33.jpg"", ""inaction/track_00028213213/im_07-30-48_105.jpg"", ""inaction/track_00028213213/im_07-30-46_42.jpg"", ""inaction/track_00028213213/im_03-33-55_132.jpg""]","[104, 365, 476, 114, 96, 313, 124, 393]",inaction/track_00028213213,525,,,,shuffled,20260602.0
inaction/track_00028213213::inaction_skip_shuffle:seed20260602:sample8,inaction,inaction/track_00028213213,inaction_skip_shuffle_8,inaction_skip_shuffle,8,"[""inaction/track_00028213213/im_08-30-23_78.jpg"", ""inaction/track_00028213213/im_07-30-46_42.jpg"", ""inaction/track_00028213213/im_08-30-25_147.jpg"", ""inaction/track_00028213213/im_03-33-53_93.jpg"", ""inaction/track_00028213213/im_08-30-24_102.jpg"", ""inaction/track_00028213213/im_03-33-51_18.jpg"", ""inaction/track_00028213213/im_07-30-48_90.jpg"", ""inaction/track_00028213213/im_03-33-53_92.jpg""]","[233, 124, 436, 276, 305, 51, 268, 273]",inaction/track_00028213213,525,,,,shuffled,20260602.0
inaction/track_00028213213::inaction_skip_shuffle:seed20260602:sample9,inaction,inaction/track_00028213213,inaction_skip_shuffle_9,inaction_skip_shuffle,8,"[""inaction/track_00028213213/im_08-30-25_152.jpg"", ""inaction/track_00028213213/im_08-30-23_90.jpg"", ""inaction/track_00028213213/im_08-30-23_88.jpg"", ""inaction/track_00028213213/im_03-33-52_45.jpg"", ""inaction/track_00028213213/im_07-30-49_130.jpg"", ""inaction/track_00028213213/im_03-33-56_160.jpg"", ""inaction/track_00028213213/im_03-33-53_72.jpg"", ""inaction/track_00028213213/im_07-30-45_8.jpg""]","[446, 269, 263, 132, 388, 461, 213, 22]",inaction/track_00028213213,525,,,,shuffled,20260602.0
inaction/track_00028213213::inaction_skip_shuffle:seed20260602:sample10,inaction,inaction/track_00028213213,inaction_skip_shuffle_10,inaction_skip_shuffle,8,"[""inaction/track_00028213213/im_08-30-26_168.jpg"", ""inaction/track_00028213213/im_03-33-51_14.jpg"", ""inaction/track_00028213213/im_03-33-53_90.jpg"", ""inaction/track_00028213213/im_07-30-48_102.jpg"", ""inaction/track_00028213213/im_03-33-51_35.jpg"", ""inaction/track_00028213213/im_03-33-54_122.jpg"", ""inaction/track_00028213213/im_08-30-24_101.jpg"", ""inaction/track_00028213213/im_07-30-47_75.jpg""]","[478, 39, 267, 304, 102, 363, 302, 223]",inaction/track_00028213213,525,,,,shuffled,20260602.0
inaction/track_00028213213::inaction_skip_shuffle:seed20260602:sample11,inaction,inaction/track_00028213213,inaction_skip_shuffle_11,inaction_skip_shuffle,8,"[""inaction/track_00028213213/im_03-33-57_190.jpg"", ""inaction/track_00028213213/im_03-33-54_128.jpg"", ""inaction/track_00028213213/im_03-33-53_88.jpg"", ""inaction/track_00028213213/im_08-30-24_103.jpg"", ""inaction/track_00028213213/im_08-30-21_38.jpg"", ""inaction/track_00028213213/im_07-30-47_63.jpg"", ""inaction/track_00028213213/im_07-30-46_31.jpg"", ""inaction/track_00028213213/im_07-30-47_69.jpg""]","[516, 381, 261, 308, 113, 187, 91, 205]",inaction/track_00028213213,525,,,,shuffled,20260602.0
inaction/track_00028213213::inaction_skip_shuffle:seed20260602:sample12,inaction,inaction/track_00028213213,inaction_skip_shuffle_12,inaction_skip_shuffle,8,"[""inaction/track_00028213213/im_08-30-21_19.jpg"", ""inaction/track_00028213213/im_03-33-53_92.jpg"", ""inaction/track_00028213213/im_08-30-26_172.jpg"", ""inaction/track_00028213213/im_03-33-53_96.jpg"", ""inaction/track_00028213213/im_07-30-45_9.jpg"", ""inaction/track_00028213213/im_08-30-24_115.jpg"", ""inaction/track_00028213213/im_08-30-22_55.jpg"", ""inaction/track_00028213213/im_08-30-25_132.jpg""]","[56, 273, 486, 285, 25, 344, 164, 395]",inaction/track_00028213213,525,,,,shuffled,20260602.0
inaction/track_00028213213::inaction_skip_shuffle:seed20260602:sample13,inaction,inaction/track_00028213213,inaction_skip_shuffle_13,inaction_skip_shuffle,8,"[""inaction/track_00028213213/im_08-30-23_86.jpg"", ""inaction/track_00028213213/im_08-30-23_73.jpg"", ""inaction/track_00028213213/im_07-30-49_112.jpg"", ""inaction/track_00028213213/im_07-30-48_84.jpg"", ""inaction/track_00028213213/im_08-30-22_68.jpg"", ""inaction/track_00028213213/im_07-30-47_54.jpg"", ""inaction/track_00028213213/im_08-30-23_97.jpg"", ""inaction/track_00028213213/im_08-30-24_111.jpg""]","[257, 218, 334, 250, 203, 160, 290, 332]",inaction/track_00028213213,525,,,,shuffled,20260602.0
inaction/track_00028213213::inaction_skip_shuffle:seed20260602:sample14,inaction,inaction/track_00028213213,inaction_skip_shuffle_14,inaction_skip_shuffle,8,"[""inaction/track_00028213213/im_07-30-47_57.jpg"", ""inaction/track_00028213213/im_08-30-24_114.jpg"", ""inaction/track_00028213213/im_03-33-56_165.jpg"", ""inaction/track_00028213213/im_08-30-25_141.jpg"", ""inaction/track_00028213213/im_07-30-45_17.jpg"", ""inaction/track_00028213213/im_08-30-23_91.jpg"", ""inaction/track_00028213213/im_07-30-48_86.jpg"", ""inaction/track_00028213213/im_07-30-01_2.jpg""]","[169, 341, 471, 422, 49, 272, 256, 4]",inaction/track_00028213213,525,,,,shuffled,20260602.0
inaction/track_00028213213::inaction_skip_shuffle:seed20260602:sample15,inaction,inaction/track_00028213213,inaction_skip_shuffle_15,inaction_skip_shuffle,8,"[""inaction/track_00028213213/im_08-30-24_105.jpg"", ""inaction/track_00028213213/im_08-30-24_99.jpg"", ""inaction/track_00028213213/im_07-30-46_22.jpg"", ""inaction/track_00028213213/im_03-33-55_140.jpg"", ""inaction/track_00028213213/im_03-33-55_152.jpg"", ""inaction/track_00028213213/im_07-30-48_90.jpg"", ""inaction/track_00028213213/im_03-33-51_33.jpg"", ""inaction/track_00028213213/im_03-33-52_50.jpg""]","[314, 296, 64, 417, 445, 268, 96, 147]",inaction/track_00028213213,525,,,,shuffled,20260602.0
inaction/track_00028213213::inaction_skip_shuffle:seed20260602:sample16,inaction,inaction/track_00028213213,inaction_skip_shuffle_16,inaction_skip_shuffle,8,"[""inaction/track_00028213213/im_03-33-53_75.jpg"", ""inaction/track_00028213213/im_03-33-53_86.jpg"", ""inaction/track_00028213213/im_03-33-57_193.jpg"", ""inaction/track_00028213213/im_07-30-49_117.jpg"", ""inaction/track_00028213213/im_03-33-55_153.jpg"", ""inaction/track_00028213213/im_03-33-51_19.jpg"", ""inaction/track_00028213213/im_08-30-20_4.jpg"", ""inaction/track_00028213213/im_08-30-21_33.jpg""]","[222, 255, 519, 349, 447, 54, 11, 98]",inaction/track_00028213213,525,,,,shuffled,20260602.0
inaction/track_00028213213::inaction_skip_shuffle:seed20260602:sample17,inaction,inaction/track_00028213213,inaction_skip_shuffle_17,inaction_skip_shuffle,8,"[""inaction/track_00028213213/im_03-33-56_184.jpg"", ""inaction/track_00028213213/im_07-30-45_17.jpg"", ""inaction/track_00028213213/im_03-33-57_192.jpg"", ""inaction/track_00028213213/im_07-30-49_116.jpg"", ""inaction/track_00028213213/im_03-33-51_22.jpg"", ""inaction/track_00028213213/im_03-33-54_112.jpg"", ""inaction/track_00028213213/im_08-30-22_47.jpg"", ""inaction/track_00028213213/im_03-33-56_161.jpg""]","[509, 49, 518, 346, 63, 333, 140, 463]",inaction/track_00028213213,525,,,,shuffled,20260602.0
inaction/track_00028213213::inaction_skip_shuffle:seed20260602:sample18,inaction,inaction/track_00028213213,inaction_skip_shuffle_18,inaction_skip_shuffle,8,"[""inaction/track_00028213213/im_08-30-26_170.jpg"", ""inaction/track_00028213213/im_03-33-56_166.jpg"", ""inaction/track_00028213213/im_08-30-21_9.jpg"", ""inaction/track_00028213213/im_03-33-50_8.jpg"", ""inaction/track_00028213213/im_03-33-54_127.jpg"", ""inaction/track_00028213213/im_08-30-24_113.jpg"", ""inaction/track_00028213213/im_03-33-53_76.jpg"", ""inaction/track_00028213213/im_07-30-48_87.jpg""]","[482, 473, 26, 21, 378, 338, 225, 259]",inaction/track_00028213213,525,,,,shuffled,20260602.0
inaction/track_00028213213::inaction_skip_shuffle:seed20260602:sample19,inaction,inaction/track_00028213213,inaction_skip_shuffle_19,inaction_skip_shuffle,8,"[""inaction/track_00028213213/im_07-30-47_74.jpg"", ""inaction/track_00028213213/im_08-30-25_141.jpg"", ""inaction/track_00028213213/im_08-30-22_64.jpg"", ""inaction/track_00028213213/im_07-30-48_100.jpg"", ""inaction/track_00028213213/im_03-33-51_11.jpg"", ""inaction/track_00028213213/im_08-30-25_157.jpg"", ""inaction/track_00028213213/im_08-30-26_163.jpg"", ""inaction/track_00028213213/im_03-33-54_122.jpg""]","[220, 422, 191, 298, 30, 456, 468, 363]",inaction/track_00028213213,525,,,,shuffled,20260602.0
inaction/track_00028213213::inaction_skip_shuffle:seed20260602:sample20,inaction,inaction/track_00028213213,inaction_skip_shuffle_20,inaction_skip_shuffle,8,"[""inaction/track_00028213213/im_08-30-25_130.jpg"", ""inaction/track_00028213213/im_07-30-45_19.jpg"", ""inaction/track_00028213213/im_07-30-48_88.jpg"", ""inaction/track_00028213213/im_08-30-25_145.jpg"", ""inaction/track_00028213213/im_03-33-54_121.jpg"", ""inaction/track_00028213213/im_08-30-25_134.jpg"", ""inaction/track_00028213213/im_08-30-25_136.jpg"", ""inaction/track_00028213213/im_03-33-51_11.jpg""]","[389, 55, 262, 432, 360, 401, 407, 30]",inaction/track_00028213213,525,,,,shuffled,20260602.0
inaction/track_00028213213::inaction_skip_shuffle:seed20260602:sample21,inaction,inaction/track_00028213213,inaction_skip_shuffle_21,inaction_skip_shuffle,8,"[""inaction/track_00028213213/im_03-33-53_89.jpg"", ""inaction/track_00028213213/im_07-30-47_57.jpg"", ""inaction/track_00028213213/im_08-30-23_86.jpg"", ""inaction/track_00028213213/im_07-30-48_91.jpg"", ""inaction/track_00028213213/im_08-30-23_93.jpg"", ""inaction/track_00028213213/im_03-33-55_139.jpg"", ""inaction/track_00028213213/im_03-33-57_192.jpg"", ""inaction/track_00028213213/im_08-30-25_153.jpg""]","[264, 169, 257, 271, 278, 414, 518, 448]",inaction/track_00028213213,525,,,,shuffled,20260602.0
inaction/track_00028213213::inaction_skip_shuffle:seed20260602:sample22,inaction,inaction/track_00028213213,inaction_skip_shuffle_22,inaction_skip_shuffle,8,"[""inaction/track_00028213213/im_07-30-46_29.jpg"", ""inaction/track_00028213213/im_03-33-56_181.jpg"", ""inaction/track_00028213213/im_07-30-47_62.jpg"", ""inaction/track_00028213213/im_03-33-54_125.jpg"", ""inaction/track_00028213213/im_08-30-22_42.jpg"", ""inaction/track_00028213213/im_07-30-46_41.jpg"", ""inaction/track_00028213213/im_08-30-26_178.jpg"", ""inaction/track_00028213213/im_07-30-48_100.jpg""]","[85, 503, 184, 372, 125, 121, 498, 298]",inaction/track_00028213213,525,,,,shuffled,20260602.0
inaction/track_00028213213::inaction_skip_shuffle:seed20260602:sample23,inaction,inaction/track_00028213213,inaction_skip_shuffle_23,inaction_skip_shuffle,8,"[""inaction/track_00028213213/im_03-33-51_13.jpg"", ""inaction/track_00028213213/im_07-30-48_108.jpg"", ""inaction/track_00028213213/im_07-30-46_21.jpg"", ""inaction/track_00028213213/im_08-30-22_45.jpg"", ""inaction/track_00028213213/im_07-30-46_29.jpg"", ""inaction/track_00028213213/im_08-30-25_158.jpg"", ""inaction/track_00028213213/im_08-30-22_47.jpg"", ""inaction/track_00028213213/im_03-33-54_122.jpg""]","[36, 322, 61, 134, 85, 458, 140, 363]",inaction/track_00028213213,525,,,,shuffled,20260602.0
inaction/track_000306::inaction_skip_shuffle:seed20260602:sample0,inaction,inaction/track_000306,inaction_skip_shuffle_0,inaction_skip_shuffle,8,"[""inaction/track_000306/im000004_00-17-30.jpg"", ""inaction/track_000306/im000011_00-17-31.jpg"", ""inaction/track_000306/im000009_00-17-30.jpg"", ""inaction/track_000306/im000008_00-17-30.jpg"", ""inaction/track_000306/im000007_00-17-30.jpg"", ""inaction/track_000306/im000006_00-17-30.jpg"", ""inaction/track_000306/im000012_00-17-31.jpg"", ""inaction/track_000306/im000001_00-17-30.jpg""]","[3, 10, 8, 7, 6, 5, 11, 0]",inaction/track_000306,28,,,,shuffled,20260602.0
inaction/track_000306::inaction_skip_shuffle:seed20260602:sample1,inaction,inaction/track_000306,inaction_skip_shuffle_1,inaction_skip_shuffle,8,"[""inaction/track_000306/im000024_00-17-32.jpg"", ""inaction/track_000306/im000009_00-17-30.jpg"", ""inaction/track_000306/im000013_00-17-31.jpg"", ""inaction/track_000306/im000023_00-17-32.jpg"", ""inaction/track_000306/im000027_00-17-32.jpg"", ""inaction/track_000306/im000021_00-17-31.jpg"", ""inaction/track_000306/im000010_00-17-31.jpg"", ""inaction/track_000306/im000017_00-17-31.jpg""]","[23, 8, 12, 22, 26, 20, 9, 16]",inaction/track_000306,28,,,,shuffled,20260602.0
inaction/track_000306::inaction_skip_shuffle:seed20260602:sample2,inaction,inaction/track_000306,inaction_skip_shuffle_2,inaction_skip_shuffle,8,"[""inaction/track_000306/im000002_00-17-30.jpg"", ""inaction/track_000306/im000020_00-17-31.jpg"", ""inaction/track_000306/im000019_00-17-31.jpg"", ""inaction/track_000306/im000024_00-17-32.jpg"", ""inaction/track_000306/im000023_00-17-32.jpg"", ""inaction/track_000306/im000028_00-17-32.jpg"", ""inaction/track_000306/im000008_00-17-30.jpg"", ""inaction/track_000306/im000010_00-17-31.jpg""]","[1, 19, 18, 23, 22, 27, 7, 9]",inaction/track_000306,28,,,,shuffled,20260602.0
inaction/track_000306::inaction_skip_shuffle:seed20260602:sample3,inaction,inaction/track_000306,inaction_skip_shuffle_3,inaction_skip_shuffle,8,"[""inaction/track_000306/im000011_00-17-31.jpg"", ""inaction/track_000306/im000021_00-17-31.jpg"", ""inaction/track_000306/im000004_00-17-30.jpg"", ""inaction/track_000306/im000026_00-17-32.jpg"", ""inaction/track_000306/im000008_00-17-30.jpg"", ""inaction/track_000306/im000003_00-17-30.jpg"", ""inaction/track_000306/im000012_00-17-31.jpg"", ""inaction/track_000306/im000002_00-17-30.jpg""]","[10, 20, 3, 25, 7, 2, 11, 1]",inaction/track_000306,28,,,,shuffled,20260602.0
inaction/track_000306::inaction_skip_shuffle:seed20260602:sample4,inaction,inaction/track_000306,inaction_skip_shuffle_4,inaction_skip_shuffle,8,"[""inaction/track_000306/im000021_00-17-31.jpg"", ""inaction/track_000306/im000018_00-17-31.jpg"", ""inaction/track_000306/im000008_00-17-30.jpg"", ""inaction/track_000306/im000016_00-17-31.jpg"", ""inaction/track_000306/im000019_00-17-31.jpg"", ""inaction/track_000306/im000020_00-17-31.jpg"", ""inaction/track_000306/im000023_00-17-32.jpg"", ""inaction/track_000306/im000001_00-17-30.jpg""]","[20, 17, 7, 15, 18, 19, 22, 0]",inaction/track_000306,28,,,,shuffled,20260602.0
inaction/track_000306::inaction_skip_shuffle:seed20260602:sample5,inaction,inaction/track_000306,inaction_skip_shuffle_5,inaction_skip_shuffle,8,"[""inaction/track_000306/im000027_00-17-32.jpg"", ""inaction/track_000306/im000016_00-17-31.jpg"", ""inaction/track_000306/im000025_00-17-32.jpg"", ""inaction/track_000306/im000026_00-17-32.jpg"", ""inaction/track_000306/im000008_00-17-30.jpg"", ""inaction/track_000306/im000011_00-17-31.jpg"", ""inaction/track_000306/im000013_00-17-31.jpg"", ""inaction/track_000306/im000002_00-17-30.jpg""]","[26, 15, 24, 25, 7, 10, 12, 1]",inaction/track_000306,28,,,,shuffled,20260602.0
inaction/track_000306::inaction_skip_shuffle:seed20260602:sample6,inaction,inaction/track_000306,inaction_skip_shuffle_6,inaction_skip_shuffle,8,"[""inaction/track_000306/im000028_00-17-32.jpg"", ""inaction/track_000306/im000027_00-17-32.jpg"", ""inaction/track_000306/im000011_00-17-31.jpg"", ""inaction/track_000306/im000017_00-17-31.jpg"", ""inaction/track_000306/im000002_00-17-30.jpg"", ""inaction/track_000306/im000001_00-17-30.jpg"", ""inaction/track_000306/im000014_00-17-31.jpg"", ""inaction/track_000306/im000013_00-17-31.jpg""]","[27, 26, 10, 16, 1, 0, 13, 12]",inaction/track_000306,28,,,,shuffled,20260602.0
inaction/track_000306::inaction_skip_shuffle:seed20260602:sample7,inaction,inaction/track_000306,inaction_skip_shuffle_7,inaction_skip_shuffle,8,"[""inaction/track_000306/im000022_00-17-32.jpg"", ""inaction/track_000306/im000012_00-17-31.jpg"", ""inaction/track_000306/im000027_00-17-32.jpg"", ""inaction/track_000306/im000014_00-17-31.jpg"", ""inaction/track_000306/im000016_00-17-31.jpg"", ""inaction/track_000306/im000023_00-17-32.jpg"", ""inaction/track_000306/im000002_00-17-30.jpg"", ""inaction/track_000306/im000026_00-17-32.jpg""]","[21, 11, 26, 13, 15, 22, 1, 25]",inaction/track_000306,28,,,,shuffled,20260602.0
inaction/track_000306::inaction_skip_shuffle:seed20260602:sample8,inaction,inaction/track_000306,inaction_skip_shuffle_8,inaction_skip_shuffle,8,"[""inaction/track_000306/im000027_00-17-32.jpg"", ""inaction/track_000306/im000004_00-17-30.jpg"", ""inaction/track_000306/im000025_00-17-32.jpg"", ""inaction/track_000306/im000002_00-17-30.jpg"", ""inaction/track_000306/im000009_00-17-30.jpg"", ""inaction/track_000306/im000017_00-17-31.jpg"", ""inaction/track_000306/im000026_00-17-32.jpg"", ""inaction/track_000306/im000003_00-17-30.jpg""]","[26, 3, 24, 1, 8, 16, 25, 2]",inaction/track_000306,28,,,,shuffled,20260602.0
inaction/track_000306::inaction_skip_shuffle:seed20260602:sample9,inaction,inaction/track_000306,inaction_skip_shuffle_9,inaction_skip_shuffle,8,"[""inaction/track_000306/im000003_00-17-30.jpg"", ""inaction/track_000306/im000007_00-17-30.jpg"", ""inaction/track_000306/im000021_00-17-31.jpg"", ""inaction/track_000306/im000013_00-17-31.jpg"", ""inaction/track_000306/im000016_00-17-31.jpg"", ""inaction/track_000306/im000011_00-17-31.jpg"", ""inaction/track_000306/im000014_00-17-31.jpg"", ""inaction/track_000306/im000019_00-17-31.jpg""]","[2, 6, 20, 12, 15, 10, 13, 18]",inaction/track_000306,28,,,,shuffled,20260602.0
inaction/track_000306::inaction_skip_shuffle:seed20260602:sample10,inaction,inaction/track_000306,inaction_skip_shuffle_10,inaction_skip_shuffle,8,"[""inaction/track_000306/im000026_00-17-32.jpg"", ""inaction/track_000306/im000024_00-17-32.jpg"", ""inaction/track_000306/im000002_00-17-30.jpg"", ""inaction/track_000306/im000019_00-17-31.jpg"", ""inaction/track_000306/im000016_00-17-31.jpg"", ""inaction/track_000306/im000022_00-17-32.jpg"", ""inaction/track_000306/im000009_00-17-30.jpg"", ""inaction/track_000306/im000013_00-17-31.jpg""]","[25, 23, 1, 18, 15, 21, 8, 12]",inaction/track_000306,28,,,,shuffled,20260602.0
inaction/track_000306::inaction_skip_shuffle:seed20260602:sample11,inaction,inaction/track_000306,inaction_skip_shuffle_11,inaction_skip_shuffle,8,"[""inaction/track_000306/im000007_00-17-30.jpg"", ""inaction/track_000306/im000010_00-17-31.jpg"", ""inaction/track_000306/im000012_00-17-31.jpg"", ""inaction/track_000306/im000001_00-17-30.jpg"", ""inaction/track_000306/im000016_00-17-31.jpg"", ""inaction/track_000306/im000017_00-17-31.jpg"", ""inaction/track_000306/im000011_00-17-31.jpg"", ""inaction/track_000306/im000015_00-17-31.jpg""]","[6, 9, 11, 0, 15, 16, 10, 14]",inaction/track_000306,28,,,,shuffled,20260602.0
inaction/track_000306::inaction_skip_shuffle:seed20260602:sample12,inaction,inaction/track_000306,inaction_skip_shuffle_12,inaction_skip_shuffle,8,"[""inaction/track_000306/im000004_00-17-30.jpg"", ""inaction/track_000306/im000027_00-17-32.jpg"", ""inaction/track_000306/im000006_00-17-30.jpg"", ""inaction/track_000306/im000009_00-17-30.jpg"", ""inaction/track_000306/im000016_00-17-31.jpg"", ""inaction/track_000306/im000011_00-17-31.jpg"", ""inaction/track_000306/im000001_00-17-30.jpg"", ""inaction/track_000306/im000022_00-17-32.jpg""]","[3, 26, 5, 8, 15, 10, 0, 21]",inaction/track_000306,28,,,,shuffled,20260602.0
inaction/track_000306::inaction_skip_shuffle:seed20260602:sample13,inaction,inaction/track_000306,inaction_skip_shuffle_13,inaction_skip_shuffle,8,"[""inaction/track_000306/im000026_00-17-32.jpg"", ""inaction/track_000306/im000018_00-17-31.jpg"", ""inaction/track_000306/im000014_00-17-31.jpg"", ""inaction/track_000306/im000004_00-17-30.jpg"", ""inaction/track_000306/im000005_00-17-30.jpg"", ""inaction/track_000306/im000015_00-17-31.jpg"", ""inaction/track_000306/im000021_00-17-31.jpg"", ""inaction/track_000306/im000012_00-17-31.jpg""]","[25, 17, 13, 3, 4, 14, 20, 11]",inaction/track_000306,28,,,,shuffled,20260602.0
inaction/track_000306::inaction_skip_shuffle:seed20260602:sample14,inaction,inaction/track_000306,inaction_skip_shuffle_14,inaction_skip_shuffle,8,"[""inaction/track_000306/im000011_00-17-31.jpg"", ""inaction/track_000306/im000015_00-17-31.jpg"", ""inaction/track_000306/im000022_00-17-32.jpg"", ""inaction/track_000306/im000028_00-17-32.jpg"", ""inaction/track_000306/im000012_00-17-31.jpg"", ""inaction/track_000306/im000010_00-17-31.jpg"", ""inaction/track_000306/im000008_00-17-30.jpg"", ""inaction/track_000306/im000027_00-17-32.jpg""]","[10, 14, 21, 27, 11, 9, 7, 26]",inaction/track_000306,28,,,,shuffled,20260602.0
inaction/track_000306::inaction_skip_shuffle:seed20260602:sample15,inaction,inaction/track_000306,inaction_skip_shuffle_15,inaction_skip_shuffle,8,"[""inaction/track_000306/im000002_00-17-30.jpg"", ""inaction/track_000306/im000004_00-17-30.jpg"", ""inaction/track_000306/im000025_00-17-32.jpg"", ""inaction/track_000306/im000019_00-17-31.jpg"", ""inaction/track_000306/im000012_00-17-31.jpg"", ""inaction/track_000306/im000007_00-17-30.jpg"", ""inaction/track_000306/im000006_00-17-30.jpg"", ""inaction/track_000306/im000013_00-17-31.jpg""]","[1, 3, 24, 18, 11, 6, 5, 12]",inaction/track_000306,28,,,,shuffled,20260602.0
inaction/track_000306::inaction_skip_shuffle:seed20260602:sample16,inaction,inaction/track_000306,inaction_skip_shuffle_16,inaction_skip_shuffle,8,"[""inaction/track_000306/im000008_00-17-30.jpg"", ""inaction/track_000306/im000014_00-17-31.jpg"", ""inaction/track_000306/im000025_00-17-32.jpg"", ""inaction/track_000306/im000001_00-17-30.jpg"", ""inaction/track_000306/im000015_00-17-31.jpg"", ""inaction/track_000306/im000005_00-17-30.jpg"", ""inaction/track_000306/im000026_00-17-32.jpg"", ""inaction/track_000306/im000012_00-17-31.jpg""]","[7, 13, 24, 0, 14, 4, 25, 11]",inaction/track_000306,28,,,,shuffled,20260602.0
inaction/track_000306::inaction_skip_shuffle:seed20260602:sample17,inaction,inaction/track_000306,inaction_skip_shuffle_17,inaction_skip_shuffle,8,"[""inaction/track_000306/im000003_00-17-30.jpg"", ""inaction/track_000306/im000022_00-17-32.jpg"", ""inaction/track_000306/im000025_00-17-32.jpg"", ""inaction/track_000306/im000019_00-17-31.jpg"", ""inaction/track_000306/im000011_00-17-31.jpg"", ""inaction/track_000306/im000001_00-17-30.jpg"", ""inaction/track_000306/im000028_00-17-32.jpg"", ""inaction/track_000306/im000026_00-17-32.jpg""]","[2, 21, 24, 18, 10, 0, 27, 25]",inaction/track_000306,28,,,,shuffled,20260602.0
inaction/track_000306::inaction_skip_shuffle:seed20260602:sample18,inaction,inaction/track_000306,inaction_skip_shuffle_18,inaction_skip_shuffle,8,"[""inaction/track_000306/im000012_00-17-31.jpg"", ""inaction/track_000306/im000013_00-17-31.jpg"", ""inaction/track_000306/im000004_00-17-30.jpg"", ""inaction/track_000306/im000008_00-17-30.jpg"", ""inaction/track_000306/im000022_00-17-32.jpg"", ""inaction/track_000306/im000024_00-17-32.jpg"", ""inaction/track_000306/im000025_00-17-32.jpg"", ""inaction/track_000306/im000017_00-17-31.jpg""]","[11, 12, 3, 7, 21, 23, 24, 16]",inaction/track_000306,28,,,,shuffled,20260602.0
inaction/track_000306::inaction_skip_shuffle:seed20260602:sample19,inaction,inaction/track_000306,inaction_skip_shuffle_19,inaction_skip_shuffle,8,"[""inaction/track_000306/im000003_00-17-30.jpg"", ""inaction/track_000306/im000013_00-17-31.jpg"", ""inaction/track_000306/im000004_00-17-30.jpg"", ""inaction/track_000306/im000020_00-17-31.jpg"", ""inaction/track_000306/im000022_00-17-32.jpg"", ""inaction/track_000306/im000024_00-17-32.jpg"", ""inaction/track_000306/im000002_00-17-30.jpg"", ""inaction/track_000306/im000023_00-17-32.jpg""]","[2, 12, 3, 19, 21, 23, 1, 22]",inaction/track_000306,28,,,,shuffled,20260602.0
inaction/track_000306::inaction_skip_shuffle:seed20260602:sample20,inaction,inaction/track_000306,inaction_skip_shuffle_20,inaction_skip_shuffle,8,"[""inaction/track_000306/im000005_00-17-30.jpg"", ""inaction/track_000306/im000009_00-17-30.jpg"", ""inaction/track_000306/im000007_00-17-30.jpg"", ""inaction/track_000306/im000017_00-17-31.jpg"", ""inaction/track_000306/im000024_00-17-32.jpg"", ""inaction/track_000306/im000023_00-17-32.jpg"", ""inaction/track_000306/im000012_00-17-31.jpg"", ""inaction/track_000306/im000004_00-17-30.jpg""]","[4, 8, 6, 16, 23, 22, 11, 3]",inaction/track_000306,28,,,,shuffled,20260602.0
inaction/track_000306::inaction_skip_shuffle:seed20260602:sample21,inaction,inaction/track_000306,inaction_skip_shuffle_21,inaction_skip_shuffle,8,"[""inaction/track_000306/im000010_00-17-31.jpg"", ""inaction/track_000306/im000015_00-17-31.jpg"", ""inaction/track_000306/im000018_00-17-31.jpg"", ""inaction/track_000306/im000020_00-17-31.jpg"", ""inaction/track_000306/im000011_00-17-31.jpg"", ""inaction/track_000306/im000022_00-17-32.jpg"", ""inaction/track_000306/im000027_00-17-32.jpg"", ""inaction/track_000306/im000012_00-17-31.jpg""]","[9, 14, 17, 19, 10, 21, 26, 11]",inaction/track_000306,28,,,,shuffled,20260602.0
inaction/track_000306::inaction_skip_shuffle:seed20260602:sample22,inaction,inaction/track_000306,inaction_skip_shuffle_22,inaction_skip_shuffle,8,"[""inaction/track_000306/im000021_00-17-31.jpg"", ""inaction/track_000306/im000017_00-17-31.jpg"", ""inaction/track_000306/im000016_00-17-31.jpg"", ""inaction/track_000306/im000006_00-17-30.jpg"", ""inaction/track_000306/im000025_00-17-32.jpg"", ""inaction/track_000306/im000002_00-17-30.jpg"", ""inaction/track_000306/im000012_00-17-31.jpg"", ""inaction/track_000306/im000019_00-17-31.jpg""]","[20, 16, 15, 5, 24, 1, 11, 18]",inaction/track_000306,28,,,,shuffled,20260602.0
inaction/track_000306::inaction_skip_shuffle:seed20260602:sample23,inaction,inaction/track_000306,inaction_skip_shuffle_23,inaction_skip_shuffle,8,"[""inaction/track_000306/im000006_00-17-30.jpg"", ""inaction/track_000306/im000011_00-17-31.jpg"", ""inaction/track_000306/im000009_00-17-30.jpg"", ""inaction/track_000306/im000012_00-17-31.jpg"", ""inaction/track_000306/im000022_00-17-32.jpg"", ""inaction/track_000306/im000001_00-17-30.jpg"", ""inaction/track_000306/im000013_00-17-31.jpg"", ""inaction/track_000306/im000025_00-17-32.jpg""]","[5, 10, 8, 11, 21, 0, 12, 24]",inaction/track_000306,28,,,,shuffled,20260602.0
inaction/track_000451::inaction_skip_shuffle:seed20260602:sample0,inaction,inaction/track_000451,inaction_skip_shuffle_0,inaction_skip_shuffle,8,"[""inaction/track_000451/im000038_00-28-26.jpg"", ""inaction/track_000451/im000015_00-28-24.jpg"", ""inaction/track_000451/im000039_00-28-26.jpg"", ""inaction/track_000451/im000053_00-28-27.jpg"", ""inaction/track_000451/im000050_00-28-27.jpg"", ""inaction/track_000451/im000034_00-28-25.jpg"", ""inaction/track_000451/im000051_00-28-27.jpg"", ""inaction/track_000451/im000010_00-28-23.jpg""]","[31, 8, 32, 46, 43, 27, 44, 3]",inaction/track_000451,47,,,,shuffled,20260602.0
inaction/track_000451::inaction_skip_shuffle:seed20260602:sample1,inaction,inaction/track_000451,inaction_skip_shuffle_1,inaction_skip_shuffle,8,"[""inaction/track_000451/im000021_00-28-24.jpg"", ""inaction/track_000451/im000041_00-28-26.jpg"", ""inaction/track_000451/im000024_00-28-25.jpg"", ""inaction/track_000451/im000008_00-28-23.jpg"", ""inaction/track_000451/im000015_00-28-24.jpg"", ""inaction/track_000451/im000016_00-28-24.jpg"", ""inaction/track_000451/im000042_00-28-26.jpg"", ""inaction/track_000451/im000026_00-28-25.jpg""]","[14, 34, 17, 1, 8, 9, 35, 19]",inaction/track_000451,47,,,,shuffled,20260602.0
inaction/track_000451::inaction_skip_shuffle:seed20260602:sample2,inaction,inaction/track_000451,inaction_skip_shuffle_2,inaction_skip_shuffle,8,"[""inaction/track_000451/im000019_00-28-24.jpg"", ""inaction/track_000451/im000045_00-28-26.jpg"", ""inaction/track_000451/im000038_00-28-26.jpg"", ""inaction/track_000451/im000047_00-28-27.jpg"", ""inaction/track_000451/im000042_00-28-26.jpg"", ""inaction/track_000451/im000030_00-28-25.jpg"", ""inaction/track_000451/im000015_00-28-24.jpg"", ""inaction/track_000451/im000031_00-28-25.jpg""]","[12, 38, 31, 40, 35, 23, 8, 24]",inaction/track_000451,47,,,,shuffled,20260602.0
inaction/track_000451::inaction_skip_shuffle:seed20260602:sample3,inaction,inaction/track_000451,inaction_skip_shuffle_3,inaction_skip_shuffle,8,"[""inaction/track_000451/im000034_00-28-25.jpg"", ""inaction/track_000451/im000032_00-28-25.jpg"", ""inaction/track_000451/im000007_00-28-23.jpg"", ""inaction/track_000451/im000021_00-28-24.jpg"", ""inaction/track_000451/im000040_00-28-26.jpg"", ""inaction/track_000451/im000045_00-28-26.jpg"", ""inaction/track_000451/im000019_00-28-24.jpg"", ""inaction/track_000451/im000050_00-28-27.jpg""]","[27, 25, 0, 14, 33, 38, 12, 43]",inaction/track_000451,47,,,,shuffled,20260602.0
inaction/track_000451::inaction_skip_shuffle:seed20260602:sample4,inaction,inaction/track_000451,inaction_skip_shuffle_4,inaction_skip_shuffle,8,"[""inaction/track_000451/im000039_00-28-26.jpg"", ""inaction/track_000451/im000045_00-28-26.jpg"", ""inaction/track_000451/im000052_00-28-27.jpg"", ""inaction/track_000451/im000023_00-28-25.jpg"", ""inaction/track_000451/im000044_00-28-26.jpg"", ""inaction/track_000451/im000011_00-28-24.jpg"", ""inaction/track_000451/im000010_00-28-23.jpg"", ""inaction/track_000451/im000019_00-28-24.jpg""]","[32, 38, 45, 16, 37, 4, 3, 12]",inaction/track_000451,47,,,,shuffled,20260602.0
inaction/track_000451::inaction_skip_shuffle:seed20260602:sample5,inaction,inaction/track_000451,inaction_skip_shuffle_5,inaction_skip_shuffle,8,"[""inaction/track_000451/im000037_00-28-26.jpg"", ""inaction/track_000451/im000025_00-28-25.jpg"", ""inaction/track_000451/im000044_00-28-26.jpg"", ""inaction/track_000451/im000031_00-28-25.jpg"", ""inaction/track_000451/im000019_00-28-24.jpg"", ""inaction/track_000451/im000041_00-28-26.jpg"", ""inaction/track_000451/im000016_00-28-24.jpg"", ""inaction/track_000451/im000012_00-28-24.jpg""]","[30, 18, 37, 24, 12, 34, 9, 5]",inaction/track_000451,47,,,,shuffled,20260602.0
inaction/track_000451::inaction_skip_shuffle:seed20260602:sample6,inaction,inaction/track_000451,inaction_skip_shuffle_6,inaction_skip_shuffle,8,"[""inaction/track_000451/im000052_00-28-27.jpg"", ""inaction/track_000451/im000046_00-28-26.jpg"", ""inaction/track_000451/im000045_00-28-26.jpg"", ""inaction/track_000451/im000026_00-28-25.jpg"", ""inaction/track_000451/im000047_00-28-27.jpg"", ""inaction/track_000451/im000037_00-28-26.jpg"", ""inaction/track_000451/im000048_00-28-27.jpg"", ""inaction/track_000451/im000028_00-28-25.jpg""]","[45, 39, 38, 19, 40, 30, 41, 21]",inaction/track_000451,47,,,,shuffled,20260602.0
inaction/track_000451::inaction_skip_shuffle:seed20260602:sample7,inaction,inaction/track_000451,inaction_skip_shuffle_7,inaction_skip_shuffle,8,"[""inaction/track_000451/im000035_00-28-26.jpg"", ""inaction/track_000451/im000011_00-28-24.jpg"", ""inaction/track_000451/im000020_00-28-24.jpg"", ""inaction/track_000451/im000042_00-28-26.jpg"", ""inaction/track_000451/im000043_00-28-26.jpg"", ""inaction/track_000451/im000009_00-28-23.jpg"", ""inaction/track_000451/im000031_00-28-25.jpg"", ""inaction/track_000451/im000021_00-28-24.jpg""]","[28, 4, 13, 35, 36, 2, 24, 14]",inaction/track_000451,47,,,,shuffled,20260602.0
inaction/track_000451::inaction_skip_shuffle:seed20260602:sample8,inaction,inaction/track_000451,inaction_skip_shuffle_8,inaction_skip_shuffle,8,"[""inaction/track_000451/im000017_00-28-24.jpg"", ""inaction/track_000451/im000027_00-28-25.jpg"", ""inaction/track_000451/im000050_00-28-27.jpg"", ""inaction/track_000451/im000023_00-28-25.jpg"", ""inaction/track_000451/im000048_00-28-27.jpg"", ""inaction/track_000451/im000042_00-28-26.jpg"", ""inaction/track_000451/im000035_00-28-26.jpg"", ""inaction/track_000451/im000007_00-28-23.jpg""]","[10, 20, 43, 16, 41, 35, 28, 0]",inaction/track_000451,47,,,,shuffled,20260602.0
inaction/track_000451::inaction_skip_shuffle:seed20260602:sample9,inaction,inaction/track_000451,inaction_skip_shuffle_9,inaction_skip_shuffle,8,"[""inaction/track_000451/im000019_00-28-24.jpg"", ""inaction/track_000451/im000028_00-28-25.jpg"", ""inaction/track_000451/im000014_00-28-24.jpg"", ""inaction/track_000451/im000018_00-28-24.jpg"", ""inaction/track_000451/im000021_00-28-24.jpg"", ""inaction/track_000451/im000045_00-28-26.jpg"", ""inaction/track_000451/im000010_00-28-23.jpg"", ""inaction/track_000451/im000011_00-28-24.jpg""]","[12, 21, 7, 11, 14, 38, 3, 4]",inaction/track_000451,47,,,,shuffled,20260602.0
inaction/track_000451::inaction_skip_shuffle:seed20260602:sample10,inaction,inaction/track_000451,inaction_skip_shuffle_10,inaction_skip_shuffle,8,"[""inaction/track_000451/im000037_00-28-26.jpg"", ""inaction/track_000451/im000035_00-28-26.jpg"", ""inaction/track_000451/im000011_00-28-24.jpg"", ""inaction/track_000451/im000008_00-28-23.jpg"", ""inaction/track_000451/im000050_00-28-27.jpg"", ""inaction/track_000451/im000007_00-28-23.jpg"", ""inaction/track_000451/im000030_00-28-25.jpg"", ""inaction/track_000451/im000024_00-28-25.jpg""]","[30, 28, 4, 1, 43, 0, 23, 17]",inaction/track_000451,47,,,,shuffled,20260602.0
inaction/track_000451::inaction_skip_shuffle:seed20260602:sample11,inaction,inaction/track_000451,inaction_skip_shuffle_11,inaction_skip_shuffle,8,"[""inaction/track_000451/im000019_00-28-24.jpg"", ""inaction/track_000451/im000045_00-28-26.jpg"", ""inaction/track_000451/im000035_00-28-26.jpg"", ""inaction/track_000451/im000012_00-28-24.jpg"", ""inaction/track_000451/im000051_00-28-27.jpg"", ""inaction/track_000451/im000014_00-28-24.jpg"", ""inaction/track_000451/im000042_00-28-26.jpg"", ""inaction/track_000451/im000053_00-28-27.jpg""]","[12, 38, 28, 5, 44, 7, 35, 46]",inaction/track_000451,47,,,,shuffled,20260602.0
inaction/track_000451::inaction_skip_shuffle:seed20260602:sample12,inaction,inaction/track_000451,inaction_skip_shuffle_12,inaction_skip_shuffle,8,"[""inaction/track_000451/im000046_00-28-26.jpg"", ""inaction/track_000451/im000032_00-28-25.jpg"", ""inaction/track_000451/im000010_00-28-23.jpg"", ""inaction/track_000451/im000031_00-28-25.jpg"", ""inaction/track_000451/im000037_00-28-26.jpg"", ""inaction/track_000451/im000052_00-28-27.jpg"", ""inaction/track_000451/im000021_00-28-24.jpg"", ""inaction/track_000451/im000009_00-28-23.jpg""]","[39, 25, 3, 24, 30, 45, 14, 2]",inaction/track_000451,47,,,,shuffled,20260602.0
inaction/track_000451::inaction_skip_shuffle:seed20260602:sample13,inaction,inaction/track_000451,inaction_skip_shuffle_13,inaction_skip_shuffle,8,"[""inaction/track_000451/im000023_00-28-25.jpg"", ""inaction/track_000451/im000042_00-28-26.jpg"", ""inaction/track_000451/im000033_00-28-25.jpg"", ""inaction/track_000451/im000048_00-28-27.jpg"", ""inaction/track_000451/im000017_00-28-24.jpg"", ""inaction/track_000451/im000045_00-28-26.jpg"", ""inaction/track_000451/im000008_00-28-23.jpg"", ""inaction/track_000451/im000053_00-28-27.jpg""]","[16, 35, 26, 41, 10, 38, 1, 46]",inaction/track_000451,47,,,,shuffled,20260602.0
inaction/track_000451::inaction_skip_shuffle:seed20260602:sample14,inaction,inaction/track_000451,inaction_skip_shuffle_14,inaction_skip_shuffle,8,"[""inaction/track_000451/im000052_00-28-27.jpg"", ""inaction/track_000451/im000010_00-28-23.jpg"", ""inaction/track_000451/im000040_00-28-26.jpg"", ""inaction/track_000451/im000021_00-28-24.jpg"", ""inaction/track_000451/im000038_00-28-26.jpg"", ""inaction/track_000451/im000043_00-28-26.jpg"", ""inaction/track_000451/im000015_00-28-24.jpg"", ""inaction/track_000451/im000042_00-28-26.jpg""]","[45, 3, 33, 14, 31, 36, 8, 35]",inaction/track_000451,47,,,,shuffled,20260602.0
inaction/track_000451::inaction_skip_shuffle:seed20260602:sample15,inaction,inaction/track_000451,inaction_skip_shuffle_15,inaction_skip_shuffle,8,"[""inaction/track_000451/im000022_00-28-24.jpg"", ""inaction/track_000451/im000053_00-28-27.jpg"", ""inaction/track_000451/im000047_00-28-27.jpg"", ""inaction/track_000451/im000039_00-28-26.jpg"", ""inaction/track_000451/im000021_00-28-24.jpg"", ""inaction/track_000451/im000038_00-28-26.jpg"", ""inaction/track_000451/im000041_00-28-26.jpg"", ""inaction/track_000451/im000028_00-28-25.jpg""]","[15, 46, 40, 32, 14, 31, 34, 21]",inaction/track_000451,47,,,,shuffled,20260602.0
inaction/track_000451::inaction_skip_shuffle:seed20260602:sample16,inaction,inaction/track_000451,inaction_skip_shuffle_16,inaction_skip_shuffle,8,"[""inaction/track_000451/im000035_00-28-26.jpg"", ""inaction/track_000451/im000038_00-28-26.jpg"", ""inaction/track_000451/im000021_00-28-24.jpg"", ""inaction/track_000451/im000013_00-28-24.jpg"", ""inaction/track_000451/im000018_00-28-24.jpg"", ""inaction/track_000451/im000028_00-28-25.jpg"", ""inaction/track_000451/im000011_00-28-24.jpg"", ""inaction/track_000451/im000044_00-28-26.jpg""]","[28, 31, 14, 6, 11, 21, 4, 37]",inaction/track_000451,47,,,,shuffled,20260602.0
inaction/track_000451::inaction_skip_shuffle:seed20260602:sample17,inaction,inaction/track_000451,inaction_skip_shuffle_17,inaction_skip_shuffle,8,"[""inaction/track_000451/im000041_00-28-26.jpg"", ""inaction/track_000451/im000020_00-28-24.jpg"", ""inaction/track_000451/im000024_00-28-25.jpg"", ""inaction/track_000451/im000053_00-28-27.jpg"", ""inaction/track_000451/im000007_00-28-23.jpg"", ""inaction/track_000451/im000045_00-28-26.jpg"", ""inaction/track_000451/im000049_00-28-27.jpg"", ""inaction/track_000451/im000021_00-28-24.jpg""]","[34, 13, 17, 46, 0, 38, 42, 14]",inaction/track_000451,47,,,,shuffled,20260602.0
inaction/track_000451::inaction_skip_shuffle:seed20260602:sample18,inaction,inaction/track_000451,inaction_skip_shuffle_18,inaction_skip_shuffle,8,"[""inaction/track_000451/im000023_00-28-25.jpg"", ""inaction/track_000451/im000049_00-28-27.jpg"", ""inaction/track_000451/im000029_00-28-25.jpg"", ""inaction/track_000451/im000038_00-28-26.jpg"", ""inaction/track_000451/im000035_00-28-26.jpg"", ""inaction/track_000451/im000043_00-28-26.jpg"", ""inaction/track_000451/im000046_00-28-26.jpg"", ""inaction/track_000451/im000011_00-28-24.jpg""]","[16, 42, 22, 31, 28, 36, 39, 4]",inaction/track_000451,47,,,,shuffled,20260602.0
inaction/track_000451::inaction_skip_shuffle:seed20260602:sample19,inaction,inaction/track_000451,inaction_skip_shuffle_19,inaction_skip_shuffle,8,"[""inaction/track_000451/im000015_00-28-24.jpg"", ""inaction/track_000451/im000013_00-28-24.jpg"", ""inaction/track_000451/im000043_00-28-26.jpg"", ""inaction/track_000451/im000051_00-28-27.jpg"", ""inaction/track_000451/im000048_00-28-27.jpg"", ""inaction/track_000451/im000029_00-28-25.jpg"", ""inaction/track_000451/im000033_00-28-25.jpg"", ""inaction/track_000451/im000036_00-28-26.jpg""]","[8, 6, 36, 44, 41, 22, 26, 29]",inaction/track_000451,47,,,,shuffled,20260602.0
inaction/track_000451::inaction_skip_shuffle:seed20260602:sample20,inaction,inaction/track_000451,inaction_skip_shuffle_20,inaction_skip_shuffle,8,"[""inaction/track_000451/im000009_00-28-23.jpg"", ""inaction/track_000451/im000049_00-28-27.jpg"", ""inaction/track_000451/im000050_00-28-27.jpg"", ""inaction/track_000451/im000041_00-28-26.jpg"", ""inaction/track_000451/im000020_00-28-24.jpg"", ""inaction/track_000451/im000033_00-28-25.jpg"", ""inaction/track_000451/im000031_00-28-25.jpg"", ""inaction/track_000451/im000024_00-28-25.jpg""]","[2, 42, 43, 34, 13, 26, 24, 17]",inaction/track_000451,47,,,,shuffled,20260602.0
inaction/track_000451::inaction_skip_shuffle:seed20260602:sample21,inaction,inaction/track_000451,inaction_skip_shuffle_21,inaction_skip_shuffle,8,"[""inaction/track_000451/im000015_00-28-24.jpg"", ""inaction/track_000451/im000019_00-28-24.jpg"", ""inaction/track_000451/im000020_00-28-24.jpg"", ""inaction/track_000451/im000029_00-28-25.jpg"", ""inaction/track_000451/im000050_00-28-27.jpg"", ""inaction/track_000451/im000016_00-28-24.jpg"", ""inaction/track_000451/im000032_00-28-25.jpg"", ""inaction/track_000451/im000010_00-28-23.jpg""]","[8, 12, 13, 22, 43, 9, 25, 3]",inaction/track_000451,47,,,,shuffled,20260602.0
inaction/track_000451::inaction_skip_shuffle:seed20260602:sample22,inaction,inaction/track_000451,inaction_skip_shuffle_22,inaction_skip_shuffle,8,"[""inaction/track_000451/im000036_00-28-26.jpg"", ""inaction/track_000451/im000021_00-28-24.jpg"", ""inaction/track_000451/im000053_00-28-27.jpg"", ""inaction/track_000451/im000009_00-28-23.jpg"", ""inaction/track_000451/im000022_00-28-24.jpg"", ""inaction/track_000451/im000050_00-28-27.jpg"", ""inaction/track_000451/im000032_00-28-25.jpg"", ""inaction/track_000451/im000042_00-28-26.jpg""]","[29, 14, 46, 2, 15, 43, 25, 35]",inaction/track_000451,47,,,,shuffled,20260602.0
inaction/track_000451::inaction_skip_shuffle:seed20260602:sample23,inaction,inaction/track_000451,inaction_skip_shuffle_23,inaction_skip_shuffle,8,"[""inaction/track_000451/im000014_00-28-24.jpg"", ""inaction/track_000451/im000049_00-28-27.jpg"", ""inaction/track_000451/im000009_00-28-23.jpg"", ""inaction/track_000451/im000016_00-28-24.jpg"", ""inaction/track_000451/im000011_00-28-24.jpg"", ""inaction/track_000451/im000017_00-28-24.jpg"", ""inaction/track_000451/im000027_00-28-25.jpg"", ""inaction/track_000451/im000029_00-28-25.jpg""]","[7, 42, 2, 9, 4, 10, 20, 22]",inaction/track_000451,47,,,,shuffled,20260602.0
inaction/track_000458::inaction_skip_shuffle:seed20260602:sample0,inaction,inaction/track_000458,inaction_skip_shuffle_0,inaction_skip_shuffle,8,"[""inaction/track_000458/im000001_00-29-01.jpg"", ""inaction/track_000458/im000014_00-29-02.jpg"", ""inaction/track_000458/im000004_00-29-02.jpg"", ""inaction/track_000458/im000021_00-29-03.jpg"", ""inaction/track_000458/im000018_00-29-03.jpg"", ""inaction/track_000458/im000012_00-29-02.jpg"", ""inaction/track_000458/im000026_00-29-03.jpg"", ""inaction/track_000458/im000015_00-29-02.jpg""]","[0, 13, 3, 20, 17, 11, 25, 14]",inaction/track_000458,29,,,,shuffled,20260602.0
inaction/track_000458::inaction_skip_shuffle:seed20260602:sample1,inaction,inaction/track_000458,inaction_skip_shuffle_1,inaction_skip_shuffle,8,"[""inaction/track_000458/im000020_00-29-03.jpg"", ""inaction/track_000458/im000023_00-29-03.jpg"", ""inaction/track_000458/im000016_00-29-03.jpg"", ""inaction/track_000458/im000004_00-29-02.jpg"", ""inaction/track_000458/im000022_00-29-03.jpg"", ""inaction/track_000458/im000001_00-29-01.jpg"", ""inaction/track_000458/im000026_00-29-03.jpg"", ""inaction/track_000458/im000006_00-29-02.jpg""]","[19, 22, 15, 3, 21, 0, 25, 5]",inaction/track_000458,29,,,,shuffled,20260602.0
inaction/track_000458::inaction_skip_shuffle:seed20260602:sample2,inaction,inaction/track_000458,inaction_skip_shuffle_2,inaction_skip_shuffle,8,"[""inaction/track_000458/im000014_00-29-02.jpg"", ""inaction/track_000458/im000026_00-29-03.jpg"", ""inaction/track_000458/im000011_00-29-02.jpg"", ""inaction/track_000458/im000019_00-29-03.jpg"", ""inaction/track_000458/im000013_00-29-02.jpg"", ""inaction/track_000458/im000028_00-29-04.jpg"", ""inaction/track_000458/im000005_00-29-02.jpg"", ""inaction/track_000458/im000020_00-29-03.jpg""]","[13, 25, 10, 18, 12, 27, 4, 19]",inaction/track_000458,29,,,,shuffled,20260602.0
inaction/track_000458::inaction_skip_shuffle:seed20260602:sample3,inaction,inaction/track_000458,inaction_skip_shuffle_3,inaction_skip_shuffle,8,"[""inaction/track_000458/im000017_00-29-03.jpg"", ""inaction/track_000458/im000027_00-29-03.jpg"", ""inaction/track_000458/im000010_00-29-02.jpg"", ""inaction/track_000458/im000015_00-29-02.jpg"", ""inaction/track_000458/im000029_00-29-04.jpg"", ""inaction/track_000458/im000004_00-29-02.jpg"", ""inaction/track_000458/im000006_00-29-02.jpg"", ""inaction/track_000458/im000001_00-29-01.jpg""]","[16, 26, 9, 14, 28, 3, 5, 0]",inaction/track_000458,29,,,,shuffled,20260602.0
inaction/track_000458::inaction_skip_shuffle:seed20260602:sample4,inaction,inaction/track_000458,inaction_skip_shuffle_4,inaction_skip_shuffle,8,"[""inaction/track_000458/im000001_00-29-01.jpg"", ""inaction/track_000458/im000027_00-29-03.jpg"", ""inaction/track_000458/im000017_00-29-03.jpg"", ""inaction/track_000458/im000010_00-29-02.jpg"", ""inaction/track_000458/im000015_00-29-02.jpg"", ""inaction/track_000458/im000011_00-29-02.jpg"", ""inaction/track_000458/im000003_00-29-01.jpg"", ""inaction/track_000458/im000008_00-29-02.jpg""]","[0, 26, 16, 9, 14, 10, 2, 7]",inaction/track_000458,29,,,,shuffled,20260602.0
inaction/track_000458::inaction_skip_shuffle:seed20260602:sample5,inaction,inaction/track_000458,inaction_skip_shuffle_5,inaction_skip_shuffle,8,"[""inaction/track_000458/im000015_00-29-02.jpg"", ""inaction/track_000458/im000023_00-29-03.jpg"", ""inaction/track_000458/im000026_00-29-03.jpg"", ""inaction/track_000458/im000011_00-29-02.jpg"", ""inaction/track_000458/im000024_00-29-03.jpg"", ""inaction/track_000458/im000010_00-29-02.jpg"", ""inaction/track_000458/im000021_00-29-03.jpg"", ""inaction/track_000458/im000029_00-29-04.jpg""]","[14, 22, 25, 10, 23, 9, 20, 28]",inaction/track_000458,29,,,,shuffled,20260602.0
inaction/track_000458::inaction_skip_shuffle:seed20260602:sample6,inaction,inaction/track_000458,inaction_skip_shuffle_6,inaction_skip_shuffle,8,"[""inaction/track_000458/im000017_00-29-03.jpg"", ""inaction/track_000458/im000021_00-29-03.jpg"", ""inaction/track_000458/im000011_00-29-02.jpg"", ""inaction/track_000458/im000016_00-29-03.jpg"", ""inaction/track_000458/im000001_00-29-01.jpg"", ""inaction/track_000458/im000009_00-29-02.jpg"", ""inaction/track_000458/im000024_00-29-03.jpg"", ""inaction/track_000458/im000028_00-29-04.jpg""]","[16, 20, 10, 15, 0, 8, 23, 27]",inaction/track_000458,29,,,,shuffled,20260602.0
inaction/track_000458::inaction_skip_shuffle:seed20260602:sample7,inaction,inaction/track_000458,inaction_skip_shuffle_7,inaction_skip_shuffle,8,"[""inaction/track_000458/im000006_00-29-02.jpg"", ""inaction/track_000458/im000022_00-29-03.jpg"", ""inaction/track_000458/im000015_00-29-02.jpg"", ""inaction/track_000458/im000001_00-29-01.jpg"", ""inaction/track_000458/im000019_00-29-03.jpg"", ""inaction/track_000458/im000012_00-29-02.jpg"", ""inaction/track_000458/im000026_00-29-03.jpg"", ""inaction/track_000458/im000021_00-29-03.jpg""]","[5, 21, 14, 0, 18, 11, 25, 20]",inaction/track_000458,29,,,,shuffled,20260602.0
inaction/track_000458::inaction_skip_shuffle:seed20260602:sample8,inaction,inaction/track_000458,inaction_skip_shuffle_8,inaction_skip_shuffle,8,"[""inaction/track_000458/im000012_00-29-02.jpg"", ""inaction/track_000458/im000014_00-29-02.jpg"", ""inaction/track_000458/im000026_00-29-03.jpg"", ""inaction/track_000458/im000021_00-29-03.jpg"", ""inaction/track_000458/im000028_00-29-04.jpg"", ""inaction/track_000458/im000005_00-29-02.jpg"", ""inaction/track_000458/im000007_00-29-02.jpg"", ""inaction/track_000458/im000020_00-29-03.jpg""]","[11, 13, 25, 20, 27, 4, 6, 19]",inaction/track_000458,29,,,,shuffled,20260602.0
inaction/track_000458::inaction_skip_shuffle:seed20260602:sample9,inaction,inaction/track_000458,inaction_skip_shuffle_9,inaction_skip_shuffle,8,"[""inaction/track_000458/im000006_00-29-02.jpg"", ""inaction/track_000458/im000012_00-29-02.jpg"", ""inaction/track_000458/im000029_00-29-04.jpg"", ""inaction/track_000458/im000023_00-29-03.jpg"", ""inaction/track_000458/im000009_00-29-02.jpg"", ""inaction/track_000458/im000017_00-29-03.jpg"", ""inaction/track_000458/im000013_00-29-02.jpg"", ""inaction/track_000458/im000024_00-29-03.jpg""]","[5, 11, 28, 22, 8, 16, 12, 23]",inaction/track_000458,29,,,,shuffled,20260602.0
inaction/track_000458::inaction_skip_shuffle:seed20260602:sample10,inaction,inaction/track_000458,inaction_skip_shuffle_10,inaction_skip_shuffle,8,"[""inaction/track_000458/im000019_00-29-03.jpg"", ""inaction/track_000458/im000028_00-29-04.jpg"", ""inaction/track_000458/im000016_00-29-03.jpg"", ""inaction/track_000458/im000026_00-29-03.jpg"", ""inaction/track_000458/im000011_00-29-02.jpg"", ""inaction/track_000458/im000009_00-29-02.jpg"", ""inaction/track_000458/im000023_00-29-03.jpg"", ""inaction/track_000458/im000003_00-29-01.jpg""]","[18, 27, 15, 25, 10, 8, 22, 2]",inaction/track_000458,29,,,,shuffled,20260602.0
inaction/track_000458::inaction_skip_shuffle:seed20260602:sample11,inaction,inaction/track_000458,inaction_skip_shuffle_11,inaction_skip_shuffle,8,"[""inaction/track_000458/im000004_00-29-02.jpg"", ""inaction/track_000458/im000015_00-29-02.jpg"", ""inaction/track_000458/im000020_00-29-03.jpg"", ""inaction/track_000458/im000002_00-29-01.jpg"", ""inaction/track_000458/im000024_00-29-03.jpg"", ""inaction/track_000458/im000021_00-29-03.jpg"", ""inaction/track_000458/im000009_00-29-02.jpg"", ""inaction/track_000458/im000017_00-29-03.jpg""]","[3, 14, 19, 1, 23, 20, 8, 16]",inaction/track_000458,29,,,,shuffled,20260602.0
inaction/track_000458::inaction_skip_shuffle:seed20260602:sample12,inaction,inaction/track_000458,inaction_skip_shuffle_12,inaction_skip_shuffle,8,"[""inaction/track_000458/im000023_00-29-03.jpg"", ""inaction/track_000458/im000007_00-29-02.jpg"", ""inaction/track_000458/im000017_00-29-03.jpg"", ""inaction/track_000458/im000029_00-29-04.jpg"", ""inaction/track_000458/im000010_00-29-02.jpg"", ""inaction/track_000458/im000028_00-29-04.jpg"", ""inaction/track_000458/im000024_00-29-03.jpg"", ""inaction/track_000458/im000012_00-29-02.jpg""]","[22, 6, 16, 28, 9, 27, 23, 11]",inaction/track_000458,29,,,,shuffled,20260602.0
inaction/track_000458::inaction_skip_shuffle:seed20260602:sample13,inaction,inaction/track_000458,inaction_skip_shuffle_13,inaction_skip_shuffle,8,"[""inaction/track_000458/im000018_00-29-03.jpg"", ""inaction/track_000458/im000011_00-29-02.jpg"", ""inaction/track_000458/im000023_00-29-03.jpg"", ""inaction/track_000458/im000013_00-29-02.jpg"", ""inaction/track_000458/im000028_00-29-04.jpg"", ""inaction/track_000458/im000012_00-29-02.jpg"", ""inaction/track_000458/im000001_00-29-01.jpg"", ""inaction/track_000458/im000004_00-29-02.jpg""]","[17, 10, 22, 12, 27, 11, 0, 3]",inaction/track_000458,29,,,,shuffled,20260602.0
inaction/track_000458::inaction_skip_shuffle:seed20260602:sample14,inaction,inaction/track_000458,inaction_skip_shuffle_14,inaction_skip_shuffle,8,"[""inaction/track_000458/im000011_00-29-02.jpg"", ""inaction/track_000458/im000029_00-29-04.jpg"", ""inaction/track_000458/im000001_00-29-01.jpg"", ""inaction/track_000458/im000005_00-29-02.jpg"", ""inaction/track_000458/im000008_00-29-02.jpg"", ""inaction/track_000458/im000015_00-29-02.jpg"", ""inaction/track_000458/im000028_00-29-04.jpg"", ""inaction/track_000458/im000006_00-29-02.jpg""]","[10, 28, 0, 4, 7, 14, 27, 5]",inaction/track_000458,29,,,,shuffled,20260602.0
inaction/track_000458::inaction_skip_shuffle:seed20260602:sample15,inaction,inaction/track_000458,inaction_skip_shuffle_15,inaction_skip_shuffle,8,"[""inaction/track_000458/im000010_00-29-02.jpg"", ""inaction/track_000458/im000001_00-29-01.jpg"", ""inaction/track_000458/im000013_00-29-02.jpg"", ""inaction/track_000458/im000003_00-29-01.jpg"", ""inaction/track_000458/im000015_00-29-02.jpg"", ""inaction/track_000458/im000028_00-29-04.jpg"", ""inaction/track_000458/im000022_00-29-03.jpg"", ""inaction/track_000458/im000024_00-29-03.jpg""]","[9, 0, 12, 2, 14, 27, 21, 23]",inaction/track_000458,29,,,,shuffled,20260602.0
inaction/track_000458::inaction_skip_shuffle:seed20260602:sample16,inaction,inaction/track_000458,inaction_skip_shuffle_16,inaction_skip_shuffle,8,"[""inaction/track_000458/im000022_00-29-03.jpg"", ""inaction/track_000458/im000004_00-29-02.jpg"", ""inaction/track_000458/im000003_00-29-01.jpg"", ""inaction/track_000458/im000014_00-29-02.jpg"", ""inaction/track_000458/im000028_00-29-04.jpg"", ""inaction/track_000458/im000007_00-29-02.jpg"", ""inaction/track_000458/im000011_00-29-02.jpg"", ""inaction/track_000458/im000027_00-29-03.jpg""]","[21, 3, 2, 13, 27, 6, 10, 26]",inaction/track_000458,29,,,,shuffled,20260602.0
inaction/track_000458::inaction_skip_shuffle:seed20260602:sample17,inaction,inaction/track_000458,inaction_skip_shuffle_17,inaction_skip_shuffle,8,"[""inaction/track_000458/im000026_00-29-03.jpg"", ""inaction/track_000458/im000008_00-29-02.jpg"", ""inaction/track_000458/im000002_00-29-01.jpg"", ""inaction/track_000458/im000001_00-29-01.jpg"", ""inaction/track_000458/im000004_00-29-02.jpg"", ""inaction/track_000458/im000023_00-29-03.jpg"", ""inaction/track_000458/im000005_00-29-02.jpg"", ""inaction/track_000458/im000020_00-29-03.jpg""]","[25, 7, 1, 0, 3, 22, 4, 19]",inaction/track_000458,29,,,,shuffled,20260602.0
inaction/track_000458::inaction_skip_shuffle:seed20260602:sample18,inaction,inaction/track_000458,inaction_skip_shuffle_18,inaction_skip_shuffle,8,"[""inaction/track_000458/im000019_00-29-03.jpg"", ""inaction/track_000458/im000005_00-29-02.jpg"", ""inaction/track_000458/im000022_00-29-03.jpg"", ""inaction/track_000458/im000001_00-29-01.jpg"", ""inaction/track_000458/im000027_00-29-03.jpg"", ""inaction/track_000458/im000016_00-29-03.jpg"", ""inaction/track_000458/im000010_00-29-02.jpg"", ""inaction/track_000458/im000012_00-29-02.jpg""]","[18, 4, 21, 0, 26, 15, 9, 11]",inaction/track_000458,29,,,,shuffled,20260602.0
inaction/track_000458::inaction_skip_shuffle:seed20260602:sample19,inaction,inaction/track_000458,inaction_skip_shuffle_19,inaction_skip_shuffle,8,"[""inaction/track_000458/im000022_00-29-03.jpg"", ""inaction/track_000458/im000004_00-29-02.jpg"", ""inaction/track_000458/im000020_00-29-03.jpg"", ""inaction/track_000458/im000007_00-29-02.jpg"", ""inaction/track_000458/im000021_00-29-03.jpg"", ""inaction/track_000458/im000010_00-29-02.jpg"", ""inaction/track_000458/im000009_00-29-02.jpg"", ""inaction/track_000458/im000014_00-29-02.jpg""]","[21, 3, 19, 6, 20, 9, 8, 13]",inaction/track_000458,29,,,,shuffled,20260602.0
inaction/track_000458::inaction_skip_shuffle:seed20260602:sample20,inaction,inaction/track_000458,inaction_skip_shuffle_20,inaction_skip_shuffle,8,"[""inaction/track_000458/im000016_00-29-03.jpg"", ""inaction/track_000458/im000015_00-29-02.jpg"", ""inaction/track_000458/im000027_00-29-03.jpg"", ""inaction/track_000458/im000029_00-29-04.jpg"", ""inaction/track_000458/im000010_00-29-02.jpg"", ""inaction/track_000458/im000013_00-29-02.jpg"", ""inaction/track_000458/im000011_00-29-02.jpg"", ""inaction/track_000458/im000002_00-29-01.jpg""]","[15, 14, 26, 28, 9, 12, 10, 1]",inaction/track_000458,29,,,,shuffled,20260602.0
inaction/track_000458::inaction_skip_shuffle:seed20260602:sample21,inaction,inaction/track_000458,inaction_skip_shuffle_21,inaction_skip_shuffle,8,"[""inaction/track_000458/im000027_00-29-03.jpg"", ""inaction/track_000458/im000013_00-29-02.jpg"", ""inaction/track_000458/im000024_00-29-03.jpg"", ""inaction/track_000458/im000023_00-29-03.jpg"", ""inaction/track_000458/im000019_00-29-03.jpg"", ""inaction/track_000458/im000010_00-29-02.jpg"", ""inaction/track_000458/im000011_00-29-02.jpg"", ""inaction/track_000458/im000008_00-29-02.jpg""]","[26, 12, 23, 22, 18, 9, 10, 7]",inaction/track_000458,29,,,,shuffled,20260602.0
inaction/track_000458::inaction_skip_shuffle:seed20260602:sample22,inaction,inaction/track_000458,inaction_skip_shuffle_22,inaction_skip_shuffle,8,"[""inaction/track_000458/im000001_00-29-01.jpg"", ""inaction/track_000458/im000019_00-29-03.jpg"", ""inaction/track_000458/im000014_00-29-02.jpg"", ""inaction/track_000458/im000028_00-29-04.jpg"", ""inaction/track_000458/im000027_00-29-03.jpg"", ""inaction/track_000458/im000018_00-29-03.jpg"", ""inaction/track_000458/im000025_00-29-03.jpg"", ""inaction/track_000458/im000003_00-29-01.jpg""]","[0, 18, 13, 27, 26, 17, 24, 2]",inaction/track_000458,29,,,,shuffled,20260602.0
inaction/track_000458::inaction_skip_shuffle:seed20260602:sample23,inaction,inaction/track_000458,inaction_skip_shuffle_23,inaction_skip_shuffle,8,"[""inaction/track_000458/im000013_00-29-02.jpg"", ""inaction/track_000458/im000008_00-29-02.jpg"", ""inaction/track_000458/im000021_00-29-03.jpg"", ""inaction/track_000458/im000022_00-29-03.jpg"", ""inaction/track_000458/im000024_00-29-03.jpg"", ""inaction/track_000458/im000009_00-29-02.jpg"", ""inaction/track_000458/im000006_00-29-02.jpg"", ""inaction/track_000458/im000020_00-29-03.jpg""]","[12, 7, 20, 21, 23, 8, 5, 19]",inaction/track_000458,29,,,,shuffled,20260602.0
inaction/track_000506::inaction_skip_shuffle:seed20260602:sample0,inaction,inaction/track_000506,inaction_skip_shuffle_0,inaction_skip_shuffle,8,"[""inaction/track_000506/im000013_00-33-08.jpg"", ""inaction/track_000506/im000043_00-33-11.jpg"", ""inaction/track_000506/im000071_00-33-13.jpg"", ""inaction/track_000506/im000003_00-33-08.jpg"", ""inaction/track_000506/im000070_00-33-13.jpg"", ""inaction/track_000506/im000073_00-33-13.jpg"", ""inaction/track_000506/im000045_00-33-11.jpg"", ""inaction/track_000506/im000051_00-33-12.jpg""]","[12, 42, 70, 2, 69, 72, 44, 50]",inaction/track_000506,80,,,,shuffled,20260602.0
inaction/track_000506::inaction_skip_shuffle:seed20260602:sample1,inaction,inaction/track_000506,inaction_skip_shuffle_1,inaction_skip_shuffle,8,"[""inaction/track_000506/im000057_00-33-12.jpg"", ""inaction/track_000506/im000002_00-33-07.jpg"", ""inaction/track_000506/im000035_00-33-10.jpg"", ""inaction/track_000506/im000078_00-33-14.jpg"", ""inaction/track_000506/im000028_00-33-10.jpg"", ""inaction/track_000506/im000039_00-33-11.jpg"", ""inaction/track_000506/im000060_00-33-12.jpg"", ""inaction/track_000506/im000006_00-33-08.jpg""]","[56, 1, 34, 77, 27, 38, 59, 5]",inaction/track_000506,80,,,,shuffled,20260602.0
inaction/track_000506::inaction_skip_shuffle:seed20260602:sample2,inaction,inaction/track_000506,inaction_skip_shuffle_2,inaction_skip_shuffle,8,"[""inaction/track_000506/im000052_00-33-12.jpg"", ""inaction/track_000506/im000079_00-33-14.jpg"", ""inaction/track_000506/im000046_00-33-11.jpg"", ""inaction/track_000506/im000071_00-33-13.jpg"", ""inaction/track_000506/im000065_00-33-13.jpg"", ""inaction/track_000506/im000057_00-33-12.jpg"", ""inaction/track_000506/im000056_00-33-12.jpg"", ""inaction/track_000506/im000037_00-33-10.jpg""]","[51, 78, 45, 70, 64, 56, 55, 36]",inaction/track_000506,80,,,,shuffled,20260602.0
inaction/track_000506::inaction_skip_shuffle:seed20260602:sample3,inaction,inaction/track_000506,inaction_skip_shuffle_3,inaction_skip_shuffle,8,"[""inaction/track_000506/im000005_00-33-08.jpg"", ""inaction/track_000506/im000079_00-33-14.jpg"", ""inaction/track_000506/im000021_00-33-09.jpg"", ""inaction/track_000506/im000013_00-33-08.jpg"", ""inaction/track_000506/im000057_00-33-12.jpg"", ""inaction/track_000506/im000050_00-33-11.jpg"", ""inaction/track_000506/im000042_00-33-11.jpg"", ""inaction/track_000506/im000011_00-33-08.jpg""]","[4, 78, 20, 12, 56, 49, 41, 10]",inaction/track_000506,80,,,,shuffled,20260602.0
inaction/track_000506::inaction_skip_shuffle:seed20260602:sample4,inaction,inaction/track_000506,inaction_skip_shuffle_4,inaction_skip_shuffle,8,"[""inaction/track_000506/im000005_00-33-08.jpg"", ""inaction/track_000506/im000043_00-33-11.jpg"", ""inaction/track_000506/im000070_00-33-13.jpg"", ""inaction/track_000506/im000025_00-33-09.jpg"", ""inaction/track_000506/im000011_00-33-08.jpg"", ""inaction/track_000506/im000054_00-33-12.jpg"", ""inaction/track_000506/im000036_00-33-10.jpg"", ""inaction/track_000506/im000080_00-33-14.jpg""]","[4, 42, 69, 24, 10, 53, 35, 79]",inaction/track_000506,80,,,,shuffled,20260602.0
inaction/track_000506::inaction_skip_shuffle:seed20260602:sample5,inaction,inaction/track_000506,inaction_skip_shuffle_5,inaction_skip_shuffle,8,"[""inaction/track_000506/im000026_00-33-09.jpg"", ""inaction/track_000506/im000018_00-33-09.jpg"", ""inaction/track_000506/im000067_00-33-13.jpg"", ""inaction/track_000506/im000042_00-33-11.jpg"", ""inaction/track_000506/im000003_00-33-08.jpg"", ""inaction/track_000506/im000041_00-33-11.jpg"", ""inaction/track_000506/im000076_00-33-14.jpg"", ""inaction/track_000506/im000004_00-33-08.jpg""]","[25, 17, 66, 41, 2, 40, 75, 3]",inaction/track_000506,80,,,,shuffled,20260602.0
inaction/track_000506::inaction_skip_shuffle:seed20260602:sample6,inaction,inaction/track_000506,inaction_skip_shuffle_6,inaction_skip_shuffle,8,"[""inaction/track_000506/im000062_00-33-12.jpg"", ""inaction/track_000506/im000054_00-33-12.jpg"", ""inaction/track_000506/im000045_00-33-11.jpg"", ""inaction/track_000506/im000059_00-33-12.jpg"", ""inaction/track_000506/im000077_00-33-14.jpg"", ""inaction/track_000506/im000022_00-33-09.jpg"", ""inaction/track_000506/im000065_00-33-13.jpg"", ""inaction/track_000506/im000027_00-33-10.jpg""]","[61, 53, 44, 58, 76, 21, 64, 26]",inaction/track_000506,80,,,,shuffled,20260602.0
inaction/track_000506::inaction_skip_shuffle:seed20260602:sample7,inaction,inaction/track_000506,inaction_skip_shuffle_7,inaction_skip_shuffle,8,"[""inaction/track_000506/im000021_00-33-09.jpg"", ""inaction/track_000506/im000010_00-33-08.jpg"", ""inaction/track_000506/im000024_00-33-09.jpg"", ""inaction/track_000506/im000064_00-33-13.jpg"", ""inaction/track_000506/im000003_00-33-08.jpg"", ""inaction/track_000506/im000059_00-33-12.jpg"", ""inaction/track_000506/im000053_00-33-12.jpg"", ""inaction/track_000506/im000040_00-33-11.jpg""]","[20, 9, 23, 63, 2, 58, 52, 39]",inaction/track_000506,80,,,,shuffled,20260602.0
inaction/track_000506::inaction_skip_shuffle:seed20260602:sample8,inaction,inaction/track_000506,inaction_skip_shuffle_8,inaction_skip_shuffle,8,"[""inaction/track_000506/im000022_00-33-09.jpg"", ""inaction/track_000506/im000056_00-33-12.jpg"", ""inaction/track_000506/im000025_00-33-09.jpg"", ""inaction/track_000506/im000064_00-33-13.jpg"", ""inaction/track_000506/im000029_00-33-10.jpg"", ""inaction/track_000506/im000047_00-33-11.jpg"", ""inaction/track_000506/im000035_00-33-10.jpg"", ""inaction/track_000506/im000017_00-33-09.jpg""]","[21, 55, 24, 63, 28, 46, 34, 16]",inaction/track_000506,80,,,,shuffled,20260602.0
inaction/track_000506::inaction_skip_shuffle:seed20260602:sample9,inaction,inaction/track_000506,inaction_skip_shuffle_9,inaction_skip_shuffle,8,"[""inaction/track_000506/im000074_00-33-13.jpg"", ""inaction/track_000506/im000005_00-33-08.jpg"", ""inaction/track_000506/im000043_00-33-11.jpg"", ""inaction/track_000506/im000011_00-33-08.jpg"", ""inaction/track_000506/im000079_00-33-14.jpg"", ""inaction/track_000506/im000051_00-33-12.jpg"", ""inaction/track_000506/im000044_00-33-11.jpg"", ""inaction/track_000506/im000003_00-33-08.jpg""]","[73, 4, 42, 10, 78, 50, 43, 2]",inaction/track_000506,80,,,,shuffled,20260602.0
inaction/track_000506::inaction_skip_shuffle:seed20260602:sample10,inaction,inaction/track_000506,inaction_skip_shuffle_10,inaction_skip_shuffle,8,"[""inaction/track_000506/im000015_00-33-09.jpg"", ""inaction/track_000506/im000048_00-33-11.jpg"", ""inaction/track_000506/im000009_00-33-08.jpg"", ""inaction/track_000506/im000010_00-33-08.jpg"", ""inaction/track_000506/im000004_00-33-08.jpg"", ""inaction/track_000506/im000013_00-33-08.jpg"", ""inaction/track_000506/im000062_00-33-12.jpg"", ""inaction/track_000506/im000075_00-33-14.jpg""]","[14, 47, 8, 9, 3, 12, 61, 74]",inaction/track_000506,80,,,,shuffled,20260602.0
inaction/track_000506::inaction_skip_shuffle:seed20260602:sample11,inaction,inaction/track_000506,inaction_skip_shuffle_11,inaction_skip_shuffle,8,"[""inaction/track_000506/im000062_00-33-12.jpg"", ""inaction/track_000506/im000039_00-33-11.jpg"", ""inaction/track_000506/im000067_00-33-13.jpg"", ""inaction/track_000506/im000077_00-33-14.jpg"", ""inaction/track_000506/im000028_00-33-10.jpg"", ""inaction/track_000506/im000031_00-33-10.jpg"", ""inaction/track_000506/im000025_00-33-09.jpg"", ""inaction/track_000506/im000016_00-33-09.jpg""]","[61, 38, 66, 76, 27, 30, 24, 15]",inaction/track_000506,80,,,,shuffled,20260602.0
inaction/track_000506::inaction_skip_shuffle:seed20260602:sample12,inaction,inaction/track_000506,inaction_skip_shuffle_12,inaction_skip_shuffle,8,"[""inaction/track_000506/im000038_00-33-10.jpg"", ""inaction/track_000506/im000055_00-33-12.jpg"", ""inaction/track_000506/im000004_00-33-08.jpg"", ""inaction/track_000506/im000030_00-33-10.jpg"", ""inaction/track_000506/im000068_00-33-13.jpg"", ""inaction/track_000506/im000074_00-33-13.jpg"", ""inaction/track_000506/im000050_00-33-11.jpg"", ""inaction/track_000506/im000076_00-33-14.jpg""]","[37, 54, 3, 29, 67, 73, 49, 75]",inaction/track_000506,80,,,,shuffled,20260602.0
inaction/track_000506::inaction_skip_shuffle:seed20260602:sample13,inaction,inaction/track_000506,inaction_skip_shuffle_13,inaction_skip_shuffle,8,"[""inaction/track_000506/im000073_00-33-13.jpg"", ""inaction/track_000506/im000045_00-33-11.jpg"", ""inaction/track_000506/im000025_00-33-09.jpg"", ""inaction/track_000506/im000069_00-33-13.jpg"", ""inaction/track_000506/im000062_00-33-12.jpg"", ""inaction/track_000506/im000042_00-33-11.jpg"", ""inaction/track_000506/im000001_00-33-07.jpg"", ""inaction/track_000506/im000056_00-33-12.jpg""]","[72, 44, 24, 68, 61, 41, 0, 55]",inaction/track_000506,80,,,,shuffled,20260602.0
inaction/track_000506::inaction_skip_shuffle:seed20260602:sample14,inaction,inaction/track_000506,inaction_skip_shuffle_14,inaction_skip_shuffle,8,"[""inaction/track_000506/im000001_00-33-07.jpg"", ""inaction/track_000506/im000062_00-33-12.jpg"", ""inaction/track_000506/im000047_00-33-11.jpg"", ""inaction/track_000506/im000022_00-33-09.jpg"", ""inaction/track_000506/im000033_00-33-10.jpg"", ""inaction/track_000506/im000040_00-33-11.jpg"", ""inaction/track_000506/im000043_00-33-11.jpg"", ""inaction/track_000506/im000005_00-33-08.jpg""]","[0, 61, 46, 21, 32, 39, 42, 4]",inaction/track_000506,80,,,,shuffled,20260602.0
inaction/track_000506::inaction_skip_shuffle:seed20260602:sample15,inaction,inaction/track_000506,inaction_skip_shuffle_15,inaction_skip_shuffle,8,"[""inaction/track_000506/im000013_00-33-08.jpg"", ""inaction/track_000506/im000079_00-33-14.jpg"", ""inaction/track_000506/im000057_00-33-12.jpg"", ""inaction/track_000506/im000051_00-33-12.jpg"", ""inaction/track_000506/im000007_00-33-08.jpg"", ""inaction/track_000506/im000030_00-33-10.jpg"", ""inaction/track_000506/im000066_00-33-13.jpg"", ""inaction/track_000506/im000010_00-33-08.jpg""]","[12, 78, 56, 50, 6, 29, 65, 9]",inaction/track_000506,80,,,,shuffled,20260602.0
inaction/track_000506::inaction_skip_shuffle:seed20260602:sample16,inaction,inaction/track_000506,inaction_skip_shuffle_16,inaction_skip_shuffle,8,"[""inaction/track_000506/im000022_00-33-09.jpg"", ""inaction/track_000506/im000004_00-33-08.jpg"", ""inaction/track_000506/im000021_00-33-09.jpg"", ""inaction/track_000506/im000055_00-33-12.jpg"", ""inaction/track_000506/im000071_00-33-13.jpg"", ""inaction/track_000506/im000050_00-33-11.jpg"", ""inaction/track_000506/im000047_00-33-11.jpg"", ""inaction/track_000506/im000038_00-33-10.jpg""]","[21, 3, 20, 54, 70, 49, 46, 37]",inaction/track_000506,80,,,,shuffled,20260602.0
inaction/track_000506::inaction_skip_shuffle:seed20260602:sample17,inaction,inaction/track_000506,inaction_skip_shuffle_17,inaction_skip_shuffle,8,"[""inaction/track_000506/im000058_00-33-12.jpg"", ""inaction/track_000506/im000059_00-33-12.jpg"", ""inaction/track_000506/im000010_00-33-08.jpg"", ""inaction/track_000506/im000075_00-33-14.jpg"", ""inaction/track_000506/im000045_00-33-11.jpg"", ""inaction/track_000506/im000020_00-33-09.jpg"", ""inaction/track_000506/im000021_00-33-09.jpg"", ""inaction/track_000506/im000048_00-33-11.jpg""]","[57, 58, 9, 74, 44, 19, 20, 47]",inaction/track_000506,80,,,,shuffled,20260602.0
inaction/track_000506::inaction_skip_shuffle:seed20260602:sample18,inaction,inaction/track_000506,inaction_skip_shuffle_18,inaction_skip_shuffle,8,"[""inaction/track_000506/im000061_00-33-12.jpg"", ""inaction/track_000506/im000002_00-33-07.jpg"", ""inaction/track_000506/im000041_00-33-11.jpg"", ""inaction/track_000506/im000020_00-33-09.jpg"", ""inaction/track_000506/im000027_00-33-10.jpg"", ""inaction/track_000506/im000026_00-33-09.jpg"", ""inaction/track_000506/im000062_00-33-12.jpg"", ""inaction/track_000506/im000030_00-33-10.jpg""]","[60, 1, 40, 19, 26, 25, 61, 29]",inaction/track_000506,80,,,,shuffled,20260602.0
inaction/track_000506::inaction_skip_shuffle:seed20260602:sample19,inaction,inaction/track_000506,inaction_skip_shuffle_19,inaction_skip_shuffle,8,"[""inaction/track_000506/im000079_00-33-14.jpg"", ""inaction/track_000506/im000065_00-33-13.jpg"", ""inaction/track_000506/im000046_00-33-11.jpg"", ""inaction/track_000506/im000056_00-33-12.jpg"", ""inaction/track_000506/im000075_00-33-14.jpg"", ""inaction/track_000506/im000012_00-33-08.jpg"", ""inaction/track_000506/im000021_00-33-09.jpg"", ""inaction/track_000506/im000052_00-33-12.jpg""]","[78, 64, 45, 55, 74, 11, 20, 51]",inaction/track_000506,80,,,,shuffled,20260602.0
inaction/track_000506::inaction_skip_shuffle:seed20260602:sample20,inaction,inaction/track_000506,inaction_skip_shuffle_20,inaction_skip_shuffle,8,"[""inaction/track_000506/im000023_00-33-09.jpg"", ""inaction/track_000506/im000031_00-33-10.jpg"", ""inaction/track_000506/im000014_00-33-08.jpg"", ""inaction/track_000506/im000071_00-33-13.jpg"", ""inaction/track_000506/im000020_00-33-09.jpg"", ""inaction/track_000506/im000057_00-33-12.jpg"", ""inaction/track_000506/im000055_00-33-12.jpg"", ""inaction/track_000506/im000024_00-33-09.jpg""]","[22, 30, 13, 70, 19, 56, 54, 23]",inaction/track_000506,80,,,,shuffled,20260602.0
inaction/track_000506::inaction_skip_shuffle:seed20260602:sample21,inaction,inaction/track_000506,inaction_skip_shuffle_21,inaction_skip_shuffle,8,"[""inaction/track_000506/im000058_00-33-12.jpg"", ""inaction/track_000506/im000014_00-33-08.jpg"", ""inaction/track_000506/im000078_00-33-14.jpg"", ""inaction/track_000506/im000005_00-33-08.jpg"", ""inaction/track_000506/im000017_00-33-09.jpg"", ""inaction/track_000506/im000052_00-33-12.jpg"", ""inaction/track_000506/im000060_00-33-12.jpg"", ""inaction/track_000506/im000049_00-33-11.jpg""]","[57, 13, 77, 4, 16, 51, 59, 48]",inaction/track_000506,80,,,,shuffled,20260602.0
inaction/track_000506::inaction_skip_shuffle:seed20260602:sample22,inaction,inaction/track_000506,inaction_skip_shuffle_22,inaction_skip_shuffle,8,"[""inaction/track_000506/im000040_00-33-11.jpg"", ""inaction/track_000506/im000063_00-33-13.jpg"", ""inaction/track_000506/im000039_00-33-11.jpg"", ""inaction/track_000506/im000058_00-33-12.jpg"", ""inaction/track_000506/im000067_00-33-13.jpg"", ""inaction/track_000506/im000029_00-33-10.jpg"", ""inaction/track_000506/im000069_00-33-13.jpg"", ""inaction/track_000506/im000022_00-33-09.jpg""]","[39, 62, 38, 57, 66, 28, 68, 21]",inaction/track_000506,80,,,,shuffled,20260602.0
inaction/track_000506::inaction_skip_shuffle:seed20260602:sample23,inaction,inaction/track_000506,inaction_skip_shuffle_23,inaction_skip_shuffle,8,"[""inaction/track_000506/im000012_00-33-08.jpg"", ""inaction/track_000506/im000039_00-33-11.jpg"", ""inaction/track_000506/im000055_00-33-12.jpg"", ""inaction/track_000506/im000065_00-33-13.jpg"", ""inaction/track_000506/im000052_00-33-12.jpg"", ""inaction/track_000506/im000034_00-33-10.jpg"", ""inaction/track_000506/im000018_00-33-09.jpg"", ""inaction/track_000506/im000047_00-33-11.jpg""]","[11, 38, 54, 64, 51, 33, 17, 46]",inaction/track_000506,80,,,,shuffled,20260602.0
inaction/track_001148::inaction_skip_shuffle:seed20260602:sample0,inaction,inaction/track_001148,inaction_skip_shuffle_0,inaction_skip_shuffle,8,"[""inaction/track_001148/im000016_00-34-32.jpg"", ""inaction/track_001148/im000014_00-34-32.jpg"", ""inaction/track_001148/im000097_00-34-39.jpg"", ""inaction/track_001148/im000155_00-34-44.jpg"", ""inaction/track_001148/im000150_00-34-43.jpg"", ""inaction/track_001148/im000076_00-34-37.jpg"", ""inaction/track_001148/im000022_00-34-33.jpg"", ""inaction/track_001148/im000025_00-34-33.jpg""]","[15, 13, 96, 154, 149, 75, 21, 24]",inaction/track_001148,161,,,,shuffled,20260602.0
inaction/track_001148::inaction_skip_shuffle:seed20260602:sample1,inaction,inaction/track_001148,inaction_skip_shuffle_1,inaction_skip_shuffle,8,"[""inaction/track_001148/im000120_00-34-41.jpg"", ""inaction/track_001148/im000136_00-34-42.jpg"", ""inaction/track_001148/im000058_00-34-36.jpg"", ""inaction/track_001148/im000092_00-34-39.jpg"", ""inaction/track_001148/im000007_00-34-32.jpg"", ""inaction/track_001148/im000081_00-34-38.jpg"", ""inaction/track_001148/im000027_00-34-33.jpg"", ""inaction/track_001148/im000075_00-34-37.jpg""]","[119, 135, 57, 91, 6, 80, 26, 74]",inaction/track_001148,161,,,,shuffled,20260602.0
inaction/track_001148::inaction_skip_shuffle:seed20260602:sample2,inaction,inaction/track_001148,inaction_skip_shuffle_2,inaction_skip_shuffle,8,"[""inaction/track_001148/im000015_00-34-32.jpg"", ""inaction/track_001148/im000159_00-34-44.jpg"", ""inaction/track_001148/im000113_00-34-40.jpg"", ""inaction/track_001148/im000098_00-34-39.jpg"", ""inaction/track_001148/im000077_00-34-37.jpg"", ""inaction/track_001148/im000043_00-34-35.jpg"", ""inaction/track_001148/im000115_00-34-41.jpg"", ""inaction/track_001148/im000035_00-34-34.jpg""]","[14, 158, 112, 97, 76, 42, 114, 34]",inaction/track_001148,161,,,,shuffled,20260602.0
inaction/track_001148::inaction_skip_shuffle:seed20260602:sample3,inaction,inaction/track_001148,inaction_skip_shuffle_3,inaction_skip_shuffle,8,"[""inaction/track_001148/im000087_00-34-38.jpg"", ""inaction/track_001148/im000132_00-34-42.jpg"", ""inaction/track_001148/im000016_00-34-32.jpg"", ""inaction/track_001148/im000029_00-34-33.jpg"", ""inaction/track_001148/im000068_00-34-37.jpg"", ""inaction/track_001148/im000077_00-34-37.jpg"", ""inaction/track_001148/im000151_00-34-44.jpg"", ""inaction/track_001148/im000141_00-34-43.jpg""]","[86, 131, 15, 28, 67, 76, 150, 140]",inaction/track_001148,161,,,,shuffled,20260602.0
inaction/track_001148::inaction_skip_shuffle:seed20260602:sample4,inaction,inaction/track_001148,inaction_skip_shuffle_4,inaction_skip_shuffle,8,"[""inaction/track_001148/im000093_00-34-39.jpg"", ""inaction/track_001148/im000075_00-34-37.jpg"", ""inaction/track_001148/im000006_00-34-31.jpg"", ""inaction/track_001148/im000127_00-34-42.jpg"", ""inaction/track_001148/im000133_00-34-42.jpg"", ""inaction/track_001148/im000033_00-34-34.jpg"", ""inaction/track_001148/im000116_00-34-41.jpg"", ""inaction/track_001148/im000145_00-34-43.jpg""]","[92, 74, 5, 126, 132, 32, 115, 144]",inaction/track_001148,161,,,,shuffled,20260602.0
inaction/track_001148::inaction_skip_shuffle:seed20260602:sample5,inaction,inaction/track_001148,inaction_skip_shuffle_5,inaction_skip_shuffle,8,"[""inaction/track_001148/im000046_00-34-35.jpg"", ""inaction/track_001148/im000149_00-34-43.jpg"", ""inaction/track_001148/im000144_00-34-43.jpg"", ""inaction/track_001148/im000029_00-34-33.jpg"", ""inaction/track_001148/im000137_00-34-42.jpg"", ""inaction/track_001148/im000126_00-34-41.jpg"", ""inaction/track_001148/im000031_00-34-34.jpg"", ""inaction/track_001148/im000157_00-34-44.jpg""]","[45, 148, 143, 28, 136, 125, 30, 156]",inaction/track_001148,161,,,,shuffled,20260602.0
inaction/track_001148::inaction_skip_shuffle:seed20260602:sample6,inaction,inaction/track_001148,inaction_skip_shuffle_6,inaction_skip_shuffle,8,"[""inaction/track_001148/im000035_00-34-34.jpg"", ""inaction/track_001148/im000051_00-34-35.jpg"", ""inaction/track_001148/im000018_00-34-32.jpg"", ""inaction/track_001148/im000081_00-34-38.jpg"", ""inaction/track_001148/im000154_00-34-44.jpg"", ""inaction/track_001148/im000130_00-34-42.jpg"", ""inaction/track_001148/im000082_00-34-38.jpg"", ""inaction/track_001148/im000159_00-34-44.jpg""]","[34, 50, 17, 80, 153, 129, 81, 158]",inaction/track_001148,161,,,,shuffled,20260602.0
inaction/track_001148::inaction_skip_shuffle:seed20260602:sample7,inaction,inaction/track_001148,inaction_skip_shuffle_7,inaction_skip_shuffle,8,"[""inaction/track_001148/im000094_00-34-39.jpg"", ""inaction/track_001148/im000072_00-34-37.jpg"", ""inaction/track_001148/im000109_00-34-40.jpg"", ""inaction/track_001148/im000010_00-34-32.jpg"", ""inaction/track_001148/im000068_00-34-37.jpg"", ""inaction/track_001148/im000104_00-34-40.jpg"", ""inaction/track_001148/im000159_00-34-44.jpg"", ""inaction/track_001148/im000052_00-34-35.jpg""]","[93, 71, 108, 9, 67, 103, 158, 51]",inaction/track_001148,161,,,,shuffled,20260602.0
inaction/track_001148::inaction_skip_shuffle:seed20260602:sample8,inaction,inaction/track_001148,inaction_skip_shuffle_8,inaction_skip_shuffle,8,"[""inaction/track_001148/im000136_00-34-42.jpg"", ""inaction/track_001148/im000054_00-34-35.jpg"", ""inaction/track_001148/im000123_00-34-41.jpg"", ""inaction/track_001148/im000150_00-34-43.jpg"", ""inaction/track_001148/im000100_00-34-39.jpg"", ""inaction/track_001148/im000106_00-34-40.jpg"", ""inaction/track_001148/im000063_00-34-36.jpg"", ""inaction/track_001148/im000074_00-34-37.jpg""]","[135, 53, 122, 149, 99, 105, 62, 73]",inaction/track_001148,161,,,,shuffled,20260602.0
inaction/track_001148::inaction_skip_shuffle:seed20260602:sample9,inaction,inaction/track_001148,inaction_skip_shuffle_9,inaction_skip_shuffle,8,"[""inaction/track_001148/im000062_00-34-36.jpg"", ""inaction/track_001148/im000116_00-34-41.jpg"", ""inaction/track_001148/im000024_00-34-33.jpg"", ""inaction/track_001148/im000082_00-34-38.jpg"", ""inaction/track_001148/im000040_00-34-34.jpg"", ""inaction/track_001148/im000036_00-34-34.jpg"", ""inaction/track_001148/im000015_00-34-32.jpg"", ""inaction/track_001148/im000035_00-34-34.jpg""]","[61, 115, 23, 81, 39, 35, 14, 34]",inaction/track_001148,161,,,,shuffled,20260602.0
inaction/track_001148::inaction_skip_shuffle:seed20260602:sample10,inaction,inaction/track_001148,inaction_skip_shuffle_10,inaction_skip_shuffle,8,"[""inaction/track_001148/im000158_00-34-44.jpg"", ""inaction/track_001148/im000094_00-34-39.jpg"", ""inaction/track_001148/im000020_00-34-33.jpg"", ""inaction/track_001148/im000091_00-34-39.jpg"", ""inaction/track_001148/im000118_00-34-41.jpg"", ""inaction/track_001148/im000060_00-34-36.jpg"", ""inaction/track_001148/im000022_00-34-33.jpg"", ""inaction/track_001148/im000019_00-34-33.jpg""]","[157, 93, 19, 90, 117, 59, 21, 18]",inaction/track_001148,161,,,,shuffled,20260602.0
inaction/track_001148::inaction_skip_shuffle:seed20260602:sample11,inaction,inaction/track_001148,inaction_skip_shuffle_11,inaction_skip_shuffle,8,"[""inaction/track_001148/im000087_00-34-38.jpg"", ""inaction/track_001148/im000062_00-34-36.jpg"", ""inaction/track_001148/im000130_00-34-42.jpg"", ""inaction/track_001148/im000117_00-34-41.jpg"", ""inaction/track_001148/im000059_00-34-36.jpg"", ""inaction/track_001148/im000057_00-34-36.jpg"", ""inaction/track_001148/im000154_00-34-44.jpg"", ""inaction/track_001148/im000118_00-34-41.jpg""]","[86, 61, 129, 116, 58, 56, 153, 117]",inaction/track_001148,161,,,,shuffled,20260602.0
inaction/track_001148::inaction_skip_shuffle:seed20260602:sample12,inaction,inaction/track_001148,inaction_skip_shuffle_12,inaction_skip_shuffle,8,"[""inaction/track_001148/im000058_00-34-36.jpg"", ""inaction/track_001148/im000161_00-34-44.jpg"", ""inaction/track_001148/im000049_00-34-35.jpg"", ""inaction/track_001148/im000044_00-34-35.jpg"", ""inaction/track_001148/im000001_00-34-31.jpg"", ""inaction/track_001148/im000153_00-34-44.jpg"", ""inaction/track_001148/im000053_00-34-35.jpg"", ""inaction/track_001148/im000065_00-34-36.jpg""]","[57, 160, 48, 43, 0, 152, 52, 64]",inaction/track_001148,161,,,,shuffled,20260602.0
inaction/track_001148::inaction_skip_shuffle:seed20260602:sample13,inaction,inaction/track_001148,inaction_skip_shuffle_13,inaction_skip_shuffle,8,"[""inaction/track_001148/im000049_00-34-35.jpg"", ""inaction/track_001148/im000066_00-34-36.jpg"", ""inaction/track_001148/im000158_00-34-44.jpg"", ""inaction/track_001148/im000070_00-34-37.jpg"", ""inaction/track_001148/im000149_00-34-43.jpg"", ""inaction/track_001148/im000075_00-34-37.jpg"", ""inaction/track_001148/im000128_00-34-42.jpg"", ""inaction/track_001148/im000121_00-34-41.jpg""]","[48, 65, 157, 69, 148, 74, 127, 120]",inaction/track_001148,161,,,,shuffled,20260602.0
inaction/track_001148::inaction_skip_shuffle:seed20260602:sample14,inaction,inaction/track_001148,inaction_skip_shuffle_14,inaction_skip_shuffle,8,"[""inaction/track_001148/im000098_00-34-39.jpg"", ""inaction/track_001148/im000093_00-34-39.jpg"", ""inaction/track_001148/im000143_00-34-43.jpg"", ""inaction/track_001148/im000036_00-34-34.jpg"", ""inaction/track_001148/im000075_00-34-37.jpg"", ""inaction/track_001148/im000090_00-34-38.jpg"", ""inaction/track_001148/im000044_00-34-35.jpg"", ""inaction/track_001148/im000108_00-34-40.jpg""]","[97, 92, 142, 35, 74, 89, 43, 107]",inaction/track_001148,161,,,,shuffled,20260602.0
inaction/track_001148::inaction_skip_shuffle:seed20260602:sample15,inaction,inaction/track_001148,inaction_skip_shuffle_15,inaction_skip_shuffle,8,"[""inaction/track_001148/im000012_00-34-32.jpg"", ""inaction/track_001148/im000043_00-34-35.jpg"", ""inaction/track_001148/im000028_00-34-33.jpg"", ""inaction/track_001148/im000062_00-34-36.jpg"", ""inaction/track_001148/im000009_00-34-32.jpg"", ""inaction/track_001148/im000016_00-34-32.jpg"", ""inaction/track_001148/im000046_00-34-35.jpg"", ""inaction/track_001148/im000136_00-34-42.jpg""]","[11, 42, 27, 61, 8, 15, 45, 135]",inaction/track_001148,161,,,,shuffled,20260602.0
inaction/track_001148::inaction_skip_shuffle:seed20260602:sample16,inaction,inaction/track_001148,inaction_skip_shuffle_16,inaction_skip_shuffle,8,"[""inaction/track_001148/im000143_00-34-43.jpg"", ""inaction/track_001148/im000006_00-34-31.jpg"", ""inaction/track_001148/im000108_00-34-40.jpg"", ""inaction/track_001148/im000148_00-34-43.jpg"", ""inaction/track_001148/im000063_00-34-36.jpg"", ""inaction/track_001148/im000059_00-34-36.jpg"", ""inaction/track_001148/im000087_00-34-38.jpg"", ""inaction/track_001148/im000147_00-34-43.jpg""]","[142, 5, 107, 147, 62, 58, 86, 146]",inaction/track_001148,161,,,,shuffled,20260602.0
inaction/track_001148::inaction_skip_shuffle:seed20260602:sample17,inaction,inaction/track_001148,inaction_skip_shuffle_17,inaction_skip_shuffle,8,"[""inaction/track_001148/im000014_00-34-32.jpg"", ""inaction/track_001148/im000043_00-34-35.jpg"", ""inaction/track_001148/im000035_00-34-34.jpg"", ""inaction/track_001148/im000154_00-34-44.jpg"", ""inaction/track_001148/im000103_00-34-40.jpg"", ""inaction/track_001148/im000113_00-34-40.jpg"", ""inaction/track_001148/im000143_00-34-43.jpg"", ""inaction/track_001148/im000108_00-34-40.jpg""]","[13, 42, 34, 153, 102, 112, 142, 107]",inaction/track_001148,161,,,,shuffled,20260602.0
inaction/track_001148::inaction_skip_shuffle:seed20260602:sample18,inaction,inaction/track_001148,inaction_skip_shuffle_18,inaction_skip_shuffle,8,"[""inaction/track_001148/im000006_00-34-31.jpg"", ""inaction/track_001148/im000156_00-34-44.jpg"", ""inaction/track_001148/im000004_00-34-31.jpg"", ""inaction/track_001148/im000099_00-34-39.jpg"", ""inaction/track_001148/im000048_00-34-35.jpg"", ""inaction/track_001148/im000011_00-34-32.jpg"", ""inaction/track_001148/im000106_00-34-40.jpg"", ""inaction/track_001148/im000131_00-34-42.jpg""]","[5, 155, 3, 98, 47, 10, 105, 130]",inaction/track_001148,161,,,,shuffled,20260602.0
inaction/track_001148::inaction_skip_shuffle:seed20260602:sample19,inaction,inaction/track_001148,inaction_skip_shuffle_19,inaction_skip_shuffle,8,"[""inaction/track_001148/im000114_00-34-40.jpg"", ""inaction/track_001148/im000080_00-34-38.jpg"", ""inaction/track_001148/im000097_00-34-39.jpg"", ""inaction/track_001148/im000065_00-34-36.jpg"", ""inaction/track_001148/im000085_00-34-38.jpg"", ""inaction/track_001148/im000025_00-34-33.jpg"", ""inaction/track_001148/im000132_00-34-42.jpg"", ""inaction/track_001148/im000129_00-34-42.jpg""]","[113, 79, 96, 64, 84, 24, 131, 128]",inaction/track_001148,161,,,,shuffled,20260602.0
inaction/track_001148::inaction_skip_shuffle:seed20260602:sample20,inaction,inaction/track_001148,inaction_skip_shuffle_20,inaction_skip_shuffle,8,"[""inaction/track_001148/im000097_00-34-39.jpg"", ""inaction/track_001148/im000129_00-34-42.jpg"", ""inaction/track_001148/im000096_00-34-39.jpg"", ""inaction/track_001148/im000029_00-34-33.jpg"", ""inaction/track_001148/im000144_00-34-43.jpg"", ""inaction/track_001148/im000117_00-34-41.jpg"", ""inaction/track_001148/im000094_00-34-39.jpg"", ""inaction/track_001148/im000101_00-34-39.jpg""]","[96, 128, 95, 28, 143, 116, 93, 100]",inaction/track_001148,161,,,,shuffled,20260602.0
inaction/track_001148::inaction_skip_shuffle:seed20260602:sample21,inaction,inaction/track_001148,inaction_skip_shuffle_21,inaction_skip_shuffle,8,"[""inaction/track_001148/im000012_00-34-32.jpg"", ""inaction/track_001148/im000089_00-34-38.jpg"", ""inaction/track_001148/im000020_00-34-33.jpg"", ""inaction/track_001148/im000032_00-34-34.jpg"", ""inaction/track_001148/im000116_00-34-41.jpg"", ""inaction/track_001148/im000103_00-34-40.jpg"", ""inaction/track_001148/im000015_00-34-32.jpg"", ""inaction/track_001148/im000143_00-34-43.jpg""]","[11, 88, 19, 31, 115, 102, 14, 142]",inaction/track_001148,161,,,,shuffled,20260602.0
inaction/track_001148::inaction_skip_shuffle:seed20260602:sample22,inaction,inaction/track_001148,inaction_skip_shuffle_22,inaction_skip_shuffle,8,"[""inaction/track_001148/im000052_00-34-35.jpg"", ""inaction/track_001148/im000137_00-34-42.jpg"", ""inaction/track_001148/im000005_00-34-31.jpg"", ""inaction/track_001148/im000047_00-34-35.jpg"", ""inaction/track_001148/im000041_00-34-34.jpg"", ""inaction/track_001148/im000010_00-34-32.jpg"", ""inaction/track_001148/im000032_00-34-34.jpg"", ""inaction/track_001148/im000101_00-34-39.jpg""]","[51, 136, 4, 46, 40, 9, 31, 100]",inaction/track_001148,161,,,,shuffled,20260602.0
inaction/track_001148::inaction_skip_shuffle:seed20260602:sample23,inaction,inaction/track_001148,inaction_skip_shuffle_23,inaction_skip_shuffle,8,"[""inaction/track_001148/im000074_00-34-37.jpg"", ""inaction/track_001148/im000157_00-34-44.jpg"", ""inaction/track_001148/im000007_00-34-32.jpg"", ""inaction/track_001148/im000043_00-34-35.jpg"", ""inaction/track_001148/im000025_00-34-33.jpg"", ""inaction/track_001148/im000024_00-34-33.jpg"", ""inaction/track_001148/im000107_00-34-40.jpg"", ""inaction/track_001148/im000123_00-34-41.jpg""]","[73, 156, 6, 42, 24, 23, 106, 122]",inaction/track_001148,161,,,,shuffled,20260602.0
inaction/track_001449::inaction_skip_shuffle:seed20260602:sample0,inaction,inaction/track_001449,inaction_skip_shuffle_0,inaction_skip_shuffle,8,"[""inaction/track_001449/im000013_00-21-31.jpg"", ""inaction/track_001449/im000004_00-21-26.jpg"", ""inaction/track_001449/im000009_00-21-27.jpg"", ""inaction/track_001449/im000023_00-21-32.jpg"", ""inaction/track_001449/im000014_00-21-31.jpg"", ""inaction/track_001449/im000019_00-21-31.jpg"", ""inaction/track_001449/im000020_00-21-32.jpg"", ""inaction/track_001449/im000010_00-21-31.jpg""]","[12, 3, 8, 22, 13, 18, 19, 9]",inaction/track_001449,31,,,,shuffled,20260602.0
inaction/track_001449::inaction_skip_shuffle:seed20260602:sample1,inaction,inaction/track_001449,inaction_skip_shuffle_1,inaction_skip_shuffle,8,"[""inaction/track_001449/im000023_00-21-32.jpg"", ""inaction/track_001449/im000025_00-21-32.jpg"", ""inaction/track_001449/im000012_00-21-31.jpg"", ""inaction/track_001449/im000010_00-21-31.jpg"", ""inaction/track_001449/im000028_00-21-32.jpg"", ""inaction/track_001449/im000005_00-21-27.jpg"", ""inaction/track_001449/im000019_00-21-31.jpg"", ""inaction/track_001449/im000002_00-21-26.jpg""]","[22, 24, 11, 9, 27, 4, 18, 1]",inaction/track_001449,31,,,,shuffled,20260602.0
inaction/track_001449::inaction_skip_shuffle:seed20260602:sample2,inaction,inaction/track_001449,inaction_skip_shuffle_2,inaction_skip_shuffle,8,"[""inaction/track_001449/im000026_00-21-32.jpg"", ""inaction/track_001449/im000030_00-21-32.jpg"", ""inaction/track_001449/im000020_00-21-32.jpg"", ""inaction/track_001449/im000019_00-21-31.jpg"", ""inaction/track_001449/im000003_00-21-26.jpg"", ""inaction/track_001449/im000004_00-21-26.jpg"", ""inaction/track_001449/im000025_00-21-32.jpg"", ""inaction/track_001449/im000023_00-21-32.jpg""]","[25, 29, 19, 18, 2, 3, 24, 22]",inaction/track_001449,31,,,,shuffled,20260602.0
inaction/track_001449::inaction_skip_shuffle:seed20260602:sample3,inaction,inaction/track_001449,inaction_skip_shuffle_3,inaction_skip_shuffle,8,"[""inaction/track_001449/im000011_00-21-31.jpg"", ""inaction/track_001449/im000008_00-21-27.jpg"", ""inaction/track_001449/im000025_00-21-32.jpg"", ""inaction/track_001449/im000023_00-21-32.jpg"", ""inaction/track_001449/im000015_00-21-31.jpg"", ""inaction/track_001449/im000007_00-21-27.jpg"", ""inaction/track_001449/im000019_00-21-31.jpg"", ""inaction/track_001449/im000006_00-21-27.jpg""]","[10, 7, 24, 22, 14, 6, 18, 5]",inaction/track_001449,31,,,,shuffled,20260602.0
inaction/track_001449::inaction_skip_shuffle:seed20260602:sample4,inaction,inaction/track_001449,inaction_skip_shuffle_4,inaction_skip_shuffle,8,"[""inaction/track_001449/im000017_00-21-31.jpg"", ""inaction/track_001449/im000002_00-21-26.jpg"", ""inaction/track_001449/im000008_00-21-27.jpg"", ""inaction/track_001449/im000026_00-21-32.jpg"", ""inaction/track_001449/im000020_00-21-32.jpg"", ""inaction/track_001449/im000011_00-21-31.jpg"", ""inaction/track_001449/im000023_00-21-32.jpg"", ""inaction/track_001449/im000009_00-21-27.jpg""]","[16, 1, 7, 25, 19, 10, 22, 8]",inaction/track_001449,31,,,,shuffled,20260602.0
inaction/track_001449::inaction_skip_shuffle:seed20260602:sample5,inaction,inaction/track_001449,inaction_skip_shuffle_5,inaction_skip_shuffle,8,"[""inaction/track_001449/im000002_00-21-26.jpg"", ""inaction/track_001449/im000023_00-21-32.jpg"", ""inaction/track_001449/im000022_00-21-32.jpg"", ""inaction/track_001449/im000013_00-21-31.jpg"", ""inaction/track_001449/im000016_00-21-31.jpg"", ""inaction/track_001449/im000009_00-21-27.jpg"", ""inaction/track_001449/im000020_00-21-32.jpg"", ""inaction/track_001449/im000011_00-21-31.jpg""]","[1, 22, 21, 12, 15, 8, 19, 10]",inaction/track_001449,31,,,,shuffled,20260602.0
inaction/track_001449::inaction_skip_shuffle:seed20260602:sample6,inaction,inaction/track_001449,inaction_skip_shuffle_6,inaction_skip_shuffle,8,"[""inaction/track_001449/im000005_00-21-27.jpg"", ""inaction/track_001449/im000021_00-21-32.jpg"", ""inaction/track_001449/im000024_00-21-32.jpg"", ""inaction/track_001449/im000017_00-21-31.jpg"", ""inaction/track_001449/im000014_00-21-31.jpg"", ""inaction/track_001449/im000008_00-21-27.jpg"", ""inaction/track_001449/im000016_00-21-31.jpg"", ""inaction/track_001449/im000020_00-21-32.jpg""]","[4, 20, 23, 16, 13, 7, 15, 19]",inaction/track_001449,31,,,,shuffled,20260602.0
inaction/track_001449::inaction_skip_shuffle:seed20260602:sample7,inaction,inaction/track_001449,inaction_skip_shuffle_7,inaction_skip_shuffle,8,"[""inaction/track_001449/im000017_00-21-31.jpg"", ""inaction/track_001449/im000029_00-21-32.jpg"", ""inaction/track_001449/im000008_00-21-27.jpg"", ""inaction/track_001449/im000018_00-21-31.jpg"", ""inaction/track_001449/im000025_00-21-32.jpg"", ""inaction/track_001449/im000004_00-21-26.jpg"", ""inaction/track_001449/im000024_00-21-32.jpg"", ""inaction/track_001449/im000007_00-21-27.jpg""]","[16, 28, 7, 17, 24, 3, 23, 6]",inaction/track_001449,31,,,,shuffled,20260602.0
inaction/track_001449::inaction_skip_shuffle:seed20260602:sample8,inaction,inaction/track_001449,inaction_skip_shuffle_8,inaction_skip_shuffle,8,"[""inaction/track_001449/im000010_00-21-31.jpg"", ""inaction/track_001449/im000006_00-21-27.jpg"", ""inaction/track_001449/im000021_00-21-32.jpg"", ""inaction/track_001449/im000014_00-21-31.jpg"", ""inaction/track_001449/im000005_00-21-27.jpg"", ""inaction/track_001449/im000007_00-21-27.jpg"", ""inaction/track_001449/im000019_00-21-31.jpg"", ""inaction/track_001449/im000022_00-21-32.jpg""]","[9, 5, 20, 13, 4, 6, 18, 21]",inaction/track_001449,31,,,,shuffled,20260602.0
inaction/track_001449::inaction_skip_shuffle:seed20260602:sample9,inaction,inaction/track_001449,inaction_skip_shuffle_9,inaction_skip_shuffle,8,"[""inaction/track_001449/im000029_00-21-32.jpg"", ""inaction/track_001449/im000002_00-21-26.jpg"", ""inaction/track_001449/im000019_00-21-31.jpg"", ""inaction/track_001449/im000018_00-21-31.jpg"", ""inaction/track_001449/im000031_00-21-33.jpg"", ""inaction/track_001449/im000023_00-21-32.jpg"", ""inaction/track_001449/im000008_00-21-27.jpg"", ""inaction/track_001449/im000015_00-21-31.jpg""]","[28, 1, 18, 17, 30, 22, 7, 14]",inaction/track_001449,31,,,,shuffled,20260602.0
inaction/track_001449::inaction_skip_shuffle:seed20260602:sample10,inaction,inaction/track_001449,inaction_skip_shuffle_10,inaction_skip_shuffle,8,"[""inaction/track_001449/im000019_00-21-31.jpg"", ""inaction/track_001449/im000009_00-21-27.jpg"", ""inaction/track_001449/im000003_00-21-26.jpg"", ""inaction/track_001449/im000022_00-21-32.jpg"", ""inaction/track_001449/im000014_00-21-31.jpg"", ""inaction/track_001449/im000027_00-21-32.jpg"", ""inaction/track_001449/im000007_00-21-27.jpg"", ""inaction/track_001449/im000024_00-21-32.jpg""]","[18, 8, 2, 21, 13, 26, 6, 23]",inaction/track_001449,31,,,,shuffled,20260602.0
inaction/track_001449::inaction_skip_shuffle:seed20260602:sample11,inaction,inaction/track_001449,inaction_skip_shuffle_11,inaction_skip_shuffle,8,"[""inaction/track_001449/im000029_00-21-32.jpg"", ""inaction/track_001449/im000030_00-21-32.jpg"", ""inaction/track_001449/im000015_00-21-31.jpg"", ""inaction/track_001449/im000001_00-21-26.jpg"", ""inaction/track_001449/im000021_00-21-32.jpg"", ""inaction/track_001449/im000007_00-21-27.jpg"", ""inaction/track_001449/im000019_00-21-31.jpg"", ""inaction/track_001449/im000009_00-21-27.jpg""]","[28, 29, 14, 0, 20, 6, 18, 8]",inaction/track_001449,31,,,,shuffled,20260602.0
inaction/track_001449::inaction_skip_shuffle:seed20260602:sample12,inaction,inaction/track_001449,inaction_skip_shuffle_12,inaction_skip_shuffle,8,"[""inaction/track_001449/im000021_00-21-32.jpg"", ""inaction/track_001449/im000001_00-21-26.jpg"", ""inaction/track_001449/im000002_00-21-26.jpg"", ""inaction/track_001449/im000008_00-21-27.jpg"", ""inaction/track_001449/im000004_00-21-26.jpg"", ""inaction/track_001449/im000023_00-21-32.jpg"", ""inaction/track_001449/im000024_00-21-32.jpg"", ""inaction/track_001449/im000003_00-21-26.jpg""]","[20, 0, 1, 7, 3, 22, 23, 2]",inaction/track_001449,31,,,,shuffled,20260602.0
inaction/track_001449::inaction_skip_shuffle:seed20260602:sample13,inaction,inaction/track_001449,inaction_skip_shuffle_13,inaction_skip_shuffle,8,"[""inaction/track_001449/im000010_00-21-31.jpg"", ""inaction/track_001449/im000028_00-21-32.jpg"", ""inaction/track_001449/im000023_00-21-32.jpg"", ""inaction/track_001449/im000004_00-21-26.jpg"", ""inaction/track_001449/im000008_00-21-27.jpg"", ""inaction/track_001449/im000031_00-21-33.jpg"", ""inaction/track_001449/im000001_00-21-26.jpg"", ""inaction/track_001449/im000003_00-21-26.jpg""]","[9, 27, 22, 3, 7, 30, 0, 2]",inaction/track_001449,31,,,,shuffled,20260602.0
inaction/track_001449::inaction_skip_shuffle:seed20260602:sample14,inaction,inaction/track_001449,inaction_skip_shuffle_14,inaction_skip_shuffle,8,"[""inaction/track_001449/im000015_00-21-31.jpg"", ""inaction/track_001449/im000019_00-21-31.jpg"", ""inaction/track_001449/im000005_00-21-27.jpg"", ""inaction/track_001449/im000025_00-21-32.jpg"", ""inaction/track_001449/im000013_00-21-31.jpg"", ""inaction/track_001449/im000010_00-21-31.jpg"", ""inaction/track_001449/im000003_00-21-26.jpg"", ""inaction/track_001449/im000016_00-21-31.jpg""]","[14, 18, 4, 24, 12, 9, 2, 15]",inaction/track_001449,31,,,,shuffled,20260602.0
inaction/track_001449::inaction_skip_shuffle:seed20260602:sample15,inaction,inaction/track_001449,inaction_skip_shuffle_15,inaction_skip_shuffle,8,"[""inaction/track_001449/im000001_00-21-26.jpg"", ""inaction/track_001449/im000005_00-21-27.jpg"", ""inaction/track_001449/im000029_00-21-32.jpg"", ""inaction/track_001449/im000023_00-21-32.jpg"", ""inaction/track_001449/im000015_00-21-31.jpg"", ""inaction/track_001449/im000018_00-21-31.jpg"", ""inaction/track_001449/im000008_00-21-27.jpg"", ""inaction/track_001449/im000010_00-21-31.jpg""]","[0, 4, 28, 22, 14, 17, 7, 9]",inaction/track_001449,31,,,,shuffled,20260602.0
inaction/track_001449::inaction_skip_shuffle:seed20260602:sample16,inaction,inaction/track_001449,inaction_skip_shuffle_16,inaction_skip_shuffle,8,"[""inaction/track_001449/im000031_00-21-33.jpg"", ""inaction/track_001449/im000028_00-21-32.jpg"", ""inaction/track_001449/im000013_00-21-31.jpg"", ""inaction/track_001449/im000029_00-21-32.jpg"", ""inaction/track_001449/im000006_00-21-27.jpg"", ""inaction/track_001449/im000030_00-21-32.jpg"", ""inaction/track_001449/im000008_00-21-27.jpg"", ""inaction/track_001449/im000021_00-21-32.jpg""]","[30, 27, 12, 28, 5, 29, 7, 20]",inaction/track_001449,31,,,,shuffled,20260602.0
inaction/track_001449::inaction_skip_shuffle:seed20260602:sample17,inaction,inaction/track_001449,inaction_skip_shuffle_17,inaction_skip_shuffle,8,"[""inaction/track_001449/im000021_00-21-32.jpg"", ""inaction/track_001449/im000004_00-21-26.jpg"", ""inaction/track_001449/im000005_00-21-27.jpg"", ""inaction/track_001449/im000023_00-21-32.jpg"", ""inaction/track_001449/im000001_00-21-26.jpg"", ""inaction/track_001449/im000010_00-21-31.jpg"", ""inaction/track_001449/im000015_00-21-31.jpg"", ""inaction/track_001449/im000020_00-21-32.jpg""]","[20, 3, 4, 22, 0, 9, 14, 19]",inaction/track_001449,31,,,,shuffled,20260602.0
inaction/track_001449::inaction_skip_shuffle:seed20260602:sample18,inaction,inaction/track_001449,inaction_skip_shuffle_18,inaction_skip_shuffle,8,"[""inaction/track_001449/im000007_00-21-27.jpg"", ""inaction/track_001449/im000020_00-21-32.jpg"", ""inaction/track_001449/im000018_00-21-31.jpg"", ""inaction/track_001449/im000031_00-21-33.jpg"", ""inaction/track_001449/im000002_00-21-26.jpg"", ""inaction/track_001449/im000029_00-21-32.jpg"", ""inaction/track_001449/im000016_00-21-31.jpg"", ""inaction/track_001449/im000028_00-21-32.jpg""]","[6, 19, 17, 30, 1, 28, 15, 27]",inaction/track_001449,31,,,,shuffled,20260602.0
inaction/track_001449::inaction_skip_shuffle:seed20260602:sample19,inaction,inaction/track_001449,inaction_skip_shuffle_19,inaction_skip_shuffle,8,"[""inaction/track_001449/im000024_00-21-32.jpg"", ""inaction/track_001449/im000022_00-21-32.jpg"", ""inaction/track_001449/im000007_00-21-27.jpg"", ""inaction/track_001449/im000001_00-21-26.jpg"", ""inaction/track_001449/im000028_00-21-32.jpg"", ""inaction/track_001449/im000018_00-21-31.jpg"", ""inaction/track_001449/im000006_00-21-27.jpg"", ""inaction/track_001449/im000008_00-21-27.jpg""]","[23, 21, 6, 0, 27, 17, 5, 7]",inaction/track_001449,31,,,,shuffled,20260602.0
inaction/track_001449::inaction_skip_shuffle:seed20260602:sample20,inaction,inaction/track_001449,inaction_skip_shuffle_20,inaction_skip_shuffle,8,"[""inaction/track_001449/im000001_00-21-26.jpg"", ""inaction/track_001449/im000003_00-21-26.jpg"", ""inaction/track_001449/im000019_00-21-31.jpg"", ""inaction/track_001449/im000009_00-21-27.jpg"", ""inaction/track_001449/im000026_00-21-32.jpg"", ""inaction/track_001449/im000027_00-21-32.jpg"", ""inaction/track_001449/im000025_00-21-32.jpg"", ""inaction/track_001449/im000005_00-21-27.jpg""]","[0, 2, 18, 8, 25, 26, 24, 4]",inaction/track_001449,31,,,,shuffled,20260602.0
inaction/track_001449::inaction_skip_shuffle:seed20260602:sample21,inaction,inaction/track_001449,inaction_skip_shuffle_21,inaction_skip_shuffle,8,"[""inaction/track_001449/im000014_00-21-31.jpg"", ""inaction/track_001449/im000003_00-21-26.jpg"", ""inaction/track_001449/im000011_00-21-31.jpg"", ""inaction/track_001449/im000008_00-21-27.jpg"", ""inaction/track_001449/im000002_00-21-26.jpg"", ""inaction/track_001449/im000013_00-21-31.jpg"", ""inaction/track_001449/im000028_00-21-32.jpg"", ""inaction/track_001449/im000031_00-21-33.jpg""]","[13, 2, 10, 7, 1, 12, 27, 30]",inaction/track_001449,31,,,,shuffled,20260602.0
inaction/track_001449::inaction_skip_shuffle:seed20260602:sample22,inaction,inaction/track_001449,inaction_skip_shuffle_22,inaction_skip_shuffle,8,"[""inaction/track_001449/im000028_00-21-32.jpg"", ""inaction/track_001449/im000008_00-21-27.jpg"", ""inaction/track_001449/im000017_00-21-31.jpg"", ""inaction/track_001449/im000019_00-21-31.jpg"", ""inaction/track_001449/im000023_00-21-32.jpg"", ""inaction/track_001449/im000001_00-21-26.jpg"", ""inaction/track_001449/im000009_00-21-27.jpg"", ""inaction/track_001449/im000026_00-21-32.jpg""]","[27, 7, 16, 18, 22, 0, 8, 25]",inaction/track_001449,31,,,,shuffled,20260602.0
inaction/track_001449::inaction_skip_shuffle:seed20260602:sample23,inaction,inaction/track_001449,inaction_skip_shuffle_23,inaction_skip_shuffle,8,"[""inaction/track_001449/im000030_00-21-32.jpg"", ""inaction/track_001449/im000004_00-21-26.jpg"", ""inaction/track_001449/im000025_00-21-32.jpg"", ""inaction/track_001449/im000026_00-21-32.jpg"", ""inaction/track_001449/im000011_00-21-31.jpg"", ""inaction/track_001449/im000031_00-21-33.jpg"", ""inaction/track_001449/im000008_00-21-27.jpg"", ""inaction/track_001449/im000029_00-21-32.jpg""]","[29, 3, 24, 25, 10, 30, 7, 28]",inaction/track_001449,31,,,,shuffled,20260602.0
