sample_id,label,folder_rel,sample_kind,group_key,frame_index,rel_path
inaction/(10)::0,inaction,inaction/(10),prefixed_8,0,1,inaction/(10)/0_im1.jpg
inaction/(10)::0,inaction,inaction/(10),prefixed_8,0,2,inaction/(10)/0_im2.jpg
inaction/(10)::0,inaction,inaction/(10),prefixed_8,0,3,inaction/(10)/0_im3.jpg
inaction/(10)::0,inaction,inaction/(10),prefixed_8,0,4,inaction/(10)/0_im4.jpg
inaction/(10)::0,inaction,inaction/(10),prefixed_8,0,5,inaction/(10)/0_im5.jpg
inaction/(10)::0,inaction,inaction/(10),prefixed_8,0,6,inaction/(10)/0_im6.jpg
inaction/(10)::0,inaction,inaction/(10),prefixed_8,0,7,inaction/(10)/0_im7.jpg
inaction/(10)::0,inaction,inaction/(10),prefixed_8,0,8,inaction/(10)/0_im8.jpg
inaction/(10)::1,inaction,inaction/(10),prefixed_8,1,1,inaction/(10)/1_im1.jpg
inaction/(10)::1,inaction,inaction/(10),prefixed_8,1,2,inaction/(10)/1_im2.jpg
inaction/(10)::1,inaction,inaction/(10),prefixed_8,1,3,inaction/(10)/1_im3.jpg
inaction/(10)::1,inaction,inaction/(10),prefixed_8,1,4,inaction/(10)/1_im4.jpg
inaction/(10)::1,inaction,inaction/(10),prefixed_8,1,5,inaction/(10)/1_im5.jpg
inaction/(10)::1,inaction,inaction/(10),prefixed_8,1,6,inaction/(10)/1_im6.jpg
inaction/(10)::1,inaction,inaction/(10),prefixed_8,1,7,inaction/(10)/1_im7.jpg
inaction/(10)::1,inaction,inaction/(10),prefixed_8,1,8,inaction/(10)/1_im8.jpg
inaction/(10)::2,inaction,inaction/(10),prefixed_8,2,1,inaction/(10)/2_im1.jpg
inaction/(10)::2,inaction,inaction/(10),prefixed_8,2,2,inaction/(10)/2_im2.jpg
inaction/(10)::2,inaction,inaction/(10),prefixed_8,2,3,inaction/(10)/2_im3.jpg
inaction/(10)::2,inaction,inaction/(10),prefixed_8,2,4,inaction/(10)/2_im4.jpg
inaction/(10)::2,inaction,inaction/(10),prefixed_8,2,5,inaction/(10)/2_im5.jpg
inaction/(10)::2,inaction,inaction/(10),prefixed_8,2,6,inaction/(10)/2_im6.jpg
inaction/(10)::2,inaction,inaction/(10),prefixed_8,2,7,inaction/(10)/2_im7.jpg
inaction/(10)::2,inaction,inaction/(10),prefixed_8,2,8,inaction/(10)/2_im8.jpg
inaction/(10)::3,inaction,inaction/(10),prefixed_8,3,1,inaction/(10)/3_im1.jpg
inaction/(10)::3,inaction,inaction/(10),prefixed_8,3,2,inaction/(10)/3_im2.jpg
inaction/(10)::3,inaction,inaction/(10),prefixed_8,3,3,inaction/(10)/3_im3.jpg
inaction/(10)::3,inaction,inaction/(10),prefixed_8,3,4,inaction/(10)/3_im4.jpg
inaction/(10)::3,inaction,inaction/(10),prefixed_8,3,5,inaction/(10)/3_im5.jpg
inaction/(10)::3,inaction,inaction/(10),prefixed_8,3,6,inaction/(10)/3_im6.jpg
inaction/(10)::3,inaction,inaction/(10),prefixed_8,3,7,inaction/(10)/3_im7.jpg
inaction/(10)::3,inaction,inaction/(10),prefixed_8,3,8,inaction/(10)/3_im8.jpg
inaction/(11)::0,inaction,inaction/(11),prefixed_8,0,1,inaction/(11)/0_im1.jpg
inaction/(11)::0,inaction,inaction/(11),prefixed_8,0,2,inaction/(11)/0_im2.jpg
inaction/(11)::0,inaction,inaction/(11),prefixed_8,0,3,inaction/(11)/0_im3.jpg
inaction/(11)::0,inaction,inaction/(11),prefixed_8,0,4,inaction/(11)/0_im4.jpg
inaction/(11)::0,inaction,inaction/(11),prefixed_8,0,5,inaction/(11)/0_im5.jpg
inaction/(11)::0,inaction,inaction/(11),prefixed_8,0,6,inaction/(11)/0_im6.jpg
inaction/(11)::0,inaction,inaction/(11),prefixed_8,0,7,inaction/(11)/0_im7.jpg
inaction/(11)::0,inaction,inaction/(11),prefixed_8,0,8,inaction/(11)/0_im8.jpg
inaction/(11)::1,inaction,inaction/(11),prefixed_8,1,1,inaction/(11)/1_im1.jpg
inaction/(11)::1,inaction,inaction/(11),prefixed_8,1,2,inaction/(11)/1_im2.jpg
inaction/(11)::1,inaction,inaction/(11),prefixed_8,1,3,inaction/(11)/1_im3.jpg
inaction/(11)::1,inaction,inaction/(11),prefixed_8,1,4,inaction/(11)/1_im4.jpg
inaction/(11)::1,inaction,inaction/(11),prefixed_8,1,5,inaction/(11)/1_im5.jpg
inaction/(11)::1,inaction,inaction/(11),prefixed_8,1,6,inaction/(11)/1_im6.jpg
inaction/(11)::1,inaction,inaction/(11),prefixed_8,1,7,inaction/(11)/1_im7.jpg
inaction/(11)::1,inaction,inaction/(11),prefixed_8,1,8,inaction/(11)/1_im8.jpg
inaction/(12)::0,inaction,inaction/(12),prefixed_8,0,1,inaction/(12)/0_im1.jpg
inaction/(12)::0,inaction,inaction/(12),prefixed_8,0,2,inaction/(12)/0_im2.jpg
inaction/(12)::0,inaction,inaction/(12),prefixed_8,0,3,inaction/(12)/0_im3.jpg
inaction/(12)::0,inaction,inaction/(12),prefixed_8,0,4,inaction/(12)/0_im4.jpg
inaction/(12)::0,inaction,inaction/(12),prefixed_8,0,5,inaction/(12)/0_im5.jpg
inaction/(12)::0,inaction,inaction/(12),prefixed_8,0,6,inaction/(12)/0_im6.jpg
inaction/(12)::0,inaction,inaction/(12),prefixed_8,0,7,inaction/(12)/0_im7.jpg
inaction/(12)::0,inaction,inaction/(12),prefixed_8,0,8,inaction/(12)/0_im8.jpg
inaction/(12)::1,inaction,inaction/(12),prefixed_8,1,1,inaction/(12)/1_im1.jpg
inaction/(12)::1,inaction,inaction/(12),prefixed_8,1,2,inaction/(12)/1_im2.jpg
inaction/(12)::1,inaction,inaction/(12),prefixed_8,1,3,inaction/(12)/1_im3.jpg
inaction/(12)::1,inaction,inaction/(12),prefixed_8,1,4,inaction/(12)/1_im4.jpg
inaction/(12)::1,inaction,inaction/(12),prefixed_8,1,5,inaction/(12)/1_im5.jpg
inaction/(12)::1,inaction,inaction/(12),prefixed_8,1,6,inaction/(12)/1_im6.jpg
inaction/(12)::1,inaction,inaction/(12),prefixed_8,1,7,inaction/(12)/1_im7.jpg
inaction/(12)::1,inaction,inaction/(12),prefixed_8,1,8,inaction/(12)/1_im8.jpg
inaction/(13)::0,inaction,inaction/(13),prefixed_8,0,1,inaction/(13)/0_im1.jpg
inaction/(13)::0,inaction,inaction/(13),prefixed_8,0,2,inaction/(13)/0_im2.jpg
inaction/(13)::0,inaction,inaction/(13),prefixed_8,0,3,inaction/(13)/0_im3.jpg
inaction/(13)::0,inaction,inaction/(13),prefixed_8,0,4,inaction/(13)/0_im4.jpg
inaction/(13)::0,inaction,inaction/(13),prefixed_8,0,5,inaction/(13)/0_im5.jpg
inaction/(13)::0,inaction,inaction/(13),prefixed_8,0,6,inaction/(13)/0_im6.jpg
inaction/(13)::0,inaction,inaction/(13),prefixed_8,0,7,inaction/(13)/0_im7.jpg
inaction/(13)::0,inaction,inaction/(13),prefixed_8,0,8,inaction/(13)/0_im8.jpg
inaction/(13)::1,inaction,inaction/(13),prefixed_8,1,1,inaction/(13)/1_im1.jpg
inaction/(13)::1,inaction,inaction/(13),prefixed_8,1,2,inaction/(13)/1_im2.jpg
inaction/(13)::1,inaction,inaction/(13),prefixed_8,1,3,inaction/(13)/1_im3.jpg
inaction/(13)::1,inaction,inaction/(13),prefixed_8,1,4,inaction/(13)/1_im4.jpg
inaction/(13)::1,inaction,inaction/(13),prefixed_8,1,5,inaction/(13)/1_im5.jpg
inaction/(13)::1,inaction,inaction/(13),prefixed_8,1,6,inaction/(13)/1_im6.jpg
inaction/(13)::1,inaction,inaction/(13),prefixed_8,1,7,inaction/(13)/1_im7.jpg
inaction/(13)::1,inaction,inaction/(13),prefixed_8,1,8,inaction/(13)/1_im8.jpg
inaction/(3)::0,inaction,inaction/(3),prefixed_8,0,1,inaction/(3)/0_im1.jpg
inaction/(3)::0,inaction,inaction/(3),prefixed_8,0,2,inaction/(3)/0_im2.jpg
inaction/(3)::0,inaction,inaction/(3),prefixed_8,0,3,inaction/(3)/0_im3.jpg
inaction/(3)::0,inaction,inaction/(3),prefixed_8,0,4,inaction/(3)/0_im4.jpg
inaction/(3)::0,inaction,inaction/(3),prefixed_8,0,5,inaction/(3)/0_im5.jpg
inaction/(3)::0,inaction,inaction/(3),prefixed_8,0,6,inaction/(3)/0_im6.jpg
inaction/(3)::0,inaction,inaction/(3),prefixed_8,0,7,inaction/(3)/0_im7.jpg
inaction/(3)::0,inaction,inaction/(3),prefixed_8,0,8,inaction/(3)/0_im8.jpg
inaction/(3)::1,inaction,inaction/(3),prefixed_8,1,1,inaction/(3)/1_im1.jpg
inaction/(3)::1,inaction,inaction/(3),prefixed_8,1,2,inaction/(3)/1_im2.jpg
inaction/(3)::1,inaction,inaction/(3),prefixed_8,1,3,inaction/(3)/1_im3.jpg
inaction/(3)::1,inaction,inaction/(3),prefixed_8,1,4,inaction/(3)/1_im4.jpg
inaction/(3)::1,inaction,inaction/(3),prefixed_8,1,5,inaction/(3)/1_im5.jpg
inaction/(3)::1,inaction,inaction/(3),prefixed_8,1,6,inaction/(3)/1_im6.jpg
inaction/(3)::1,inaction,inaction/(3),prefixed_8,1,7,inaction/(3)/1_im7.jpg
inaction/(3)::1,inaction,inaction/(3),prefixed_8,1,8,inaction/(3)/1_im8.jpg
inaction/(3)::10,inaction,inaction/(3),prefixed_8,10,1,inaction/(3)/10_im1.jpg
inaction/(3)::10,inaction,inaction/(3),prefixed_8,10,2,inaction/(3)/10_im2.jpg
inaction/(3)::10,inaction,inaction/(3),prefixed_8,10,3,inaction/(3)/10_im3.jpg
inaction/(3)::10,inaction,inaction/(3),prefixed_8,10,4,inaction/(3)/10_im4.jpg
inaction/(3)::10,inaction,inaction/(3),prefixed_8,10,5,inaction/(3)/10_im5.jpg
inaction/(3)::10,inaction,inaction/(3),prefixed_8,10,6,inaction/(3)/10_im6.jpg
inaction/(3)::10,inaction,inaction/(3),prefixed_8,10,7,inaction/(3)/10_im7.jpg
inaction/(3)::10,inaction,inaction/(3),prefixed_8,10,8,inaction/(3)/10_im8.jpg
inaction/(3)::11,inaction,inaction/(3),prefixed_8,11,1,inaction/(3)/11_im1.jpg
inaction/(3)::11,inaction,inaction/(3),prefixed_8,11,2,inaction/(3)/11_im2.jpg
inaction/(3)::11,inaction,inaction/(3),prefixed_8,11,3,inaction/(3)/11_im3.jpg
inaction/(3)::11,inaction,inaction/(3),prefixed_8,11,4,inaction/(3)/11_im4.jpg
inaction/(3)::11,inaction,inaction/(3),prefixed_8,11,5,inaction/(3)/11_im5.jpg
inaction/(3)::11,inaction,inaction/(3),prefixed_8,11,6,inaction/(3)/11_im6.jpg
inaction/(3)::11,inaction,inaction/(3),prefixed_8,11,7,inaction/(3)/11_im7.jpg
inaction/(3)::11,inaction,inaction/(3),prefixed_8,11,8,inaction/(3)/11_im8.jpg
inaction/(3)::12,inaction,inaction/(3),prefixed_8,12,1,inaction/(3)/12_im1.jpg
inaction/(3)::12,inaction,inaction/(3),prefixed_8,12,2,inaction/(3)/12_im2.jpg
inaction/(3)::12,inaction,inaction/(3),prefixed_8,12,3,inaction/(3)/12_im3.jpg
inaction/(3)::12,inaction,inaction/(3),prefixed_8,12,4,inaction/(3)/12_im4.jpg
inaction/(3)::12,inaction,inaction/(3),prefixed_8,12,5,inaction/(3)/12_im5.jpg
inaction/(3)::12,inaction,inaction/(3),prefixed_8,12,6,inaction/(3)/12_im6.jpg
inaction/(3)::12,inaction,inaction/(3),prefixed_8,12,7,inaction/(3)/12_im7.jpg
inaction/(3)::12,inaction,inaction/(3),prefixed_8,12,8,inaction/(3)/12_im8.jpg
inaction/(3)::13,inaction,inaction/(3),prefixed_8,13,1,inaction/(3)/13_im1.jpg
inaction/(3)::13,inaction,inaction/(3),prefixed_8,13,2,inaction/(3)/13_im2.jpg
inaction/(3)::13,inaction,inaction/(3),prefixed_8,13,3,inaction/(3)/13_im3.jpg
inaction/(3)::13,inaction,inaction/(3),prefixed_8,13,4,inaction/(3)/13_im4.jpg
inaction/(3)::13,inaction,inaction/(3),prefixed_8,13,5,inaction/(3)/13_im5.jpg
inaction/(3)::13,inaction,inaction/(3),prefixed_8,13,6,inaction/(3)/13_im6.jpg
inaction/(3)::13,inaction,inaction/(3),prefixed_8,13,7,inaction/(3)/13_im7.jpg
inaction/(3)::13,inaction,inaction/(3),prefixed_8,13,8,inaction/(3)/13_im8.jpg
inaction/(3)::14,inaction,inaction/(3),prefixed_8,14,1,inaction/(3)/14_im1.jpg
inaction/(3)::14,inaction,inaction/(3),prefixed_8,14,2,inaction/(3)/14_im2.jpg
inaction/(3)::14,inaction,inaction/(3),prefixed_8,14,3,inaction/(3)/14_im3.jpg
inaction/(3)::14,inaction,inaction/(3),prefixed_8,14,4,inaction/(3)/14_im4.jpg
inaction/(3)::14,inaction,inaction/(3),prefixed_8,14,5,inaction/(3)/14_im5.jpg
inaction/(3)::14,inaction,inaction/(3),prefixed_8,14,6,inaction/(3)/14_im6.jpg
inaction/(3)::14,inaction,inaction/(3),prefixed_8,14,7,inaction/(3)/14_im7.jpg
inaction/(3)::14,inaction,inaction/(3),prefixed_8,14,8,inaction/(3)/14_im8.jpg
inaction/(3)::15,inaction,inaction/(3),prefixed_8,15,1,inaction/(3)/15_im1.jpg
inaction/(3)::15,inaction,inaction/(3),prefixed_8,15,2,inaction/(3)/15_im2.jpg
inaction/(3)::15,inaction,inaction/(3),prefixed_8,15,3,inaction/(3)/15_im3.jpg
inaction/(3)::15,inaction,inaction/(3),prefixed_8,15,4,inaction/(3)/15_im4.jpg
inaction/(3)::15,inaction,inaction/(3),prefixed_8,15,5,inaction/(3)/15_im5.jpg
inaction/(3)::15,inaction,inaction/(3),prefixed_8,15,6,inaction/(3)/15_im6.jpg
inaction/(3)::15,inaction,inaction/(3),prefixed_8,15,7,inaction/(3)/15_im7.jpg
inaction/(3)::15,inaction,inaction/(3),prefixed_8,15,8,inaction/(3)/15_im8.jpg
inaction/(3)::2,inaction,inaction/(3),prefixed_8,2,1,inaction/(3)/2_im1.jpg
inaction/(3)::2,inaction,inaction/(3),prefixed_8,2,2,inaction/(3)/2_im2.jpg
inaction/(3)::2,inaction,inaction/(3),prefixed_8,2,3,inaction/(3)/2_im3.jpg
inaction/(3)::2,inaction,inaction/(3),prefixed_8,2,4,inaction/(3)/2_im4.jpg
inaction/(3)::2,inaction,inaction/(3),prefixed_8,2,5,inaction/(3)/2_im5.jpg
inaction/(3)::2,inaction,inaction/(3),prefixed_8,2,6,inaction/(3)/2_im6.jpg
inaction/(3)::2,inaction,inaction/(3),prefixed_8,2,7,inaction/(3)/2_im7.jpg
inaction/(3)::2,inaction,inaction/(3),prefixed_8,2,8,inaction/(3)/2_im8.jpg
inaction/(3)::3,inaction,inaction/(3),prefixed_8,3,1,inaction/(3)/3_im1.jpg
inaction/(3)::3,inaction,inaction/(3),prefixed_8,3,2,inaction/(3)/3_im2.jpg
inaction/(3)::3,inaction,inaction/(3),prefixed_8,3,3,inaction/(3)/3_im3.jpg
inaction/(3)::3,inaction,inaction/(3),prefixed_8,3,4,inaction/(3)/3_im4.jpg
inaction/(3)::3,inaction,inaction/(3),prefixed_8,3,5,inaction/(3)/3_im5.jpg
inaction/(3)::3,inaction,inaction/(3),prefixed_8,3,6,inaction/(3)/3_im6.jpg
inaction/(3)::3,inaction,inaction/(3),prefixed_8,3,7,inaction/(3)/3_im7.jpg
inaction/(3)::3,inaction,inaction/(3),prefixed_8,3,8,inaction/(3)/3_im8.jpg
inaction/(3)::4,inaction,inaction/(3),prefixed_8,4,1,inaction/(3)/4_im1.jpg
inaction/(3)::4,inaction,inaction/(3),prefixed_8,4,2,inaction/(3)/4_im2.jpg
inaction/(3)::4,inaction,inaction/(3),prefixed_8,4,3,inaction/(3)/4_im3.jpg
inaction/(3)::4,inaction,inaction/(3),prefixed_8,4,4,inaction/(3)/4_im4.jpg
inaction/(3)::4,inaction,inaction/(3),prefixed_8,4,5,inaction/(3)/4_im5.jpg
inaction/(3)::4,inaction,inaction/(3),prefixed_8,4,6,inaction/(3)/4_im6.jpg
inaction/(3)::4,inaction,inaction/(3),prefixed_8,4,7,inaction/(3)/4_im7.jpg
inaction/(3)::4,inaction,inaction/(3),prefixed_8,4,8,inaction/(3)/4_im8.jpg
inaction/(3)::5,inaction,inaction/(3),prefixed_8,5,1,inaction/(3)/5_im1.jpg
inaction/(3)::5,inaction,inaction/(3),prefixed_8,5,2,inaction/(3)/5_im2.jpg
inaction/(3)::5,inaction,inaction/(3),prefixed_8,5,3,inaction/(3)/5_im3.jpg
inaction/(3)::5,inaction,inaction/(3),prefixed_8,5,4,inaction/(3)/5_im4.jpg
inaction/(3)::5,inaction,inaction/(3),prefixed_8,5,5,inaction/(3)/5_im5.jpg
inaction/(3)::5,inaction,inaction/(3),prefixed_8,5,6,inaction/(3)/5_im6.jpg
inaction/(3)::5,inaction,inaction/(3),prefixed_8,5,7,inaction/(3)/5_im7.jpg
inaction/(3)::5,inaction,inaction/(3),prefixed_8,5,8,inaction/(3)/5_im8.jpg
inaction/(3)::6,inaction,inaction/(3),prefixed_8,6,1,inaction/(3)/6_im1.jpg
inaction/(3)::6,inaction,inaction/(3),prefixed_8,6,2,inaction/(3)/6_im2.jpg
inaction/(3)::6,inaction,inaction/(3),prefixed_8,6,3,inaction/(3)/6_im3.jpg
inaction/(3)::6,inaction,inaction/(3),prefixed_8,6,4,inaction/(3)/6_im4.jpg
inaction/(3)::6,inaction,inaction/(3),prefixed_8,6,5,inaction/(3)/6_im5.jpg
inaction/(3)::6,inaction,inaction/(3),prefixed_8,6,6,inaction/(3)/6_im6.jpg
inaction/(3)::6,inaction,inaction/(3),prefixed_8,6,7,inaction/(3)/6_im7.jpg
inaction/(3)::6,inaction,inaction/(3),prefixed_8,6,8,inaction/(3)/6_im8.jpg
inaction/(3)::7,inaction,inaction/(3),prefixed_8,7,1,inaction/(3)/7_im1.jpg
inaction/(3)::7,inaction,inaction/(3),prefixed_8,7,2,inaction/(3)/7_im2.jpg
inaction/(3)::7,inaction,inaction/(3),prefixed_8,7,3,inaction/(3)/7_im3.jpg
inaction/(3)::7,inaction,inaction/(3),prefixed_8,7,4,inaction/(3)/7_im4.jpg
inaction/(3)::7,inaction,inaction/(3),prefixed_8,7,5,inaction/(3)/7_im5.jpg
inaction/(3)::7,inaction,inaction/(3),prefixed_8,7,6,inaction/(3)/7_im6.jpg
inaction/(3)::7,inaction,inaction/(3),prefixed_8,7,7,inaction/(3)/7_im7.jpg
inaction/(3)::7,inaction,inaction/(3),prefixed_8,7,8,inaction/(3)/7_im8.jpg
inaction/(3)::8,inaction,inaction/(3),prefixed_8,8,1,inaction/(3)/8_im1.jpg
inaction/(3)::8,inaction,inaction/(3),prefixed_8,8,2,inaction/(3)/8_im2.jpg
inaction/(3)::8,inaction,inaction/(3),prefixed_8,8,3,inaction/(3)/8_im3.jpg
inaction/(3)::8,inaction,inaction/(3),prefixed_8,8,4,inaction/(3)/8_im4.jpg
inaction/(3)::8,inaction,inaction/(3),prefixed_8,8,5,inaction/(3)/8_im5.jpg
inaction/(3)::8,inaction,inaction/(3),prefixed_8,8,6,inaction/(3)/8_im6.jpg
inaction/(3)::8,inaction,inaction/(3),prefixed_8,8,7,inaction/(3)/8_im7.jpg
inaction/(3)::8,inaction,inaction/(3),prefixed_8,8,8,inaction/(3)/8_im8.jpg
inaction/(3)::9,inaction,inaction/(3),prefixed_8,9,1,inaction/(3)/9_im1.jpg
inaction/(3)::9,inaction,inaction/(3),prefixed_8,9,2,inaction/(3)/9_im2.jpg
inaction/(3)::9,inaction,inaction/(3),prefixed_8,9,3,inaction/(3)/9_im3.jpg
inaction/(3)::9,inaction,inaction/(3),prefixed_8,9,4,inaction/(3)/9_im4.jpg
inaction/(3)::9,inaction,inaction/(3),prefixed_8,9,5,inaction/(3)/9_im5.jpg
inaction/(3)::9,inaction,inaction/(3),prefixed_8,9,6,inaction/(3)/9_im6.jpg
inaction/(3)::9,inaction,inaction/(3),prefixed_8,9,7,inaction/(3)/9_im7.jpg
inaction/(3)::9,inaction,inaction/(3),prefixed_8,9,8,inaction/(3)/9_im8.jpg
inaction/(4)::0,inaction,inaction/(4),prefixed_8,0,1,inaction/(4)/0_im1.jpg
inaction/(4)::0,inaction,inaction/(4),prefixed_8,0,2,inaction/(4)/0_im2.jpg
inaction/(4)::0,inaction,inaction/(4),prefixed_8,0,3,inaction/(4)/0_im3.jpg
inaction/(4)::0,inaction,inaction/(4),prefixed_8,0,4,inaction/(4)/0_im4.jpg
inaction/(4)::0,inaction,inaction/(4),prefixed_8,0,5,inaction/(4)/0_im5.jpg
inaction/(4)::0,inaction,inaction/(4),prefixed_8,0,6,inaction/(4)/0_im6.jpg
inaction/(4)::0,inaction,inaction/(4),prefixed_8,0,7,inaction/(4)/0_im7.jpg
inaction/(4)::0,inaction,inaction/(4),prefixed_8,0,8,inaction/(4)/0_im8.jpg
inaction/(4)::1,inaction,inaction/(4),prefixed_8,1,1,inaction/(4)/1_im1.jpg
inaction/(4)::1,inaction,inaction/(4),prefixed_8,1,2,inaction/(4)/1_im2.jpg
inaction/(4)::1,inaction,inaction/(4),prefixed_8,1,3,inaction/(4)/1_im3.jpg
inaction/(4)::1,inaction,inaction/(4),prefixed_8,1,4,inaction/(4)/1_im4.jpg
inaction/(4)::1,inaction,inaction/(4),prefixed_8,1,5,inaction/(4)/1_im5.jpg
inaction/(4)::1,inaction,inaction/(4),prefixed_8,1,6,inaction/(4)/1_im6.jpg
inaction/(4)::1,inaction,inaction/(4),prefixed_8,1,7,inaction/(4)/1_im7.jpg
inaction/(4)::1,inaction,inaction/(4),prefixed_8,1,8,inaction/(4)/1_im8.jpg
inaction/(4)::2,inaction,inaction/(4),prefixed_8,2,1,inaction/(4)/2_im1.jpg
inaction/(4)::2,inaction,inaction/(4),prefixed_8,2,2,inaction/(4)/2_im2.jpg
inaction/(4)::2,inaction,inaction/(4),prefixed_8,2,3,inaction/(4)/2_im3.jpg
inaction/(4)::2,inaction,inaction/(4),prefixed_8,2,4,inaction/(4)/2_im4.jpg
inaction/(4)::2,inaction,inaction/(4),prefixed_8,2,5,inaction/(4)/2_im5.jpg
inaction/(4)::2,inaction,inaction/(4),prefixed_8,2,6,inaction/(4)/2_im6.jpg
inaction/(4)::2,inaction,inaction/(4),prefixed_8,2,7,inaction/(4)/2_im7.jpg
inaction/(4)::2,inaction,inaction/(4),prefixed_8,2,8,inaction/(4)/2_im8.jpg
inaction/(5)::0,inaction,inaction/(5),prefixed_8,0,1,inaction/(5)/0_im1.jpg
inaction/(5)::0,inaction,inaction/(5),prefixed_8,0,2,inaction/(5)/0_im2.jpg
inaction/(5)::0,inaction,inaction/(5),prefixed_8,0,3,inaction/(5)/0_im3.jpg
inaction/(5)::0,inaction,inaction/(5),prefixed_8,0,4,inaction/(5)/0_im4.jpg
inaction/(5)::0,inaction,inaction/(5),prefixed_8,0,5,inaction/(5)/0_im5.jpg
inaction/(5)::0,inaction,inaction/(5),prefixed_8,0,6,inaction/(5)/0_im6.jpg
inaction/(5)::0,inaction,inaction/(5),prefixed_8,0,7,inaction/(5)/0_im7.jpg
inaction/(5)::0,inaction,inaction/(5),prefixed_8,0,8,inaction/(5)/0_im8.jpg
inaction/(5)::1,inaction,inaction/(5),prefixed_8,1,1,inaction/(5)/1_im1.jpg
inaction/(5)::1,inaction,inaction/(5),prefixed_8,1,2,inaction/(5)/1_im2.jpg
inaction/(5)::1,inaction,inaction/(5),prefixed_8,1,3,inaction/(5)/1_im3.jpg
inaction/(5)::1,inaction,inaction/(5),prefixed_8,1,4,inaction/(5)/1_im4.jpg
inaction/(5)::1,inaction,inaction/(5),prefixed_8,1,5,inaction/(5)/1_im5.jpg
inaction/(5)::1,inaction,inaction/(5),prefixed_8,1,6,inaction/(5)/1_im6.jpg
inaction/(5)::1,inaction,inaction/(5),prefixed_8,1,7,inaction/(5)/1_im7.jpg
inaction/(5)::1,inaction,inaction/(5),prefixed_8,1,8,inaction/(5)/1_im8.jpg
inaction/(6)::0,inaction,inaction/(6),prefixed_8,0,1,inaction/(6)/0_im1.jpg
inaction/(6)::0,inaction,inaction/(6),prefixed_8,0,2,inaction/(6)/0_im2.jpg
inaction/(6)::0,inaction,inaction/(6),prefixed_8,0,3,inaction/(6)/0_im3.jpg
inaction/(6)::0,inaction,inaction/(6),prefixed_8,0,4,inaction/(6)/0_im4.jpg
inaction/(6)::0,inaction,inaction/(6),prefixed_8,0,5,inaction/(6)/0_im5.jpg
inaction/(6)::0,inaction,inaction/(6),prefixed_8,0,6,inaction/(6)/0_im6.jpg
inaction/(6)::0,inaction,inaction/(6),prefixed_8,0,7,inaction/(6)/0_im7.jpg
inaction/(6)::0,inaction,inaction/(6),prefixed_8,0,8,inaction/(6)/0_im8.jpg
inaction/(6)::1,inaction,inaction/(6),prefixed_8,1,1,inaction/(6)/1_im1.jpg
inaction/(6)::1,inaction,inaction/(6),prefixed_8,1,2,inaction/(6)/1_im2.jpg
inaction/(6)::1,inaction,inaction/(6),prefixed_8,1,3,inaction/(6)/1_im3.jpg
inaction/(6)::1,inaction,inaction/(6),prefixed_8,1,4,inaction/(6)/1_im4.jpg
inaction/(6)::1,inaction,inaction/(6),prefixed_8,1,5,inaction/(6)/1_im5.jpg
inaction/(6)::1,inaction,inaction/(6),prefixed_8,1,6,inaction/(6)/1_im6.jpg
inaction/(6)::1,inaction,inaction/(6),prefixed_8,1,7,inaction/(6)/1_im7.jpg
inaction/(6)::1,inaction,inaction/(6),prefixed_8,1,8,inaction/(6)/1_im8.jpg
inaction/(6)::2,inaction,inaction/(6),prefixed_8,2,1,inaction/(6)/2_im1.jpg
inaction/(6)::2,inaction,inaction/(6),prefixed_8,2,2,inaction/(6)/2_im2.jpg
inaction/(6)::2,inaction,inaction/(6),prefixed_8,2,3,inaction/(6)/2_im3.jpg
inaction/(6)::2,inaction,inaction/(6),prefixed_8,2,4,inaction/(6)/2_im4.jpg
inaction/(6)::2,inaction,inaction/(6),prefixed_8,2,5,inaction/(6)/2_im5.jpg
inaction/(6)::2,inaction,inaction/(6),prefixed_8,2,6,inaction/(6)/2_im6.jpg
inaction/(6)::2,inaction,inaction/(6),prefixed_8,2,7,inaction/(6)/2_im7.jpg
inaction/(6)::2,inaction,inaction/(6),prefixed_8,2,8,inaction/(6)/2_im8.jpg
inaction/(7)::0,inaction,inaction/(7),prefixed_8,0,1,inaction/(7)/0_im1.jpg
inaction/(7)::0,inaction,inaction/(7),prefixed_8,0,2,inaction/(7)/0_im2.jpg
inaction/(7)::0,inaction,inaction/(7),prefixed_8,0,3,inaction/(7)/0_im3.jpg
inaction/(7)::0,inaction,inaction/(7),prefixed_8,0,4,inaction/(7)/0_im4.jpg
inaction/(7)::0,inaction,inaction/(7),prefixed_8,0,5,inaction/(7)/0_im5.jpg
inaction/(7)::0,inaction,inaction/(7),prefixed_8,0,6,inaction/(7)/0_im6.jpg
inaction/(7)::0,inaction,inaction/(7),prefixed_8,0,7,inaction/(7)/0_im7.jpg
inaction/(7)::0,inaction,inaction/(7),prefixed_8,0,8,inaction/(7)/0_im8.jpg
inaction/(7)::1,inaction,inaction/(7),prefixed_8,1,1,inaction/(7)/1_im1.jpg
inaction/(7)::1,inaction,inaction/(7),prefixed_8,1,2,inaction/(7)/1_im2.jpg
inaction/(7)::1,inaction,inaction/(7),prefixed_8,1,3,inaction/(7)/1_im3.jpg
inaction/(7)::1,inaction,inaction/(7),prefixed_8,1,4,inaction/(7)/1_im4.jpg
inaction/(7)::1,inaction,inaction/(7),prefixed_8,1,5,inaction/(7)/1_im5.jpg
inaction/(7)::1,inaction,inaction/(7),prefixed_8,1,6,inaction/(7)/1_im6.jpg
inaction/(7)::1,inaction,inaction/(7),prefixed_8,1,7,inaction/(7)/1_im7.jpg
inaction/(7)::1,inaction,inaction/(7),prefixed_8,1,8,inaction/(7)/1_im8.jpg
inaction/(7)::10,inaction,inaction/(7),prefixed_8,10,1,inaction/(7)/10_im1.jpg
inaction/(7)::10,inaction,inaction/(7),prefixed_8,10,2,inaction/(7)/10_im2.jpg
inaction/(7)::10,inaction,inaction/(7),prefixed_8,10,3,inaction/(7)/10_im3.jpg
inaction/(7)::10,inaction,inaction/(7),prefixed_8,10,4,inaction/(7)/10_im4.jpg
inaction/(7)::10,inaction,inaction/(7),prefixed_8,10,5,inaction/(7)/10_im5.jpg
inaction/(7)::10,inaction,inaction/(7),prefixed_8,10,6,inaction/(7)/10_im6.jpg
inaction/(7)::10,inaction,inaction/(7),prefixed_8,10,7,inaction/(7)/10_im7.jpg
inaction/(7)::10,inaction,inaction/(7),prefixed_8,10,8,inaction/(7)/10_im8.jpg
inaction/(7)::11,inaction,inaction/(7),prefixed_8,11,1,inaction/(7)/11_im1.jpg
inaction/(7)::11,inaction,inaction/(7),prefixed_8,11,2,inaction/(7)/11_im2.jpg
inaction/(7)::11,inaction,inaction/(7),prefixed_8,11,3,inaction/(7)/11_im3.jpg
inaction/(7)::11,inaction,inaction/(7),prefixed_8,11,4,inaction/(7)/11_im4.jpg
inaction/(7)::11,inaction,inaction/(7),prefixed_8,11,5,inaction/(7)/11_im5.jpg
inaction/(7)::11,inaction,inaction/(7),prefixed_8,11,6,inaction/(7)/11_im6.jpg
inaction/(7)::11,inaction,inaction/(7),prefixed_8,11,7,inaction/(7)/11_im7.jpg
inaction/(7)::11,inaction,inaction/(7),prefixed_8,11,8,inaction/(7)/11_im8.jpg
inaction/(7)::12,inaction,inaction/(7),prefixed_8,12,1,inaction/(7)/12_im1.jpg
inaction/(7)::12,inaction,inaction/(7),prefixed_8,12,2,inaction/(7)/12_im2.jpg
inaction/(7)::12,inaction,inaction/(7),prefixed_8,12,3,inaction/(7)/12_im3.jpg
inaction/(7)::12,inaction,inaction/(7),prefixed_8,12,4,inaction/(7)/12_im4.jpg
inaction/(7)::12,inaction,inaction/(7),prefixed_8,12,5,inaction/(7)/12_im5.jpg
inaction/(7)::12,inaction,inaction/(7),prefixed_8,12,6,inaction/(7)/12_im6.jpg
inaction/(7)::12,inaction,inaction/(7),prefixed_8,12,7,inaction/(7)/12_im7.jpg
inaction/(7)::12,inaction,inaction/(7),prefixed_8,12,8,inaction/(7)/12_im8.jpg
inaction/(7)::13,inaction,inaction/(7),prefixed_8,13,1,inaction/(7)/13_im1.jpg
inaction/(7)::13,inaction,inaction/(7),prefixed_8,13,2,inaction/(7)/13_im2.jpg
inaction/(7)::13,inaction,inaction/(7),prefixed_8,13,3,inaction/(7)/13_im3.jpg
inaction/(7)::13,inaction,inaction/(7),prefixed_8,13,4,inaction/(7)/13_im4.jpg
inaction/(7)::13,inaction,inaction/(7),prefixed_8,13,5,inaction/(7)/13_im5.jpg
inaction/(7)::13,inaction,inaction/(7),prefixed_8,13,6,inaction/(7)/13_im6.jpg
inaction/(7)::13,inaction,inaction/(7),prefixed_8,13,7,inaction/(7)/13_im7.jpg
inaction/(7)::13,inaction,inaction/(7),prefixed_8,13,8,inaction/(7)/13_im8.jpg
inaction/(7)::14,inaction,inaction/(7),prefixed_8,14,1,inaction/(7)/14_im1.jpg
inaction/(7)::14,inaction,inaction/(7),prefixed_8,14,2,inaction/(7)/14_im2.jpg
inaction/(7)::14,inaction,inaction/(7),prefixed_8,14,3,inaction/(7)/14_im3.jpg
inaction/(7)::14,inaction,inaction/(7),prefixed_8,14,4,inaction/(7)/14_im4.jpg
inaction/(7)::14,inaction,inaction/(7),prefixed_8,14,5,inaction/(7)/14_im5.jpg
inaction/(7)::14,inaction,inaction/(7),prefixed_8,14,6,inaction/(7)/14_im6.jpg
inaction/(7)::14,inaction,inaction/(7),prefixed_8,14,7,inaction/(7)/14_im7.jpg
inaction/(7)::14,inaction,inaction/(7),prefixed_8,14,8,inaction/(7)/14_im8.jpg
inaction/(7)::15,inaction,inaction/(7),prefixed_8,15,1,inaction/(7)/15_im1.jpg
inaction/(7)::15,inaction,inaction/(7),prefixed_8,15,2,inaction/(7)/15_im2.jpg
inaction/(7)::15,inaction,inaction/(7),prefixed_8,15,3,inaction/(7)/15_im3.jpg
inaction/(7)::15,inaction,inaction/(7),prefixed_8,15,4,inaction/(7)/15_im4.jpg
inaction/(7)::15,inaction,inaction/(7),prefixed_8,15,5,inaction/(7)/15_im5.jpg
inaction/(7)::15,inaction,inaction/(7),prefixed_8,15,6,inaction/(7)/15_im6.jpg
inaction/(7)::15,inaction,inaction/(7),prefixed_8,15,7,inaction/(7)/15_im7.jpg
inaction/(7)::15,inaction,inaction/(7),prefixed_8,15,8,inaction/(7)/15_im8.jpg
inaction/(7)::16,inaction,inaction/(7),prefixed_8,16,1,inaction/(7)/16_im1.jpg
inaction/(7)::16,inaction,inaction/(7),prefixed_8,16,2,inaction/(7)/16_im2.jpg
inaction/(7)::16,inaction,inaction/(7),prefixed_8,16,3,inaction/(7)/16_im3.jpg
inaction/(7)::16,inaction,inaction/(7),prefixed_8,16,4,inaction/(7)/16_im4.jpg
inaction/(7)::16,inaction,inaction/(7),prefixed_8,16,5,inaction/(7)/16_im5.jpg
inaction/(7)::16,inaction,inaction/(7),prefixed_8,16,6,inaction/(7)/16_im6.jpg
inaction/(7)::16,inaction,inaction/(7),prefixed_8,16,7,inaction/(7)/16_im7.jpg
inaction/(7)::16,inaction,inaction/(7),prefixed_8,16,8,inaction/(7)/16_im8.jpg
inaction/(7)::17,inaction,inaction/(7),prefixed_8,17,1,inaction/(7)/17_im1.jpg
inaction/(7)::17,inaction,inaction/(7),prefixed_8,17,2,inaction/(7)/17_im2.jpg
inaction/(7)::17,inaction,inaction/(7),prefixed_8,17,3,inaction/(7)/17_im3.jpg
inaction/(7)::17,inaction,inaction/(7),prefixed_8,17,4,inaction/(7)/17_im4.jpg
inaction/(7)::17,inaction,inaction/(7),prefixed_8,17,5,inaction/(7)/17_im5.jpg
inaction/(7)::17,inaction,inaction/(7),prefixed_8,17,6,inaction/(7)/17_im6.jpg
inaction/(7)::17,inaction,inaction/(7),prefixed_8,17,7,inaction/(7)/17_im7.jpg
inaction/(7)::17,inaction,inaction/(7),prefixed_8,17,8,inaction/(7)/17_im8.jpg
inaction/(7)::2,inaction,inaction/(7),prefixed_8,2,1,inaction/(7)/2_im1.jpg
inaction/(7)::2,inaction,inaction/(7),prefixed_8,2,2,inaction/(7)/2_im2.jpg
inaction/(7)::2,inaction,inaction/(7),prefixed_8,2,3,inaction/(7)/2_im3.jpg
inaction/(7)::2,inaction,inaction/(7),prefixed_8,2,4,inaction/(7)/2_im4.jpg
inaction/(7)::2,inaction,inaction/(7),prefixed_8,2,5,inaction/(7)/2_im5.jpg
inaction/(7)::2,inaction,inaction/(7),prefixed_8,2,6,inaction/(7)/2_im6.jpg
inaction/(7)::2,inaction,inaction/(7),prefixed_8,2,7,inaction/(7)/2_im7.jpg
inaction/(7)::2,inaction,inaction/(7),prefixed_8,2,8,inaction/(7)/2_im8.jpg
inaction/(7)::3,inaction,inaction/(7),prefixed_8,3,1,inaction/(7)/3_im1.jpg
inaction/(7)::3,inaction,inaction/(7),prefixed_8,3,2,inaction/(7)/3_im2.jpg
inaction/(7)::3,inaction,inaction/(7),prefixed_8,3,3,inaction/(7)/3_im3.jpg
inaction/(7)::3,inaction,inaction/(7),prefixed_8,3,4,inaction/(7)/3_im4.jpg
inaction/(7)::3,inaction,inaction/(7),prefixed_8,3,5,inaction/(7)/3_im5.jpg
inaction/(7)::3,inaction,inaction/(7),prefixed_8,3,6,inaction/(7)/3_im6.jpg
inaction/(7)::3,inaction,inaction/(7),prefixed_8,3,7,inaction/(7)/3_im7.jpg
inaction/(7)::3,inaction,inaction/(7),prefixed_8,3,8,inaction/(7)/3_im8.jpg
inaction/(7)::4,inaction,inaction/(7),prefixed_8,4,1,inaction/(7)/4_im1.jpg
inaction/(7)::4,inaction,inaction/(7),prefixed_8,4,2,inaction/(7)/4_im2.jpg
inaction/(7)::4,inaction,inaction/(7),prefixed_8,4,3,inaction/(7)/4_im3.jpg
inaction/(7)::4,inaction,inaction/(7),prefixed_8,4,4,inaction/(7)/4_im4.jpg
inaction/(7)::4,inaction,inaction/(7),prefixed_8,4,5,inaction/(7)/4_im5.jpg
inaction/(7)::4,inaction,inaction/(7),prefixed_8,4,6,inaction/(7)/4_im6.jpg
inaction/(7)::4,inaction,inaction/(7),prefixed_8,4,7,inaction/(7)/4_im7.jpg
inaction/(7)::4,inaction,inaction/(7),prefixed_8,4,8,inaction/(7)/4_im8.jpg
inaction/(7)::5,inaction,inaction/(7),prefixed_8,5,1,inaction/(7)/5_im1.jpg
inaction/(7)::5,inaction,inaction/(7),prefixed_8,5,2,inaction/(7)/5_im2.jpg
inaction/(7)::5,inaction,inaction/(7),prefixed_8,5,3,inaction/(7)/5_im3.jpg
inaction/(7)::5,inaction,inaction/(7),prefixed_8,5,4,inaction/(7)/5_im4.jpg
inaction/(7)::5,inaction,inaction/(7),prefixed_8,5,5,inaction/(7)/5_im5.jpg
inaction/(7)::5,inaction,inaction/(7),prefixed_8,5,6,inaction/(7)/5_im6.jpg
inaction/(7)::5,inaction,inaction/(7),prefixed_8,5,7,inaction/(7)/5_im7.jpg
inaction/(7)::5,inaction,inaction/(7),prefixed_8,5,8,inaction/(7)/5_im8.jpg
inaction/(7)::6,inaction,inaction/(7),prefixed_8,6,1,inaction/(7)/6_im1.jpg
inaction/(7)::6,inaction,inaction/(7),prefixed_8,6,2,inaction/(7)/6_im2.jpg
inaction/(7)::6,inaction,inaction/(7),prefixed_8,6,3,inaction/(7)/6_im3.jpg
inaction/(7)::6,inaction,inaction/(7),prefixed_8,6,4,inaction/(7)/6_im4.jpg
inaction/(7)::6,inaction,inaction/(7),prefixed_8,6,5,inaction/(7)/6_im5.jpg
inaction/(7)::6,inaction,inaction/(7),prefixed_8,6,6,inaction/(7)/6_im6.jpg
inaction/(7)::6,inaction,inaction/(7),prefixed_8,6,7,inaction/(7)/6_im7.jpg
inaction/(7)::6,inaction,inaction/(7),prefixed_8,6,8,inaction/(7)/6_im8.jpg
inaction/(7)::7,inaction,inaction/(7),prefixed_8,7,1,inaction/(7)/7_im1.jpg
inaction/(7)::7,inaction,inaction/(7),prefixed_8,7,2,inaction/(7)/7_im2.jpg
inaction/(7)::7,inaction,inaction/(7),prefixed_8,7,3,inaction/(7)/7_im3.jpg
inaction/(7)::7,inaction,inaction/(7),prefixed_8,7,4,inaction/(7)/7_im4.jpg
inaction/(7)::7,inaction,inaction/(7),prefixed_8,7,5,inaction/(7)/7_im5.jpg
inaction/(7)::7,inaction,inaction/(7),prefixed_8,7,6,inaction/(7)/7_im6.jpg
inaction/(7)::7,inaction,inaction/(7),prefixed_8,7,7,inaction/(7)/7_im7.jpg
inaction/(7)::7,inaction,inaction/(7),prefixed_8,7,8,inaction/(7)/7_im8.jpg
inaction/(7)::8,inaction,inaction/(7),prefixed_8,8,1,inaction/(7)/8_im1.jpg
inaction/(7)::8,inaction,inaction/(7),prefixed_8,8,2,inaction/(7)/8_im2.jpg
inaction/(7)::8,inaction,inaction/(7),prefixed_8,8,3,inaction/(7)/8_im3.jpg
inaction/(7)::8,inaction,inaction/(7),prefixed_8,8,4,inaction/(7)/8_im4.jpg
inaction/(7)::8,inaction,inaction/(7),prefixed_8,8,5,inaction/(7)/8_im5.jpg
inaction/(7)::8,inaction,inaction/(7),prefixed_8,8,6,inaction/(7)/8_im6.jpg
inaction/(7)::8,inaction,inaction/(7),prefixed_8,8,7,inaction/(7)/8_im7.jpg
inaction/(7)::8,inaction,inaction/(7),prefixed_8,8,8,inaction/(7)/8_im8.jpg
inaction/(7)::9,inaction,inaction/(7),prefixed_8,9,1,inaction/(7)/9_im1.jpg
inaction/(7)::9,inaction,inaction/(7),prefixed_8,9,2,inaction/(7)/9_im2.jpg
inaction/(7)::9,inaction,inaction/(7),prefixed_8,9,3,inaction/(7)/9_im3.jpg
inaction/(7)::9,inaction,inaction/(7),prefixed_8,9,4,inaction/(7)/9_im4.jpg
inaction/(7)::9,inaction,inaction/(7),prefixed_8,9,5,inaction/(7)/9_im5.jpg
inaction/(7)::9,inaction,inaction/(7),prefixed_8,9,6,inaction/(7)/9_im6.jpg
inaction/(7)::9,inaction,inaction/(7),prefixed_8,9,7,inaction/(7)/9_im7.jpg
inaction/(7)::9,inaction,inaction/(7),prefixed_8,9,8,inaction/(7)/9_im8.jpg
inaction/(8)::0,inaction,inaction/(8),prefixed_8,0,1,inaction/(8)/0_im1.jpg
inaction/(8)::0,inaction,inaction/(8),prefixed_8,0,2,inaction/(8)/0_im2.jpg
inaction/(8)::0,inaction,inaction/(8),prefixed_8,0,3,inaction/(8)/0_im3.jpg
inaction/(8)::0,inaction,inaction/(8),prefixed_8,0,4,inaction/(8)/0_im4.jpg
inaction/(8)::0,inaction,inaction/(8),prefixed_8,0,5,inaction/(8)/0_im5.jpg
inaction/(8)::0,inaction,inaction/(8),prefixed_8,0,6,inaction/(8)/0_im6.jpg
inaction/(8)::0,inaction,inaction/(8),prefixed_8,0,7,inaction/(8)/0_im7.jpg
inaction/(8)::0,inaction,inaction/(8),prefixed_8,0,8,inaction/(8)/0_im8.jpg
inaction/(8)::1,inaction,inaction/(8),prefixed_8,1,1,inaction/(8)/1_im1.jpg
inaction/(8)::1,inaction,inaction/(8),prefixed_8,1,2,inaction/(8)/1_im2.jpg
inaction/(8)::1,inaction,inaction/(8),prefixed_8,1,3,inaction/(8)/1_im3.jpg
inaction/(8)::1,inaction,inaction/(8),prefixed_8,1,4,inaction/(8)/1_im4.jpg
inaction/(8)::1,inaction,inaction/(8),prefixed_8,1,5,inaction/(8)/1_im5.jpg
inaction/(8)::1,inaction,inaction/(8),prefixed_8,1,6,inaction/(8)/1_im6.jpg
inaction/(8)::1,inaction,inaction/(8),prefixed_8,1,7,inaction/(8)/1_im7.jpg
inaction/(8)::1,inaction,inaction/(8),prefixed_8,1,8,inaction/(8)/1_im8.jpg
inaction/(8)::2,inaction,inaction/(8),prefixed_8,2,1,inaction/(8)/2_im1.jpg
inaction/(8)::2,inaction,inaction/(8),prefixed_8,2,2,inaction/(8)/2_im2.jpg
inaction/(8)::2,inaction,inaction/(8),prefixed_8,2,3,inaction/(8)/2_im3.jpg
inaction/(8)::2,inaction,inaction/(8),prefixed_8,2,4,inaction/(8)/2_im4.jpg
inaction/(8)::2,inaction,inaction/(8),prefixed_8,2,5,inaction/(8)/2_im5.jpg
inaction/(8)::2,inaction,inaction/(8),prefixed_8,2,6,inaction/(8)/2_im6.jpg
inaction/(8)::2,inaction,inaction/(8),prefixed_8,2,7,inaction/(8)/2_im7.jpg
inaction/(8)::2,inaction,inaction/(8),prefixed_8,2,8,inaction/(8)/2_im8.jpg
inaction/(8)::3,inaction,inaction/(8),prefixed_8,3,1,inaction/(8)/3_im1.jpg
inaction/(8)::3,inaction,inaction/(8),prefixed_8,3,2,inaction/(8)/3_im2.jpg
inaction/(8)::3,inaction,inaction/(8),prefixed_8,3,3,inaction/(8)/3_im3.jpg
inaction/(8)::3,inaction,inaction/(8),prefixed_8,3,4,inaction/(8)/3_im4.jpg
inaction/(8)::3,inaction,inaction/(8),prefixed_8,3,5,inaction/(8)/3_im5.jpg
inaction/(8)::3,inaction,inaction/(8),prefixed_8,3,6,inaction/(8)/3_im6.jpg
inaction/(8)::3,inaction,inaction/(8),prefixed_8,3,7,inaction/(8)/3_im7.jpg
inaction/(8)::3,inaction,inaction/(8),prefixed_8,3,8,inaction/(8)/3_im8.jpg
inaction/(9)::0,inaction,inaction/(9),prefixed_8,0,1,inaction/(9)/0_im1.jpg
inaction/(9)::0,inaction,inaction/(9),prefixed_8,0,2,inaction/(9)/0_im2.jpg
inaction/(9)::0,inaction,inaction/(9),prefixed_8,0,3,inaction/(9)/0_im3.jpg
inaction/(9)::0,inaction,inaction/(9),prefixed_8,0,4,inaction/(9)/0_im4.jpg
inaction/(9)::0,inaction,inaction/(9),prefixed_8,0,5,inaction/(9)/0_im5.jpg
inaction/(9)::0,inaction,inaction/(9),prefixed_8,0,6,inaction/(9)/0_im6.jpg
inaction/(9)::0,inaction,inaction/(9),prefixed_8,0,7,inaction/(9)/0_im7.jpg
inaction/(9)::0,inaction,inaction/(9),prefixed_8,0,8,inaction/(9)/0_im8.jpg
inaction/(9)::1,inaction,inaction/(9),prefixed_8,1,1,inaction/(9)/1_im1.jpg
inaction/(9)::1,inaction,inaction/(9),prefixed_8,1,2,inaction/(9)/1_im2.jpg
inaction/(9)::1,inaction,inaction/(9),prefixed_8,1,3,inaction/(9)/1_im3.jpg
inaction/(9)::1,inaction,inaction/(9),prefixed_8,1,4,inaction/(9)/1_im4.jpg
inaction/(9)::1,inaction,inaction/(9),prefixed_8,1,5,inaction/(9)/1_im5.jpg
inaction/(9)::1,inaction,inaction/(9),prefixed_8,1,6,inaction/(9)/1_im6.jpg
inaction/(9)::1,inaction,inaction/(9),prefixed_8,1,7,inaction/(9)/1_im7.jpg
inaction/(9)::1,inaction,inaction/(9),prefixed_8,1,8,inaction/(9)/1_im8.jpg
inaction/(9)::2,inaction,inaction/(9),prefixed_8,2,1,inaction/(9)/2_im1.jpg
inaction/(9)::2,inaction,inaction/(9),prefixed_8,2,2,inaction/(9)/2_im2.jpg
inaction/(9)::2,inaction,inaction/(9),prefixed_8,2,3,inaction/(9)/2_im3.jpg
inaction/(9)::2,inaction,inaction/(9),prefixed_8,2,4,inaction/(9)/2_im4.jpg
inaction/(9)::2,inaction,inaction/(9),prefixed_8,2,5,inaction/(9)/2_im5.jpg
inaction/(9)::2,inaction,inaction/(9),prefixed_8,2,6,inaction/(9)/2_im6.jpg
inaction/(9)::2,inaction,inaction/(9),prefixed_8,2,7,inaction/(9)/2_im7.jpg
inaction/(9)::2,inaction,inaction/(9),prefixed_8,2,8,inaction/(9)/2_im8.jpg
inaction/(9)::3,inaction,inaction/(9),prefixed_8,3,1,inaction/(9)/3_im1.jpg
inaction/(9)::3,inaction,inaction/(9),prefixed_8,3,2,inaction/(9)/3_im2.jpg
inaction/(9)::3,inaction,inaction/(9),prefixed_8,3,3,inaction/(9)/3_im3.jpg
inaction/(9)::3,inaction,inaction/(9),prefixed_8,3,4,inaction/(9)/3_im4.jpg
inaction/(9)::3,inaction,inaction/(9),prefixed_8,3,5,inaction/(9)/3_im5.jpg
inaction/(9)::3,inaction,inaction/(9),prefixed_8,3,6,inaction/(9)/3_im6.jpg
inaction/(9)::3,inaction,inaction/(9),prefixed_8,3,7,inaction/(9)/3_im7.jpg
inaction/(9)::3,inaction,inaction/(9),prefixed_8,3,8,inaction/(9)/3_im8.jpg
inaction/(9)::4,inaction,inaction/(9),prefixed_8,4,1,inaction/(9)/4_im1.jpg
inaction/(9)::4,inaction,inaction/(9),prefixed_8,4,2,inaction/(9)/4_im2.jpg
inaction/(9)::4,inaction,inaction/(9),prefixed_8,4,3,inaction/(9)/4_im3.jpg
inaction/(9)::4,inaction,inaction/(9),prefixed_8,4,4,inaction/(9)/4_im4.jpg
inaction/(9)::4,inaction,inaction/(9),prefixed_8,4,5,inaction/(9)/4_im5.jpg
inaction/(9)::4,inaction,inaction/(9),prefixed_8,4,6,inaction/(9)/4_im6.jpg
inaction/(9)::4,inaction,inaction/(9),prefixed_8,4,7,inaction/(9)/4_im7.jpg
inaction/(9)::4,inaction,inaction/(9),prefixed_8,4,8,inaction/(9)/4_im8.jpg
inaction/(9)::5,inaction,inaction/(9),prefixed_8,5,1,inaction/(9)/5_im1.jpg
inaction/(9)::5,inaction,inaction/(9),prefixed_8,5,2,inaction/(9)/5_im2.jpg
inaction/(9)::5,inaction,inaction/(9),prefixed_8,5,3,inaction/(9)/5_im3.jpg
inaction/(9)::5,inaction,inaction/(9),prefixed_8,5,4,inaction/(9)/5_im4.jpg
inaction/(9)::5,inaction,inaction/(9),prefixed_8,5,5,inaction/(9)/5_im5.jpg
inaction/(9)::5,inaction,inaction/(9),prefixed_8,5,6,inaction/(9)/5_im6.jpg
inaction/(9)::5,inaction,inaction/(9),prefixed_8,5,7,inaction/(9)/5_im7.jpg
inaction/(9)::5,inaction,inaction/(9),prefixed_8,5,8,inaction/(9)/5_im8.jpg
inaction/(9)::6,inaction,inaction/(9),prefixed_8,6,1,inaction/(9)/6_im1.jpg
inaction/(9)::6,inaction,inaction/(9),prefixed_8,6,2,inaction/(9)/6_im2.jpg
inaction/(9)::6,inaction,inaction/(9),prefixed_8,6,3,inaction/(9)/6_im3.jpg
inaction/(9)::6,inaction,inaction/(9),prefixed_8,6,4,inaction/(9)/6_im4.jpg
inaction/(9)::6,inaction,inaction/(9),prefixed_8,6,5,inaction/(9)/6_im5.jpg
inaction/(9)::6,inaction,inaction/(9),prefixed_8,6,6,inaction/(9)/6_im6.jpg
inaction/(9)::6,inaction,inaction/(9),prefixed_8,6,7,inaction/(9)/6_im7.jpg
inaction/(9)::6,inaction,inaction/(9),prefixed_8,6,8,inaction/(9)/6_im8.jpg
inaction/(9)::7,inaction,inaction/(9),prefixed_8,7,1,inaction/(9)/7_im1.jpg
inaction/(9)::7,inaction,inaction/(9),prefixed_8,7,2,inaction/(9)/7_im2.jpg
inaction/(9)::7,inaction,inaction/(9),prefixed_8,7,3,inaction/(9)/7_im3.jpg
inaction/(9)::7,inaction,inaction/(9),prefixed_8,7,4,inaction/(9)/7_im4.jpg
inaction/(9)::7,inaction,inaction/(9),prefixed_8,7,5,inaction/(9)/7_im5.jpg
inaction/(9)::7,inaction,inaction/(9),prefixed_8,7,6,inaction/(9)/7_im6.jpg
inaction/(9)::7,inaction,inaction/(9),prefixed_8,7,7,inaction/(9)/7_im7.jpg
inaction/(9)::7,inaction,inaction/(9),prefixed_8,7,8,inaction/(9)/7_im8.jpg
inaction/14::folder,inaction,inaction/14,folder_8,folder,1,inaction/14/im1.jpg
inaction/14::folder,inaction,inaction/14,folder_8,folder,2,inaction/14/im2.jpg
inaction/14::folder,inaction,inaction/14,folder_8,folder,3,inaction/14/im3.jpg
inaction/14::folder,inaction,inaction/14,folder_8,folder,4,inaction/14/im4.jpg
inaction/14::folder,inaction,inaction/14,folder_8,folder,5,inaction/14/im5.jpg
inaction/14::folder,inaction,inaction/14,folder_8,folder,6,inaction/14/im6.jpg
inaction/14::folder,inaction,inaction/14,folder_8,folder,7,inaction/14/im7.jpg
inaction/14::folder,inaction,inaction/14,folder_8,folder,8,inaction/14/im8.jpg
inaction/146::folder,inaction,inaction/146,folder_8,folder,1,inaction/146/im1.jpg
inaction/146::folder,inaction,inaction/146,folder_8,folder,2,inaction/146/im2.jpg
inaction/146::folder,inaction,inaction/146,folder_8,folder,3,inaction/146/im3.jpg
inaction/146::folder,inaction,inaction/146,folder_8,folder,4,inaction/146/im4.jpg
inaction/146::folder,inaction,inaction/146,folder_8,folder,5,inaction/146/im5.jpg
inaction/146::folder,inaction,inaction/146,folder_8,folder,6,inaction/146/im6.jpg
inaction/146::folder,inaction,inaction/146,folder_8,folder,7,inaction/146/im7.jpg
inaction/146::folder,inaction,inaction/146,folder_8,folder,8,inaction/146/im8.jpg
inaction/32::folder,inaction,inaction/32,folder_8,folder,1,inaction/32/im1.jpg
inaction/32::folder,inaction,inaction/32,folder_8,folder,2,inaction/32/im2.jpg
inaction/32::folder,inaction,inaction/32,folder_8,folder,3,inaction/32/im3.jpg
inaction/32::folder,inaction,inaction/32,folder_8,folder,4,inaction/32/im4.jpg
inaction/32::folder,inaction,inaction/32,folder_8,folder,5,inaction/32/im5.jpg
inaction/32::folder,inaction,inaction/32,folder_8,folder,6,inaction/32/im6.jpg
inaction/32::folder,inaction,inaction/32,folder_8,folder,7,inaction/32/im7.jpg
inaction/32::folder,inaction,inaction/32,folder_8,folder,8,inaction/32/im8.jpg
inaction/692::folder,inaction,inaction/692,folder_8,folder,1,inaction/692/im1.jpg
inaction/692::folder,inaction,inaction/692,folder_8,folder,2,inaction/692/im2.jpg
inaction/692::folder,inaction,inaction/692,folder_8,folder,3,inaction/692/im3.jpg
inaction/692::folder,inaction,inaction/692,folder_8,folder,4,inaction/692/im4.jpg
inaction/692::folder,inaction,inaction/692,folder_8,folder,5,inaction/692/im5.jpg
inaction/692::folder,inaction,inaction/692,folder_8,folder,6,inaction/692/im6.jpg
inaction/692::folder,inaction,inaction/692,folder_8,folder,7,inaction/692/im7.jpg
inaction/692::folder,inaction,inaction/692,folder_8,folder,8,inaction/692/im8.jpg
move/(1)::0,move,move/(1),prefixed_8,0,1,move/(1)/0_im1.jpg
move/(1)::0,move,move/(1),prefixed_8,0,2,move/(1)/0_im2.jpg
move/(1)::0,move,move/(1),prefixed_8,0,3,move/(1)/0_im3.jpg
move/(1)::0,move,move/(1),prefixed_8,0,4,move/(1)/0_im4.jpg
move/(1)::0,move,move/(1),prefixed_8,0,5,move/(1)/0_im5.jpg
move/(1)::0,move,move/(1),prefixed_8,0,6,move/(1)/0_im6.jpg
move/(1)::0,move,move/(1),prefixed_8,0,7,move/(1)/0_im7.jpg
move/(1)::0,move,move/(1),prefixed_8,0,8,move/(1)/0_im8.jpg
move/(1)::1,move,move/(1),prefixed_8,1,1,move/(1)/1_im1.jpg
move/(1)::1,move,move/(1),prefixed_8,1,2,move/(1)/1_im2.jpg
move/(1)::1,move,move/(1),prefixed_8,1,3,move/(1)/1_im3.jpg
move/(1)::1,move,move/(1),prefixed_8,1,4,move/(1)/1_im4.jpg
move/(1)::1,move,move/(1),prefixed_8,1,5,move/(1)/1_im5.jpg
move/(1)::1,move,move/(1),prefixed_8,1,6,move/(1)/1_im6.jpg
move/(1)::1,move,move/(1),prefixed_8,1,7,move/(1)/1_im7.jpg
move/(1)::1,move,move/(1),prefixed_8,1,8,move/(1)/1_im8.jpg
move/(10)::0,move,move/(10),prefixed_8,0,1,move/(10)/0_im1.jpg
move/(10)::0,move,move/(10),prefixed_8,0,2,move/(10)/0_im2.jpg
move/(10)::0,move,move/(10),prefixed_8,0,3,move/(10)/0_im3.jpg
move/(10)::0,move,move/(10),prefixed_8,0,4,move/(10)/0_im4.jpg
move/(10)::0,move,move/(10),prefixed_8,0,5,move/(10)/0_im5.jpg
move/(10)::0,move,move/(10),prefixed_8,0,6,move/(10)/0_im6.jpg
move/(10)::0,move,move/(10),prefixed_8,0,7,move/(10)/0_im7.jpg
move/(10)::0,move,move/(10),prefixed_8,0,8,move/(10)/0_im8.jpg
move/(10)::1,move,move/(10),prefixed_8,1,1,move/(10)/1_im1.jpg
move/(10)::1,move,move/(10),prefixed_8,1,2,move/(10)/1_im2.jpg
move/(10)::1,move,move/(10),prefixed_8,1,3,move/(10)/1_im3.jpg
move/(10)::1,move,move/(10),prefixed_8,1,4,move/(10)/1_im4.jpg
move/(10)::1,move,move/(10),prefixed_8,1,5,move/(10)/1_im5.jpg
move/(10)::1,move,move/(10),prefixed_8,1,6,move/(10)/1_im6.jpg
move/(10)::1,move,move/(10),prefixed_8,1,7,move/(10)/1_im7.jpg
move/(10)::1,move,move/(10),prefixed_8,1,8,move/(10)/1_im8.jpg
move/(11)::0,move,move/(11),prefixed_8,0,1,move/(11)/0_im1.jpg
move/(11)::0,move,move/(11),prefixed_8,0,2,move/(11)/0_im2.jpg
move/(11)::0,move,move/(11),prefixed_8,0,3,move/(11)/0_im3.jpg
move/(11)::0,move,move/(11),prefixed_8,0,4,move/(11)/0_im4.jpg
move/(11)::0,move,move/(11),prefixed_8,0,5,move/(11)/0_im5.jpg
move/(11)::0,move,move/(11),prefixed_8,0,6,move/(11)/0_im6.jpg
move/(11)::0,move,move/(11),prefixed_8,0,7,move/(11)/0_im7.jpg
move/(11)::0,move,move/(11),prefixed_8,0,8,move/(11)/0_im8.jpg
move/(11)::1,move,move/(11),prefixed_8,1,1,move/(11)/1_im1.jpg
move/(11)::1,move,move/(11),prefixed_8,1,2,move/(11)/1_im2.jpg
move/(11)::1,move,move/(11),prefixed_8,1,3,move/(11)/1_im3.jpg
move/(11)::1,move,move/(11),prefixed_8,1,4,move/(11)/1_im4.jpg
move/(11)::1,move,move/(11),prefixed_8,1,5,move/(11)/1_im5.jpg
move/(11)::1,move,move/(11),prefixed_8,1,6,move/(11)/1_im6.jpg
move/(11)::1,move,move/(11),prefixed_8,1,7,move/(11)/1_im7.jpg
move/(11)::1,move,move/(11),prefixed_8,1,8,move/(11)/1_im8.jpg
move/(12)::0,move,move/(12),prefixed_8,0,1,move/(12)/0_im1.jpg
move/(12)::0,move,move/(12),prefixed_8,0,2,move/(12)/0_im2.jpg
move/(12)::0,move,move/(12),prefixed_8,0,3,move/(12)/0_im3.jpg
move/(12)::0,move,move/(12),prefixed_8,0,4,move/(12)/0_im4.jpg
move/(12)::0,move,move/(12),prefixed_8,0,5,move/(12)/0_im5.jpg
move/(12)::0,move,move/(12),prefixed_8,0,6,move/(12)/0_im6.jpg
move/(12)::0,move,move/(12),prefixed_8,0,7,move/(12)/0_im7.jpg
move/(12)::0,move,move/(12),prefixed_8,0,8,move/(12)/0_im8.jpg
move/(12)::1,move,move/(12),prefixed_8,1,1,move/(12)/1_im1.jpg
move/(12)::1,move,move/(12),prefixed_8,1,2,move/(12)/1_im2.jpg
move/(12)::1,move,move/(12),prefixed_8,1,3,move/(12)/1_im3.jpg
move/(12)::1,move,move/(12),prefixed_8,1,4,move/(12)/1_im4.jpg
move/(12)::1,move,move/(12),prefixed_8,1,5,move/(12)/1_im5.jpg
move/(12)::1,move,move/(12),prefixed_8,1,6,move/(12)/1_im6.jpg
move/(12)::1,move,move/(12),prefixed_8,1,7,move/(12)/1_im7.jpg
move/(12)::1,move,move/(12),prefixed_8,1,8,move/(12)/1_im8.jpg
move/(2)::0,move,move/(2),prefixed_8,0,1,move/(2)/0_im1.jpg
move/(2)::0,move,move/(2),prefixed_8,0,2,move/(2)/0_im2.jpg
move/(2)::0,move,move/(2),prefixed_8,0,3,move/(2)/0_im3.jpg
move/(2)::0,move,move/(2),prefixed_8,0,4,move/(2)/0_im4.jpg
move/(2)::0,move,move/(2),prefixed_8,0,5,move/(2)/0_im5.jpg
move/(2)::0,move,move/(2),prefixed_8,0,6,move/(2)/0_im6.jpg
move/(2)::0,move,move/(2),prefixed_8,0,7,move/(2)/0_im7.jpg
move/(2)::0,move,move/(2),prefixed_8,0,8,move/(2)/0_im8.jpg
move/(2)::1,move,move/(2),prefixed_8,1,1,move/(2)/1_im1.jpg
move/(2)::1,move,move/(2),prefixed_8,1,2,move/(2)/1_im2.jpg
move/(2)::1,move,move/(2),prefixed_8,1,3,move/(2)/1_im3.jpg
move/(2)::1,move,move/(2),prefixed_8,1,4,move/(2)/1_im4.jpg
move/(2)::1,move,move/(2),prefixed_8,1,5,move/(2)/1_im5.jpg
move/(2)::1,move,move/(2),prefixed_8,1,6,move/(2)/1_im6.jpg
move/(2)::1,move,move/(2),prefixed_8,1,7,move/(2)/1_im7.jpg
move/(2)::1,move,move/(2),prefixed_8,1,8,move/(2)/1_im8.jpg
move/(3)::0,move,move/(3),prefixed_8,0,1,move/(3)/0_im1.jpg
move/(3)::0,move,move/(3),prefixed_8,0,2,move/(3)/0_im2.jpg
move/(3)::0,move,move/(3),prefixed_8,0,3,move/(3)/0_im3.jpg
move/(3)::0,move,move/(3),prefixed_8,0,4,move/(3)/0_im4.jpg
move/(3)::0,move,move/(3),prefixed_8,0,5,move/(3)/0_im5.jpg
move/(3)::0,move,move/(3),prefixed_8,0,6,move/(3)/0_im6.jpg
move/(3)::0,move,move/(3),prefixed_8,0,7,move/(3)/0_im7.jpg
move/(3)::0,move,move/(3),prefixed_8,0,8,move/(3)/0_im8.jpg
move/(3)::1,move,move/(3),prefixed_8,1,1,move/(3)/1_im1.jpg
move/(3)::1,move,move/(3),prefixed_8,1,2,move/(3)/1_im2.jpg
move/(3)::1,move,move/(3),prefixed_8,1,3,move/(3)/1_im3.jpg
move/(3)::1,move,move/(3),prefixed_8,1,4,move/(3)/1_im4.jpg
move/(3)::1,move,move/(3),prefixed_8,1,5,move/(3)/1_im5.jpg
move/(3)::1,move,move/(3),prefixed_8,1,6,move/(3)/1_im6.jpg
move/(3)::1,move,move/(3),prefixed_8,1,7,move/(3)/1_im7.jpg
move/(3)::1,move,move/(3),prefixed_8,1,8,move/(3)/1_im8.jpg
move/(3)::2,move,move/(3),prefixed_8,2,1,move/(3)/2_im1.jpg
move/(3)::2,move,move/(3),prefixed_8,2,2,move/(3)/2_im2.jpg
move/(3)::2,move,move/(3),prefixed_8,2,3,move/(3)/2_im3.jpg
move/(3)::2,move,move/(3),prefixed_8,2,4,move/(3)/2_im4.jpg
move/(3)::2,move,move/(3),prefixed_8,2,5,move/(3)/2_im5.jpg
move/(3)::2,move,move/(3),prefixed_8,2,6,move/(3)/2_im6.jpg
move/(3)::2,move,move/(3),prefixed_8,2,7,move/(3)/2_im7.jpg
move/(3)::2,move,move/(3),prefixed_8,2,8,move/(3)/2_im8.jpg
move/(3)::3,move,move/(3),prefixed_8,3,1,move/(3)/3_im1.jpg
move/(3)::3,move,move/(3),prefixed_8,3,2,move/(3)/3_im2.jpg
move/(3)::3,move,move/(3),prefixed_8,3,3,move/(3)/3_im3.jpg
move/(3)::3,move,move/(3),prefixed_8,3,4,move/(3)/3_im4.jpg
move/(3)::3,move,move/(3),prefixed_8,3,5,move/(3)/3_im5.jpg
move/(3)::3,move,move/(3),prefixed_8,3,6,move/(3)/3_im6.jpg
move/(3)::3,move,move/(3),prefixed_8,3,7,move/(3)/3_im7.jpg
move/(3)::3,move,move/(3),prefixed_8,3,8,move/(3)/3_im8.jpg
move/(4)::0,move,move/(4),prefixed_8,0,1,move/(4)/0_im1.jpg
move/(4)::0,move,move/(4),prefixed_8,0,2,move/(4)/0_im2.jpg
move/(4)::0,move,move/(4),prefixed_8,0,3,move/(4)/0_im3.jpg
move/(4)::0,move,move/(4),prefixed_8,0,4,move/(4)/0_im4.jpg
move/(4)::0,move,move/(4),prefixed_8,0,5,move/(4)/0_im5.jpg
move/(4)::0,move,move/(4),prefixed_8,0,6,move/(4)/0_im6.jpg
move/(4)::0,move,move/(4),prefixed_8,0,7,move/(4)/0_im7.jpg
move/(4)::0,move,move/(4),prefixed_8,0,8,move/(4)/0_im8.jpg
move/(4)::1,move,move/(4),prefixed_8,1,1,move/(4)/1_im1.jpg
move/(4)::1,move,move/(4),prefixed_8,1,2,move/(4)/1_im2.jpg
move/(4)::1,move,move/(4),prefixed_8,1,3,move/(4)/1_im3.jpg
move/(4)::1,move,move/(4),prefixed_8,1,4,move/(4)/1_im4.jpg
move/(4)::1,move,move/(4),prefixed_8,1,5,move/(4)/1_im5.jpg
move/(4)::1,move,move/(4),prefixed_8,1,6,move/(4)/1_im6.jpg
move/(4)::1,move,move/(4),prefixed_8,1,7,move/(4)/1_im7.jpg
move/(4)::1,move,move/(4),prefixed_8,1,8,move/(4)/1_im8.jpg
move/(4)::2,move,move/(4),prefixed_8,2,1,move/(4)/2_im1.jpg
move/(4)::2,move,move/(4),prefixed_8,2,2,move/(4)/2_im2.jpg
move/(4)::2,move,move/(4),prefixed_8,2,3,move/(4)/2_im3.jpg
move/(4)::2,move,move/(4),prefixed_8,2,4,move/(4)/2_im4.jpg
move/(4)::2,move,move/(4),prefixed_8,2,5,move/(4)/2_im5.jpg
move/(4)::2,move,move/(4),prefixed_8,2,6,move/(4)/2_im6.jpg
move/(4)::2,move,move/(4),prefixed_8,2,7,move/(4)/2_im7.jpg
move/(4)::2,move,move/(4),prefixed_8,2,8,move/(4)/2_im8.jpg
move/(5)::0,move,move/(5),prefixed_8,0,1,move/(5)/0_im1.jpg
move/(5)::0,move,move/(5),prefixed_8,0,2,move/(5)/0_im2.jpg
move/(5)::0,move,move/(5),prefixed_8,0,3,move/(5)/0_im3.jpg
move/(5)::0,move,move/(5),prefixed_8,0,4,move/(5)/0_im4.jpg
move/(5)::0,move,move/(5),prefixed_8,0,5,move/(5)/0_im5.jpg
move/(5)::0,move,move/(5),prefixed_8,0,6,move/(5)/0_im6.jpg
move/(5)::0,move,move/(5),prefixed_8,0,7,move/(5)/0_im7.jpg
move/(5)::0,move,move/(5),prefixed_8,0,8,move/(5)/0_im8.jpg
move/(5)::1,move,move/(5),prefixed_8,1,1,move/(5)/1_im1.jpg
move/(5)::1,move,move/(5),prefixed_8,1,2,move/(5)/1_im2.jpg
move/(5)::1,move,move/(5),prefixed_8,1,3,move/(5)/1_im3.jpg
move/(5)::1,move,move/(5),prefixed_8,1,4,move/(5)/1_im4.jpg
move/(5)::1,move,move/(5),prefixed_8,1,5,move/(5)/1_im5.jpg
move/(5)::1,move,move/(5),prefixed_8,1,6,move/(5)/1_im6.jpg
move/(5)::1,move,move/(5),prefixed_8,1,7,move/(5)/1_im7.jpg
move/(5)::1,move,move/(5),prefixed_8,1,8,move/(5)/1_im8.jpg
move/(5)::2,move,move/(5),prefixed_8,2,1,move/(5)/2_im1.jpg
move/(5)::2,move,move/(5),prefixed_8,2,2,move/(5)/2_im2.jpg
move/(5)::2,move,move/(5),prefixed_8,2,3,move/(5)/2_im3.jpg
move/(5)::2,move,move/(5),prefixed_8,2,4,move/(5)/2_im4.jpg
move/(5)::2,move,move/(5),prefixed_8,2,5,move/(5)/2_im5.jpg
move/(5)::2,move,move/(5),prefixed_8,2,6,move/(5)/2_im6.jpg
move/(5)::2,move,move/(5),prefixed_8,2,7,move/(5)/2_im7.jpg
move/(5)::2,move,move/(5),prefixed_8,2,8,move/(5)/2_im8.jpg
move/(5)::3,move,move/(5),prefixed_8,3,1,move/(5)/3_im1.jpg
move/(5)::3,move,move/(5),prefixed_8,3,2,move/(5)/3_im2.jpg
move/(5)::3,move,move/(5),prefixed_8,3,3,move/(5)/3_im3.jpg
move/(5)::3,move,move/(5),prefixed_8,3,4,move/(5)/3_im4.jpg
move/(5)::3,move,move/(5),prefixed_8,3,5,move/(5)/3_im5.jpg
move/(5)::3,move,move/(5),prefixed_8,3,6,move/(5)/3_im6.jpg
move/(5)::3,move,move/(5),prefixed_8,3,7,move/(5)/3_im7.jpg
move/(5)::3,move,move/(5),prefixed_8,3,8,move/(5)/3_im8.jpg
move/(5)::4,move,move/(5),prefixed_8,4,1,move/(5)/4_im1.jpg
move/(5)::4,move,move/(5),prefixed_8,4,2,move/(5)/4_im2.jpg
move/(5)::4,move,move/(5),prefixed_8,4,3,move/(5)/4_im3.jpg
move/(5)::4,move,move/(5),prefixed_8,4,4,move/(5)/4_im4.jpg
move/(5)::4,move,move/(5),prefixed_8,4,5,move/(5)/4_im5.jpg
move/(5)::4,move,move/(5),prefixed_8,4,6,move/(5)/4_im6.jpg
move/(5)::4,move,move/(5),prefixed_8,4,7,move/(5)/4_im7.jpg
move/(5)::4,move,move/(5),prefixed_8,4,8,move/(5)/4_im8.jpg
move/(5)::5,move,move/(5),prefixed_8,5,1,move/(5)/5_im1.jpg
move/(5)::5,move,move/(5),prefixed_8,5,2,move/(5)/5_im2.jpg
move/(5)::5,move,move/(5),prefixed_8,5,3,move/(5)/5_im3.jpg
move/(5)::5,move,move/(5),prefixed_8,5,4,move/(5)/5_im4.jpg
move/(5)::5,move,move/(5),prefixed_8,5,5,move/(5)/5_im5.jpg
move/(5)::5,move,move/(5),prefixed_8,5,6,move/(5)/5_im6.jpg
move/(5)::5,move,move/(5),prefixed_8,5,7,move/(5)/5_im7.jpg
move/(5)::5,move,move/(5),prefixed_8,5,8,move/(5)/5_im8.jpg
move/(6)::0,move,move/(6),prefixed_8,0,1,move/(6)/0_im1.jpg
move/(6)::0,move,move/(6),prefixed_8,0,2,move/(6)/0_im2.jpg
move/(6)::0,move,move/(6),prefixed_8,0,3,move/(6)/0_im3.jpg
move/(6)::0,move,move/(6),prefixed_8,0,4,move/(6)/0_im4.jpg
move/(6)::0,move,move/(6),prefixed_8,0,5,move/(6)/0_im5.jpg
move/(6)::0,move,move/(6),prefixed_8,0,6,move/(6)/0_im6.jpg
move/(6)::0,move,move/(6),prefixed_8,0,7,move/(6)/0_im7.jpg
move/(6)::0,move,move/(6),prefixed_8,0,8,move/(6)/0_im8.jpg
move/(6)::1,move,move/(6),prefixed_8,1,1,move/(6)/1_im1.jpg
move/(6)::1,move,move/(6),prefixed_8,1,2,move/(6)/1_im2.jpg
move/(6)::1,move,move/(6),prefixed_8,1,3,move/(6)/1_im3.jpg
move/(6)::1,move,move/(6),prefixed_8,1,4,move/(6)/1_im4.jpg
move/(6)::1,move,move/(6),prefixed_8,1,5,move/(6)/1_im5.jpg
move/(6)::1,move,move/(6),prefixed_8,1,6,move/(6)/1_im6.jpg
move/(6)::1,move,move/(6),prefixed_8,1,7,move/(6)/1_im7.jpg
move/(6)::1,move,move/(6),prefixed_8,1,8,move/(6)/1_im8.jpg
move/(8)::0,move,move/(8),prefixed_8,0,1,move/(8)/0_im1.jpg
move/(8)::0,move,move/(8),prefixed_8,0,2,move/(8)/0_im2.jpg
move/(8)::0,move,move/(8),prefixed_8,0,3,move/(8)/0_im3.jpg
move/(8)::0,move,move/(8),prefixed_8,0,4,move/(8)/0_im4.jpg
move/(8)::0,move,move/(8),prefixed_8,0,5,move/(8)/0_im5.jpg
move/(8)::0,move,move/(8),prefixed_8,0,6,move/(8)/0_im6.jpg
move/(8)::0,move,move/(8),prefixed_8,0,7,move/(8)/0_im7.jpg
move/(8)::0,move,move/(8),prefixed_8,0,8,move/(8)/0_im8.jpg
move/(8)::1,move,move/(8),prefixed_8,1,1,move/(8)/1_im1.jpg
move/(8)::1,move,move/(8),prefixed_8,1,2,move/(8)/1_im2.jpg
move/(8)::1,move,move/(8),prefixed_8,1,3,move/(8)/1_im3.jpg
move/(8)::1,move,move/(8),prefixed_8,1,4,move/(8)/1_im4.jpg
move/(8)::1,move,move/(8),prefixed_8,1,5,move/(8)/1_im5.jpg
move/(8)::1,move,move/(8),prefixed_8,1,6,move/(8)/1_im6.jpg
move/(8)::1,move,move/(8),prefixed_8,1,7,move/(8)/1_im7.jpg
move/(8)::1,move,move/(8),prefixed_8,1,8,move/(8)/1_im8.jpg
move/(8)::2,move,move/(8),prefixed_8,2,1,move/(8)/2_im1.jpg
move/(8)::2,move,move/(8),prefixed_8,2,2,move/(8)/2_im2.jpg
move/(8)::2,move,move/(8),prefixed_8,2,3,move/(8)/2_im3.jpg
move/(8)::2,move,move/(8),prefixed_8,2,4,move/(8)/2_im4.jpg
move/(8)::2,move,move/(8),prefixed_8,2,5,move/(8)/2_im5.jpg
move/(8)::2,move,move/(8),prefixed_8,2,6,move/(8)/2_im6.jpg
move/(8)::2,move,move/(8),prefixed_8,2,7,move/(8)/2_im7.jpg
move/(8)::2,move,move/(8),prefixed_8,2,8,move/(8)/2_im8.jpg
move/(8)::3,move,move/(8),prefixed_8,3,1,move/(8)/3_im1.jpg
move/(8)::3,move,move/(8),prefixed_8,3,2,move/(8)/3_im2.jpg
move/(8)::3,move,move/(8),prefixed_8,3,3,move/(8)/3_im3.jpg
move/(8)::3,move,move/(8),prefixed_8,3,4,move/(8)/3_im4.jpg
move/(8)::3,move,move/(8),prefixed_8,3,5,move/(8)/3_im5.jpg
move/(8)::3,move,move/(8),prefixed_8,3,6,move/(8)/3_im6.jpg
move/(8)::3,move,move/(8),prefixed_8,3,7,move/(8)/3_im7.jpg
move/(8)::3,move,move/(8),prefixed_8,3,8,move/(8)/3_im8.jpg
move/(9)::0,move,move/(9),prefixed_8,0,1,move/(9)/0_im1.jpg
move/(9)::0,move,move/(9),prefixed_8,0,2,move/(9)/0_im2.jpg
move/(9)::0,move,move/(9),prefixed_8,0,3,move/(9)/0_im3.jpg
move/(9)::0,move,move/(9),prefixed_8,0,4,move/(9)/0_im4.jpg
move/(9)::0,move,move/(9),prefixed_8,0,5,move/(9)/0_im5.jpg
move/(9)::0,move,move/(9),prefixed_8,0,6,move/(9)/0_im6.jpg
move/(9)::0,move,move/(9),prefixed_8,0,7,move/(9)/0_im7.jpg
move/(9)::0,move,move/(9),prefixed_8,0,8,move/(9)/0_im8.jpg
move/(9)::1,move,move/(9),prefixed_8,1,1,move/(9)/1_im1.jpg
move/(9)::1,move,move/(9),prefixed_8,1,2,move/(9)/1_im2.jpg
move/(9)::1,move,move/(9),prefixed_8,1,3,move/(9)/1_im3.jpg
move/(9)::1,move,move/(9),prefixed_8,1,4,move/(9)/1_im4.jpg
move/(9)::1,move,move/(9),prefixed_8,1,5,move/(9)/1_im5.jpg
move/(9)::1,move,move/(9),prefixed_8,1,6,move/(9)/1_im6.jpg
move/(9)::1,move,move/(9),prefixed_8,1,7,move/(9)/1_im7.jpg
move/(9)::1,move,move/(9),prefixed_8,1,8,move/(9)/1_im8.jpg
move/1030::folder,move,move/1030,folder_8,folder,1,move/1030/im1.jpg
move/1030::folder,move,move/1030,folder_8,folder,2,move/1030/im2.jpg
move/1030::folder,move,move/1030,folder_8,folder,3,move/1030/im3.jpg
move/1030::folder,move,move/1030,folder_8,folder,4,move/1030/im4.jpg
move/1030::folder,move,move/1030,folder_8,folder,5,move/1030/im5.jpg
move/1030::folder,move,move/1030,folder_8,folder,6,move/1030/im6.jpg
move/1030::folder,move,move/1030,folder_8,folder,7,move/1030/im7.jpg
move/1030::folder,move,move/1030,folder_8,folder,8,move/1030/im8.jpg
move/1031::folder,move,move/1031,folder_8,folder,1,move/1031/im1.jpg
move/1031::folder,move,move/1031,folder_8,folder,2,move/1031/im2.jpg
move/1031::folder,move,move/1031,folder_8,folder,3,move/1031/im3.jpg
move/1031::folder,move,move/1031,folder_8,folder,4,move/1031/im4.jpg
move/1031::folder,move,move/1031,folder_8,folder,5,move/1031/im5.jpg
move/1031::folder,move,move/1031,folder_8,folder,6,move/1031/im6.jpg
move/1031::folder,move,move/1031,folder_8,folder,7,move/1031/im7.jpg
move/1031::folder,move,move/1031,folder_8,folder,8,move/1031/im8.jpg
move/126::folder,move,move/126,folder_8,folder,1,move/126/im1.jpg
move/126::folder,move,move/126,folder_8,folder,2,move/126/im2.jpg
move/126::folder,move,move/126,folder_8,folder,3,move/126/im3.jpg
move/126::folder,move,move/126,folder_8,folder,4,move/126/im4.jpg
move/126::folder,move,move/126,folder_8,folder,5,move/126/im5.jpg
move/126::folder,move,move/126,folder_8,folder,6,move/126/im6.jpg
move/126::folder,move,move/126,folder_8,folder,7,move/126/im7.jpg
move/126::folder,move,move/126,folder_8,folder,8,move/126/im8.jpg
move/128::folder,move,move/128,folder_8,folder,1,move/128/im1.jpg
move/128::folder,move,move/128,folder_8,folder,2,move/128/im2.jpg
move/128::folder,move,move/128,folder_8,folder,3,move/128/im3.jpg
move/128::folder,move,move/128,folder_8,folder,4,move/128/im4.jpg
move/128::folder,move,move/128,folder_8,folder,5,move/128/im5.jpg
move/128::folder,move,move/128,folder_8,folder,6,move/128/im6.jpg
move/128::folder,move,move/128,folder_8,folder,7,move/128/im7.jpg
move/128::folder,move,move/128,folder_8,folder,8,move/128/im8.jpg
move/129::folder,move,move/129,folder_8,folder,1,move/129/im1.jpg
move/129::folder,move,move/129,folder_8,folder,2,move/129/im2.jpg
move/129::folder,move,move/129,folder_8,folder,3,move/129/im3.jpg
move/129::folder,move,move/129,folder_8,folder,4,move/129/im4.jpg
move/129::folder,move,move/129,folder_8,folder,5,move/129/im5.jpg
move/129::folder,move,move/129,folder_8,folder,6,move/129/im6.jpg
move/129::folder,move,move/129,folder_8,folder,7,move/129/im7.jpg
move/129::folder,move,move/129,folder_8,folder,8,move/129/im8.jpg
move/130::folder,move,move/130,folder_8,folder,1,move/130/im1.jpg
move/130::folder,move,move/130,folder_8,folder,2,move/130/im2.jpg
move/130::folder,move,move/130,folder_8,folder,3,move/130/im3.jpg
move/130::folder,move,move/130,folder_8,folder,4,move/130/im4.jpg
move/130::folder,move,move/130,folder_8,folder,5,move/130/im5.jpg
move/130::folder,move,move/130,folder_8,folder,6,move/130/im6.jpg
move/130::folder,move,move/130,folder_8,folder,7,move/130/im7.jpg
move/130::folder,move,move/130,folder_8,folder,8,move/130/im8.jpg
move/136::folder,move,move/136,folder_8,folder,1,move/136/im1.jpg
move/136::folder,move,move/136,folder_8,folder,2,move/136/im2.jpg
move/136::folder,move,move/136,folder_8,folder,3,move/136/im3.jpg
move/136::folder,move,move/136,folder_8,folder,4,move/136/im4.jpg
move/136::folder,move,move/136,folder_8,folder,5,move/136/im5.jpg
move/136::folder,move,move/136,folder_8,folder,6,move/136/im6.jpg
move/136::folder,move,move/136,folder_8,folder,7,move/136/im7.jpg
move/136::folder,move,move/136,folder_8,folder,8,move/136/im8.jpg
move/144::folder,move,move/144,folder_8,folder,1,move/144/im1.jpg
move/144::folder,move,move/144,folder_8,folder,2,move/144/im2.jpg
move/144::folder,move,move/144,folder_8,folder,3,move/144/im3.jpg
move/144::folder,move,move/144,folder_8,folder,4,move/144/im4.jpg
move/144::folder,move,move/144,folder_8,folder,5,move/144/im5.jpg
move/144::folder,move,move/144,folder_8,folder,6,move/144/im6.jpg
move/144::folder,move,move/144,folder_8,folder,7,move/144/im7.jpg
move/144::folder,move,move/144,folder_8,folder,8,move/144/im8.jpg
move/145::folder,move,move/145,folder_8,folder,1,move/145/im1.jpg
move/145::folder,move,move/145,folder_8,folder,2,move/145/im2.jpg
move/145::folder,move,move/145,folder_8,folder,3,move/145/im3.jpg
move/145::folder,move,move/145,folder_8,folder,4,move/145/im4.jpg
move/145::folder,move,move/145,folder_8,folder,5,move/145/im5.jpg
move/145::folder,move,move/145,folder_8,folder,6,move/145/im6.jpg
move/145::folder,move,move/145,folder_8,folder,7,move/145/im7.jpg
move/145::folder,move,move/145,folder_8,folder,8,move/145/im8.jpg
move/21::folder,move,move/21,folder_8,folder,1,move/21/im1.jpg
move/21::folder,move,move/21,folder_8,folder,2,move/21/im2.jpg
move/21::folder,move,move/21,folder_8,folder,3,move/21/im3.jpg
move/21::folder,move,move/21,folder_8,folder,4,move/21/im4.jpg
move/21::folder,move,move/21,folder_8,folder,5,move/21/im5.jpg
move/21::folder,move,move/21,folder_8,folder,6,move/21/im6.jpg
move/21::folder,move,move/21,folder_8,folder,7,move/21/im7.jpg
move/21::folder,move,move/21,folder_8,folder,8,move/21/im8.jpg
move/21_1::folder,move,move/21_1,folder_8,folder,1,move/21_1/im1.jpg
move/21_1::folder,move,move/21_1,folder_8,folder,2,move/21_1/im2.jpg
move/21_1::folder,move,move/21_1,folder_8,folder,3,move/21_1/im3.jpg
move/21_1::folder,move,move/21_1,folder_8,folder,4,move/21_1/im4.jpg
move/21_1::folder,move,move/21_1,folder_8,folder,5,move/21_1/im5.jpg
move/21_1::folder,move,move/21_1,folder_8,folder,6,move/21_1/im6.jpg
move/21_1::folder,move,move/21_1,folder_8,folder,7,move/21_1/im7.jpg
move/21_1::folder,move,move/21_1,folder_8,folder,8,move/21_1/im8.jpg
move/22::folder,move,move/22,folder_8,folder,1,move/22/im1.jpg
move/22::folder,move,move/22,folder_8,folder,2,move/22/im2.jpg
move/22::folder,move,move/22,folder_8,folder,3,move/22/im3.jpg
move/22::folder,move,move/22,folder_8,folder,4,move/22/im4.jpg
move/22::folder,move,move/22,folder_8,folder,5,move/22/im5.jpg
move/22::folder,move,move/22,folder_8,folder,6,move/22/im6.jpg
move/22::folder,move,move/22,folder_8,folder,7,move/22/im7.jpg
move/22::folder,move,move/22,folder_8,folder,8,move/22/im8.jpg
move/24::folder,move,move/24,folder_8,folder,1,move/24/im1.jpg
move/24::folder,move,move/24,folder_8,folder,2,move/24/im2.jpg
move/24::folder,move,move/24,folder_8,folder,3,move/24/im3.jpg
move/24::folder,move,move/24,folder_8,folder,4,move/24/im4.jpg
move/24::folder,move,move/24,folder_8,folder,5,move/24/im5.jpg
move/24::folder,move,move/24,folder_8,folder,6,move/24/im6.jpg
move/24::folder,move,move/24,folder_8,folder,7,move/24/im7.jpg
move/24::folder,move,move/24,folder_8,folder,8,move/24/im8.jpg
move/257::folder,move,move/257,folder_8,folder,1,move/257/im1.jpg
move/257::folder,move,move/257,folder_8,folder,2,move/257/im2.jpg
move/257::folder,move,move/257,folder_8,folder,3,move/257/im3.jpg
move/257::folder,move,move/257,folder_8,folder,4,move/257/im4.jpg
move/257::folder,move,move/257,folder_8,folder,5,move/257/im5.jpg
move/257::folder,move,move/257,folder_8,folder,6,move/257/im6.jpg
move/257::folder,move,move/257,folder_8,folder,7,move/257/im7.jpg
move/257::folder,move,move/257,folder_8,folder,8,move/257/im8.jpg
move/26::folder,move,move/26,folder_8,folder,1,move/26/im1.jpg
move/26::folder,move,move/26,folder_8,folder,2,move/26/im2.jpg
move/26::folder,move,move/26,folder_8,folder,3,move/26/im3.jpg
move/26::folder,move,move/26,folder_8,folder,4,move/26/im4.jpg
move/26::folder,move,move/26,folder_8,folder,5,move/26/im5.jpg
move/26::folder,move,move/26,folder_8,folder,6,move/26/im6.jpg
move/26::folder,move,move/26,folder_8,folder,7,move/26/im7.jpg
move/26::folder,move,move/26,folder_8,folder,8,move/26/im8.jpg
move/27::folder,move,move/27,folder_8,folder,1,move/27/im1.jpg
move/27::folder,move,move/27,folder_8,folder,2,move/27/im2.jpg
move/27::folder,move,move/27,folder_8,folder,3,move/27/im3.jpg
move/27::folder,move,move/27,folder_8,folder,4,move/27/im4.jpg
move/27::folder,move,move/27,folder_8,folder,5,move/27/im5.jpg
move/27::folder,move,move/27,folder_8,folder,6,move/27/im6.jpg
move/27::folder,move,move/27,folder_8,folder,7,move/27/im7.jpg
move/27::folder,move,move/27,folder_8,folder,8,move/27/im8.jpg
move/48::folder,move,move/48,folder_8,folder,1,move/48/im1.jpg
move/48::folder,move,move/48,folder_8,folder,2,move/48/im2.jpg
move/48::folder,move,move/48,folder_8,folder,3,move/48/im3.jpg
move/48::folder,move,move/48,folder_8,folder,4,move/48/im4.jpg
move/48::folder,move,move/48,folder_8,folder,5,move/48/im5.jpg
move/48::folder,move,move/48,folder_8,folder,6,move/48/im6.jpg
move/48::folder,move,move/48,folder_8,folder,7,move/48/im7.jpg
move/48::folder,move,move/48,folder_8,folder,8,move/48/im8.jpg
move/95::folder,move,move/95,folder_8,folder,1,move/95/im1.jpg
move/95::folder,move,move/95,folder_8,folder,2,move/95/im2.jpg
move/95::folder,move,move/95,folder_8,folder,3,move/95/im3.jpg
move/95::folder,move,move/95,folder_8,folder,4,move/95/im4.jpg
move/95::folder,move,move/95,folder_8,folder,5,move/95/im5.jpg
move/95::folder,move,move/95,folder_8,folder,6,move/95/im6.jpg
move/95::folder,move,move/95,folder_8,folder,7,move/95/im7.jpg
move/95::folder,move,move/95,folder_8,folder,8,move/95/im8.jpg
work/(1)::0,work,work/(1),prefixed_8,0,1,work/(1)/0_im1.jpg
work/(1)::0,work,work/(1),prefixed_8,0,2,work/(1)/0_im2.jpg
work/(1)::0,work,work/(1),prefixed_8,0,3,work/(1)/0_im3.jpg
work/(1)::0,work,work/(1),prefixed_8,0,4,work/(1)/0_im4.jpg
work/(1)::0,work,work/(1),prefixed_8,0,5,work/(1)/0_im5.jpg
work/(1)::0,work,work/(1),prefixed_8,0,6,work/(1)/0_im6.jpg
work/(1)::0,work,work/(1),prefixed_8,0,7,work/(1)/0_im7.jpg
work/(1)::0,work,work/(1),prefixed_8,0,8,work/(1)/0_im8.jpg
work/(1)::1,work,work/(1),prefixed_8,1,1,work/(1)/1_im1.jpg
work/(1)::1,work,work/(1),prefixed_8,1,2,work/(1)/1_im2.jpg
work/(1)::1,work,work/(1),prefixed_8,1,3,work/(1)/1_im3.jpg
work/(1)::1,work,work/(1),prefixed_8,1,4,work/(1)/1_im4.jpg
work/(1)::1,work,work/(1),prefixed_8,1,5,work/(1)/1_im5.jpg
work/(1)::1,work,work/(1),prefixed_8,1,6,work/(1)/1_im6.jpg
work/(1)::1,work,work/(1),prefixed_8,1,7,work/(1)/1_im7.jpg
work/(1)::1,work,work/(1),prefixed_8,1,8,work/(1)/1_im8.jpg
work/(1)::10,work,work/(1),prefixed_8,10,1,work/(1)/10_im1.jpg
work/(1)::10,work,work/(1),prefixed_8,10,2,work/(1)/10_im2.jpg
work/(1)::10,work,work/(1),prefixed_8,10,3,work/(1)/10_im3.jpg
work/(1)::10,work,work/(1),prefixed_8,10,4,work/(1)/10_im4.jpg
work/(1)::10,work,work/(1),prefixed_8,10,5,work/(1)/10_im5.jpg
work/(1)::10,work,work/(1),prefixed_8,10,6,work/(1)/10_im6.jpg
work/(1)::10,work,work/(1),prefixed_8,10,7,work/(1)/10_im7.jpg
work/(1)::10,work,work/(1),prefixed_8,10,8,work/(1)/10_im8.jpg
work/(1)::11,work,work/(1),prefixed_8,11,1,work/(1)/11_im1.jpg
work/(1)::11,work,work/(1),prefixed_8,11,2,work/(1)/11_im2.jpg
work/(1)::11,work,work/(1),prefixed_8,11,3,work/(1)/11_im3.jpg
work/(1)::11,work,work/(1),prefixed_8,11,4,work/(1)/11_im4.jpg
work/(1)::11,work,work/(1),prefixed_8,11,5,work/(1)/11_im5.jpg
work/(1)::11,work,work/(1),prefixed_8,11,6,work/(1)/11_im6.jpg
work/(1)::11,work,work/(1),prefixed_8,11,7,work/(1)/11_im7.jpg
work/(1)::11,work,work/(1),prefixed_8,11,8,work/(1)/11_im8.jpg
work/(1)::12,work,work/(1),prefixed_8,12,1,work/(1)/12_im1.jpg
work/(1)::12,work,work/(1),prefixed_8,12,2,work/(1)/12_im2.jpg
work/(1)::12,work,work/(1),prefixed_8,12,3,work/(1)/12_im3.jpg
work/(1)::12,work,work/(1),prefixed_8,12,4,work/(1)/12_im4.jpg
work/(1)::12,work,work/(1),prefixed_8,12,5,work/(1)/12_im5.jpg
work/(1)::12,work,work/(1),prefixed_8,12,6,work/(1)/12_im6.jpg
work/(1)::12,work,work/(1),prefixed_8,12,7,work/(1)/12_im7.jpg
work/(1)::12,work,work/(1),prefixed_8,12,8,work/(1)/12_im8.jpg
work/(1)::13,work,work/(1),prefixed_8,13,1,work/(1)/13_im1.jpg
work/(1)::13,work,work/(1),prefixed_8,13,2,work/(1)/13_im2.jpg
work/(1)::13,work,work/(1),prefixed_8,13,3,work/(1)/13_im3.jpg
work/(1)::13,work,work/(1),prefixed_8,13,4,work/(1)/13_im4.jpg
work/(1)::13,work,work/(1),prefixed_8,13,5,work/(1)/13_im5.jpg
work/(1)::13,work,work/(1),prefixed_8,13,6,work/(1)/13_im6.jpg
work/(1)::13,work,work/(1),prefixed_8,13,7,work/(1)/13_im7.jpg
work/(1)::13,work,work/(1),prefixed_8,13,8,work/(1)/13_im8.jpg
work/(1)::14,work,work/(1),prefixed_8,14,1,work/(1)/14_im1.jpg
work/(1)::14,work,work/(1),prefixed_8,14,2,work/(1)/14_im2.jpg
work/(1)::14,work,work/(1),prefixed_8,14,3,work/(1)/14_im3.jpg
work/(1)::14,work,work/(1),prefixed_8,14,4,work/(1)/14_im4.jpg
work/(1)::14,work,work/(1),prefixed_8,14,5,work/(1)/14_im5.jpg
work/(1)::14,work,work/(1),prefixed_8,14,6,work/(1)/14_im6.jpg
work/(1)::14,work,work/(1),prefixed_8,14,7,work/(1)/14_im7.jpg
work/(1)::14,work,work/(1),prefixed_8,14,8,work/(1)/14_im8.jpg
work/(1)::15,work,work/(1),prefixed_8,15,1,work/(1)/15_im1.jpg
work/(1)::15,work,work/(1),prefixed_8,15,2,work/(1)/15_im2.jpg
work/(1)::15,work,work/(1),prefixed_8,15,3,work/(1)/15_im3.jpg
work/(1)::15,work,work/(1),prefixed_8,15,4,work/(1)/15_im4.jpg
work/(1)::15,work,work/(1),prefixed_8,15,5,work/(1)/15_im5.jpg
work/(1)::15,work,work/(1),prefixed_8,15,6,work/(1)/15_im6.jpg
work/(1)::15,work,work/(1),prefixed_8,15,7,work/(1)/15_im7.jpg
work/(1)::15,work,work/(1),prefixed_8,15,8,work/(1)/15_im8.jpg
work/(1)::2,work,work/(1),prefixed_8,2,1,work/(1)/2_im1.jpg
work/(1)::2,work,work/(1),prefixed_8,2,2,work/(1)/2_im2.jpg
work/(1)::2,work,work/(1),prefixed_8,2,3,work/(1)/2_im3.jpg
work/(1)::2,work,work/(1),prefixed_8,2,4,work/(1)/2_im4.jpg
work/(1)::2,work,work/(1),prefixed_8,2,5,work/(1)/2_im5.jpg
work/(1)::2,work,work/(1),prefixed_8,2,6,work/(1)/2_im6.jpg
work/(1)::2,work,work/(1),prefixed_8,2,7,work/(1)/2_im7.jpg
work/(1)::2,work,work/(1),prefixed_8,2,8,work/(1)/2_im8.jpg
work/(1)::3,work,work/(1),prefixed_8,3,1,work/(1)/3_im1.jpg
work/(1)::3,work,work/(1),prefixed_8,3,2,work/(1)/3_im2.jpg
work/(1)::3,work,work/(1),prefixed_8,3,3,work/(1)/3_im3.jpg
work/(1)::3,work,work/(1),prefixed_8,3,4,work/(1)/3_im4.jpg
work/(1)::3,work,work/(1),prefixed_8,3,5,work/(1)/3_im5.jpg
work/(1)::3,work,work/(1),prefixed_8,3,6,work/(1)/3_im6.jpg
work/(1)::3,work,work/(1),prefixed_8,3,7,work/(1)/3_im7.jpg
work/(1)::3,work,work/(1),prefixed_8,3,8,work/(1)/3_im8.jpg
work/(1)::4,work,work/(1),prefixed_8,4,1,work/(1)/4_im1.jpg
work/(1)::4,work,work/(1),prefixed_8,4,2,work/(1)/4_im2.jpg
work/(1)::4,work,work/(1),prefixed_8,4,3,work/(1)/4_im3.jpg
work/(1)::4,work,work/(1),prefixed_8,4,4,work/(1)/4_im4.jpg
work/(1)::4,work,work/(1),prefixed_8,4,5,work/(1)/4_im5.jpg
work/(1)::4,work,work/(1),prefixed_8,4,6,work/(1)/4_im6.jpg
work/(1)::4,work,work/(1),prefixed_8,4,7,work/(1)/4_im7.jpg
work/(1)::4,work,work/(1),prefixed_8,4,8,work/(1)/4_im8.jpg
work/(1)::5,work,work/(1),prefixed_8,5,1,work/(1)/5_im1.jpg
work/(1)::5,work,work/(1),prefixed_8,5,2,work/(1)/5_im2.jpg
work/(1)::5,work,work/(1),prefixed_8,5,3,work/(1)/5_im3.jpg
work/(1)::5,work,work/(1),prefixed_8,5,4,work/(1)/5_im4.jpg
work/(1)::5,work,work/(1),prefixed_8,5,5,work/(1)/5_im5.jpg
work/(1)::5,work,work/(1),prefixed_8,5,6,work/(1)/5_im6.jpg
work/(1)::5,work,work/(1),prefixed_8,5,7,work/(1)/5_im7.jpg
work/(1)::5,work,work/(1),prefixed_8,5,8,work/(1)/5_im8.jpg
work/(1)::6,work,work/(1),prefixed_8,6,1,work/(1)/6_im1.jpg
work/(1)::6,work,work/(1),prefixed_8,6,2,work/(1)/6_im2.jpg
work/(1)::6,work,work/(1),prefixed_8,6,3,work/(1)/6_im3.jpg
work/(1)::6,work,work/(1),prefixed_8,6,4,work/(1)/6_im4.jpg
work/(1)::6,work,work/(1),prefixed_8,6,5,work/(1)/6_im5.jpg
work/(1)::6,work,work/(1),prefixed_8,6,6,work/(1)/6_im6.jpg
work/(1)::6,work,work/(1),prefixed_8,6,7,work/(1)/6_im7.jpg
work/(1)::6,work,work/(1),prefixed_8,6,8,work/(1)/6_im8.jpg
work/(1)::7,work,work/(1),prefixed_8,7,1,work/(1)/7_im1.jpg
work/(1)::7,work,work/(1),prefixed_8,7,2,work/(1)/7_im2.jpg
work/(1)::7,work,work/(1),prefixed_8,7,3,work/(1)/7_im3.jpg
work/(1)::7,work,work/(1),prefixed_8,7,4,work/(1)/7_im4.jpg
work/(1)::7,work,work/(1),prefixed_8,7,5,work/(1)/7_im5.jpg
work/(1)::7,work,work/(1),prefixed_8,7,6,work/(1)/7_im6.jpg
work/(1)::7,work,work/(1),prefixed_8,7,7,work/(1)/7_im7.jpg
work/(1)::7,work,work/(1),prefixed_8,7,8,work/(1)/7_im8.jpg
work/(1)::8,work,work/(1),prefixed_8,8,1,work/(1)/8_im1.jpg
work/(1)::8,work,work/(1),prefixed_8,8,2,work/(1)/8_im2.jpg
work/(1)::8,work,work/(1),prefixed_8,8,3,work/(1)/8_im3.jpg
work/(1)::8,work,work/(1),prefixed_8,8,4,work/(1)/8_im4.jpg
work/(1)::8,work,work/(1),prefixed_8,8,5,work/(1)/8_im5.jpg
work/(1)::8,work,work/(1),prefixed_8,8,6,work/(1)/8_im6.jpg
work/(1)::8,work,work/(1),prefixed_8,8,7,work/(1)/8_im7.jpg
work/(1)::8,work,work/(1),prefixed_8,8,8,work/(1)/8_im8.jpg
work/(1)::9,work,work/(1),prefixed_8,9,1,work/(1)/9_im1.jpg
work/(1)::9,work,work/(1),prefixed_8,9,2,work/(1)/9_im2.jpg
work/(1)::9,work,work/(1),prefixed_8,9,3,work/(1)/9_im3.jpg
work/(1)::9,work,work/(1),prefixed_8,9,4,work/(1)/9_im4.jpg
work/(1)::9,work,work/(1),prefixed_8,9,5,work/(1)/9_im5.jpg
work/(1)::9,work,work/(1),prefixed_8,9,6,work/(1)/9_im6.jpg
work/(1)::9,work,work/(1),prefixed_8,9,7,work/(1)/9_im7.jpg
work/(1)::9,work,work/(1),prefixed_8,9,8,work/(1)/9_im8.jpg
work/(10)::0,work,work/(10),prefixed_8,0,1,work/(10)/0_im1.jpg
work/(10)::0,work,work/(10),prefixed_8,0,2,work/(10)/0_im2.jpg
work/(10)::0,work,work/(10),prefixed_8,0,3,work/(10)/0_im3.jpg
work/(10)::0,work,work/(10),prefixed_8,0,4,work/(10)/0_im4.jpg
work/(10)::0,work,work/(10),prefixed_8,0,5,work/(10)/0_im5.jpg
work/(10)::0,work,work/(10),prefixed_8,0,6,work/(10)/0_im6.jpg
work/(10)::0,work,work/(10),prefixed_8,0,7,work/(10)/0_im7.jpg
work/(10)::0,work,work/(10),prefixed_8,0,8,work/(10)/0_im8.jpg
work/(10)::1,work,work/(10),prefixed_8,1,1,work/(10)/1_im1.jpg
work/(10)::1,work,work/(10),prefixed_8,1,2,work/(10)/1_im2.jpg
work/(10)::1,work,work/(10),prefixed_8,1,3,work/(10)/1_im3.jpg
work/(10)::1,work,work/(10),prefixed_8,1,4,work/(10)/1_im4.jpg
work/(10)::1,work,work/(10),prefixed_8,1,5,work/(10)/1_im5.jpg
work/(10)::1,work,work/(10),prefixed_8,1,6,work/(10)/1_im6.jpg
work/(10)::1,work,work/(10),prefixed_8,1,7,work/(10)/1_im7.jpg
work/(10)::1,work,work/(10),prefixed_8,1,8,work/(10)/1_im8.jpg
work/(11)::0,work,work/(11),prefixed_8,0,1,work/(11)/0_im1.jpg
work/(11)::0,work,work/(11),prefixed_8,0,2,work/(11)/0_im2.jpg
work/(11)::0,work,work/(11),prefixed_8,0,3,work/(11)/0_im3.jpg
work/(11)::0,work,work/(11),prefixed_8,0,4,work/(11)/0_im4.jpg
work/(11)::0,work,work/(11),prefixed_8,0,5,work/(11)/0_im5.jpg
work/(11)::0,work,work/(11),prefixed_8,0,6,work/(11)/0_im6.jpg
work/(11)::0,work,work/(11),prefixed_8,0,7,work/(11)/0_im7.jpg
work/(11)::0,work,work/(11),prefixed_8,0,8,work/(11)/0_im8.jpg
work/(11)::1,work,work/(11),prefixed_8,1,1,work/(11)/1_im1.jpg
work/(11)::1,work,work/(11),prefixed_8,1,2,work/(11)/1_im2.jpg
work/(11)::1,work,work/(11),prefixed_8,1,3,work/(11)/1_im3.jpg
work/(11)::1,work,work/(11),prefixed_8,1,4,work/(11)/1_im4.jpg
work/(11)::1,work,work/(11),prefixed_8,1,5,work/(11)/1_im5.jpg
work/(11)::1,work,work/(11),prefixed_8,1,6,work/(11)/1_im6.jpg
work/(11)::1,work,work/(11),prefixed_8,1,7,work/(11)/1_im7.jpg
work/(11)::1,work,work/(11),prefixed_8,1,8,work/(11)/1_im8.jpg
work/(11)::2,work,work/(11),prefixed_8,2,1,work/(11)/2_im1.jpg
work/(11)::2,work,work/(11),prefixed_8,2,2,work/(11)/2_im2.jpg
work/(11)::2,work,work/(11),prefixed_8,2,3,work/(11)/2_im3.jpg
work/(11)::2,work,work/(11),prefixed_8,2,4,work/(11)/2_im4.jpg
work/(11)::2,work,work/(11),prefixed_8,2,5,work/(11)/2_im5.jpg
work/(11)::2,work,work/(11),prefixed_8,2,6,work/(11)/2_im6.jpg
work/(11)::2,work,work/(11),prefixed_8,2,7,work/(11)/2_im7.jpg
work/(11)::2,work,work/(11),prefixed_8,2,8,work/(11)/2_im8.jpg
work/(11)::4,work,work/(11),prefixed_8,4,1,work/(11)/4_im1.jpg
work/(11)::4,work,work/(11),prefixed_8,4,2,work/(11)/4_im2.jpg
work/(11)::4,work,work/(11),prefixed_8,4,3,work/(11)/4_im3.jpg
work/(11)::4,work,work/(11),prefixed_8,4,4,work/(11)/4_im4.jpg
work/(11)::4,work,work/(11),prefixed_8,4,5,work/(11)/4_im5.jpg
work/(11)::4,work,work/(11),prefixed_8,4,6,work/(11)/4_im6.jpg
work/(11)::4,work,work/(11),prefixed_8,4,7,work/(11)/4_im7.jpg
work/(11)::4,work,work/(11),prefixed_8,4,8,work/(11)/4_im8.jpg
work/(12)::0,work,work/(12),prefixed_8,0,1,work/(12)/0_im1.jpg
work/(12)::0,work,work/(12),prefixed_8,0,2,work/(12)/0_im2.jpg
work/(12)::0,work,work/(12),prefixed_8,0,3,work/(12)/0_im3.jpg
work/(12)::0,work,work/(12),prefixed_8,0,4,work/(12)/0_im4.jpg
work/(12)::0,work,work/(12),prefixed_8,0,5,work/(12)/0_im5.jpg
work/(12)::0,work,work/(12),prefixed_8,0,6,work/(12)/0_im6.jpg
work/(12)::0,work,work/(12),prefixed_8,0,7,work/(12)/0_im7.jpg
work/(12)::0,work,work/(12),prefixed_8,0,8,work/(12)/0_im8.jpg
work/(12)::1,work,work/(12),prefixed_8,1,1,work/(12)/1_im1.jpg
work/(12)::1,work,work/(12),prefixed_8,1,2,work/(12)/1_im2.jpg
work/(12)::1,work,work/(12),prefixed_8,1,3,work/(12)/1_im3.jpg
work/(12)::1,work,work/(12),prefixed_8,1,4,work/(12)/1_im4.jpg
work/(12)::1,work,work/(12),prefixed_8,1,5,work/(12)/1_im5.jpg
work/(12)::1,work,work/(12),prefixed_8,1,6,work/(12)/1_im6.jpg
work/(12)::1,work,work/(12),prefixed_8,1,7,work/(12)/1_im7.jpg
work/(12)::1,work,work/(12),prefixed_8,1,8,work/(12)/1_im8.jpg
work/(12)::2,work,work/(12),prefixed_8,2,1,work/(12)/2_im1.jpg
work/(12)::2,work,work/(12),prefixed_8,2,2,work/(12)/2_im2.jpg
work/(12)::2,work,work/(12),prefixed_8,2,3,work/(12)/2_im3.jpg
work/(12)::2,work,work/(12),prefixed_8,2,4,work/(12)/2_im4.jpg
work/(12)::2,work,work/(12),prefixed_8,2,5,work/(12)/2_im5.jpg
work/(12)::2,work,work/(12),prefixed_8,2,6,work/(12)/2_im6.jpg
work/(12)::2,work,work/(12),prefixed_8,2,7,work/(12)/2_im7.jpg
work/(12)::2,work,work/(12),prefixed_8,2,8,work/(12)/2_im8.jpg
work/(12)::3,work,work/(12),prefixed_8,3,1,work/(12)/3_im1.jpg
work/(12)::3,work,work/(12),prefixed_8,3,2,work/(12)/3_im2.jpg
work/(12)::3,work,work/(12),prefixed_8,3,3,work/(12)/3_im3.jpg
work/(12)::3,work,work/(12),prefixed_8,3,4,work/(12)/3_im4.jpg
work/(12)::3,work,work/(12),prefixed_8,3,5,work/(12)/3_im5.jpg
work/(12)::3,work,work/(12),prefixed_8,3,6,work/(12)/3_im6.jpg
work/(12)::3,work,work/(12),prefixed_8,3,7,work/(12)/3_im7.jpg
work/(12)::3,work,work/(12),prefixed_8,3,8,work/(12)/3_im8.jpg
work/(12)::4,work,work/(12),prefixed_8,4,1,work/(12)/4_im1.jpg
work/(12)::4,work,work/(12),prefixed_8,4,2,work/(12)/4_im2.jpg
work/(12)::4,work,work/(12),prefixed_8,4,3,work/(12)/4_im3.jpg
work/(12)::4,work,work/(12),prefixed_8,4,4,work/(12)/4_im4.jpg
work/(12)::4,work,work/(12),prefixed_8,4,5,work/(12)/4_im5.jpg
work/(12)::4,work,work/(12),prefixed_8,4,6,work/(12)/4_im6.jpg
work/(12)::4,work,work/(12),prefixed_8,4,7,work/(12)/4_im7.jpg
work/(12)::4,work,work/(12),prefixed_8,4,8,work/(12)/4_im8.jpg
work/(12)::5,work,work/(12),prefixed_8,5,1,work/(12)/5_im1.jpg
work/(12)::5,work,work/(12),prefixed_8,5,2,work/(12)/5_im2.jpg
work/(12)::5,work,work/(12),prefixed_8,5,3,work/(12)/5_im3.jpg
work/(12)::5,work,work/(12),prefixed_8,5,4,work/(12)/5_im4.jpg
work/(12)::5,work,work/(12),prefixed_8,5,5,work/(12)/5_im5.jpg
work/(12)::5,work,work/(12),prefixed_8,5,6,work/(12)/5_im6.jpg
work/(12)::5,work,work/(12),prefixed_8,5,7,work/(12)/5_im7.jpg
work/(12)::5,work,work/(12),prefixed_8,5,8,work/(12)/5_im8.jpg
work/(12)::6,work,work/(12),prefixed_8,6,1,work/(12)/6_im1.jpg
work/(12)::6,work,work/(12),prefixed_8,6,2,work/(12)/6_im2.jpg
work/(12)::6,work,work/(12),prefixed_8,6,3,work/(12)/6_im3.jpg
work/(12)::6,work,work/(12),prefixed_8,6,4,work/(12)/6_im4.jpg
work/(12)::6,work,work/(12),prefixed_8,6,5,work/(12)/6_im5.jpg
work/(12)::6,work,work/(12),prefixed_8,6,6,work/(12)/6_im6.jpg
work/(12)::6,work,work/(12),prefixed_8,6,7,work/(12)/6_im7.jpg
work/(12)::6,work,work/(12),prefixed_8,6,8,work/(12)/6_im8.jpg
work/(12)::7,work,work/(12),prefixed_8,7,1,work/(12)/7_im1.jpg
work/(12)::7,work,work/(12),prefixed_8,7,2,work/(12)/7_im2.jpg
work/(12)::7,work,work/(12),prefixed_8,7,3,work/(12)/7_im3.jpg
work/(12)::7,work,work/(12),prefixed_8,7,4,work/(12)/7_im4.jpg
work/(12)::7,work,work/(12),prefixed_8,7,5,work/(12)/7_im5.jpg
work/(12)::7,work,work/(12),prefixed_8,7,6,work/(12)/7_im6.jpg
work/(12)::7,work,work/(12),prefixed_8,7,7,work/(12)/7_im7.jpg
work/(12)::7,work,work/(12),prefixed_8,7,8,work/(12)/7_im8.jpg
work/(12)::8,work,work/(12),prefixed_8,8,1,work/(12)/8_im1.jpg
work/(12)::8,work,work/(12),prefixed_8,8,2,work/(12)/8_im2.jpg
work/(12)::8,work,work/(12),prefixed_8,8,3,work/(12)/8_im3.jpg
work/(12)::8,work,work/(12),prefixed_8,8,4,work/(12)/8_im4.jpg
work/(12)::8,work,work/(12),prefixed_8,8,5,work/(12)/8_im5.jpg
work/(12)::8,work,work/(12),prefixed_8,8,6,work/(12)/8_im6.jpg
work/(12)::8,work,work/(12),prefixed_8,8,7,work/(12)/8_im7.jpg
work/(12)::8,work,work/(12),prefixed_8,8,8,work/(12)/8_im8.jpg
work/(12)::9,work,work/(12),prefixed_8,9,1,work/(12)/9_im1.jpg
work/(12)::9,work,work/(12),prefixed_8,9,2,work/(12)/9_im2.jpg
work/(12)::9,work,work/(12),prefixed_8,9,3,work/(12)/9_im3.jpg
work/(12)::9,work,work/(12),prefixed_8,9,4,work/(12)/9_im4.jpg
work/(12)::9,work,work/(12),prefixed_8,9,5,work/(12)/9_im5.jpg
work/(12)::9,work,work/(12),prefixed_8,9,6,work/(12)/9_im6.jpg
work/(12)::9,work,work/(12),prefixed_8,9,7,work/(12)/9_im7.jpg
work/(12)::9,work,work/(12),prefixed_8,9,8,work/(12)/9_im8.jpg
work/(13)::0,work,work/(13),prefixed_8,0,1,work/(13)/0_im1.jpg
work/(13)::0,work,work/(13),prefixed_8,0,2,work/(13)/0_im2.jpg
work/(13)::0,work,work/(13),prefixed_8,0,3,work/(13)/0_im3.jpg
work/(13)::0,work,work/(13),prefixed_8,0,4,work/(13)/0_im4.jpg
work/(13)::0,work,work/(13),prefixed_8,0,5,work/(13)/0_im5.jpg
work/(13)::0,work,work/(13),prefixed_8,0,6,work/(13)/0_im6.jpg
work/(13)::0,work,work/(13),prefixed_8,0,7,work/(13)/0_im7.jpg
work/(13)::0,work,work/(13),prefixed_8,0,8,work/(13)/0_im8.jpg
work/(13)::1,work,work/(13),prefixed_8,1,1,work/(13)/1_im1.jpg
work/(13)::1,work,work/(13),prefixed_8,1,2,work/(13)/1_im2.jpg
work/(13)::1,work,work/(13),prefixed_8,1,3,work/(13)/1_im3.jpg
work/(13)::1,work,work/(13),prefixed_8,1,4,work/(13)/1_im4.jpg
work/(13)::1,work,work/(13),prefixed_8,1,5,work/(13)/1_im5.jpg
work/(13)::1,work,work/(13),prefixed_8,1,6,work/(13)/1_im6.jpg
work/(13)::1,work,work/(13),prefixed_8,1,7,work/(13)/1_im7.jpg
work/(13)::1,work,work/(13),prefixed_8,1,8,work/(13)/1_im8.jpg
work/(13)::2,work,work/(13),prefixed_8,2,1,work/(13)/2_im1.jpg
work/(13)::2,work,work/(13),prefixed_8,2,2,work/(13)/2_im2.jpg
work/(13)::2,work,work/(13),prefixed_8,2,3,work/(13)/2_im3.jpg
work/(13)::2,work,work/(13),prefixed_8,2,4,work/(13)/2_im4.jpg
work/(13)::2,work,work/(13),prefixed_8,2,5,work/(13)/2_im5.jpg
work/(13)::2,work,work/(13),prefixed_8,2,6,work/(13)/2_im6.jpg
work/(13)::2,work,work/(13),prefixed_8,2,7,work/(13)/2_im7.jpg
work/(13)::2,work,work/(13),prefixed_8,2,8,work/(13)/2_im8.jpg
work/(13)::3,work,work/(13),prefixed_8,3,1,work/(13)/3_im1.jpg
work/(13)::3,work,work/(13),prefixed_8,3,2,work/(13)/3_im2.jpg
work/(13)::3,work,work/(13),prefixed_8,3,3,work/(13)/3_im3.jpg
work/(13)::3,work,work/(13),prefixed_8,3,4,work/(13)/3_im4.jpg
work/(13)::3,work,work/(13),prefixed_8,3,5,work/(13)/3_im5.jpg
work/(13)::3,work,work/(13),prefixed_8,3,6,work/(13)/3_im6.jpg
work/(13)::3,work,work/(13),prefixed_8,3,7,work/(13)/3_im7.jpg
work/(13)::3,work,work/(13),prefixed_8,3,8,work/(13)/3_im8.jpg
work/(13)::5,work,work/(13),prefixed_8,5,1,work/(13)/5_im1.jpg
work/(13)::5,work,work/(13),prefixed_8,5,2,work/(13)/5_im2.jpg
work/(13)::5,work,work/(13),prefixed_8,5,3,work/(13)/5_im3.jpg
work/(13)::5,work,work/(13),prefixed_8,5,4,work/(13)/5_im4.jpg
work/(13)::5,work,work/(13),prefixed_8,5,5,work/(13)/5_im5.jpg
work/(13)::5,work,work/(13),prefixed_8,5,6,work/(13)/5_im6.jpg
work/(13)::5,work,work/(13),prefixed_8,5,7,work/(13)/5_im7.jpg
work/(13)::5,work,work/(13),prefixed_8,5,8,work/(13)/5_im8.jpg
work/(13)::6,work,work/(13),prefixed_8,6,1,work/(13)/6_im1.jpg
work/(13)::6,work,work/(13),prefixed_8,6,2,work/(13)/6_im2.jpg
work/(13)::6,work,work/(13),prefixed_8,6,3,work/(13)/6_im3.jpg
work/(13)::6,work,work/(13),prefixed_8,6,4,work/(13)/6_im4.jpg
work/(13)::6,work,work/(13),prefixed_8,6,5,work/(13)/6_im5.jpg
work/(13)::6,work,work/(13),prefixed_8,6,6,work/(13)/6_im6.jpg
work/(13)::6,work,work/(13),prefixed_8,6,7,work/(13)/6_im7.jpg
work/(13)::6,work,work/(13),prefixed_8,6,8,work/(13)/6_im8.jpg
work/(14)::0,work,work/(14),prefixed_8,0,1,work/(14)/0_im1.jpg
work/(14)::0,work,work/(14),prefixed_8,0,2,work/(14)/0_im2.jpg
work/(14)::0,work,work/(14),prefixed_8,0,3,work/(14)/0_im3.jpg
work/(14)::0,work,work/(14),prefixed_8,0,4,work/(14)/0_im4.jpg
work/(14)::0,work,work/(14),prefixed_8,0,5,work/(14)/0_im5.jpg
work/(14)::0,work,work/(14),prefixed_8,0,6,work/(14)/0_im6.jpg
work/(14)::0,work,work/(14),prefixed_8,0,7,work/(14)/0_im7.jpg
work/(14)::0,work,work/(14),prefixed_8,0,8,work/(14)/0_im8.jpg
work/(14)::1,work,work/(14),prefixed_8,1,1,work/(14)/1_im1.jpg
work/(14)::1,work,work/(14),prefixed_8,1,2,work/(14)/1_im2.jpg
work/(14)::1,work,work/(14),prefixed_8,1,3,work/(14)/1_im3.jpg
work/(14)::1,work,work/(14),prefixed_8,1,4,work/(14)/1_im4.jpg
work/(14)::1,work,work/(14),prefixed_8,1,5,work/(14)/1_im5.jpg
work/(14)::1,work,work/(14),prefixed_8,1,6,work/(14)/1_im6.jpg
work/(14)::1,work,work/(14),prefixed_8,1,7,work/(14)/1_im7.jpg
work/(14)::1,work,work/(14),prefixed_8,1,8,work/(14)/1_im8.jpg
work/(14)::remaining,work,work/(14),remaining_8,remaining,1,work/(14)/im1.jpg
work/(14)::remaining,work,work/(14),remaining_8,remaining,2,work/(14)/im2.jpg
work/(14)::remaining,work,work/(14),remaining_8,remaining,3,work/(14)/im3.jpg
work/(14)::remaining,work,work/(14),remaining_8,remaining,4,work/(14)/im4.jpg
work/(14)::remaining,work,work/(14),remaining_8,remaining,5,work/(14)/im5.jpg
work/(14)::remaining,work,work/(14),remaining_8,remaining,6,work/(14)/im6.jpg
work/(14)::remaining,work,work/(14),remaining_8,remaining,7,work/(14)/im7.jpg
work/(14)::remaining,work,work/(14),remaining_8,remaining,8,work/(14)/im8.jpg
work/(15)::0,work,work/(15),prefixed_8,0,1,work/(15)/0_im1.jpg
work/(15)::0,work,work/(15),prefixed_8,0,2,work/(15)/0_im2.jpg
work/(15)::0,work,work/(15),prefixed_8,0,3,work/(15)/0_im3.jpg
work/(15)::0,work,work/(15),prefixed_8,0,4,work/(15)/0_im4.jpg
work/(15)::0,work,work/(15),prefixed_8,0,5,work/(15)/0_im5.jpg
work/(15)::0,work,work/(15),prefixed_8,0,6,work/(15)/0_im6.jpg
work/(15)::0,work,work/(15),prefixed_8,0,7,work/(15)/0_im7.jpg
work/(15)::0,work,work/(15),prefixed_8,0,8,work/(15)/0_im8.jpg
work/(15)::1,work,work/(15),prefixed_8,1,1,work/(15)/1_im1.jpg
work/(15)::1,work,work/(15),prefixed_8,1,2,work/(15)/1_im2.jpg
work/(15)::1,work,work/(15),prefixed_8,1,3,work/(15)/1_im3.jpg
work/(15)::1,work,work/(15),prefixed_8,1,4,work/(15)/1_im4.jpg
work/(15)::1,work,work/(15),prefixed_8,1,5,work/(15)/1_im5.jpg
work/(15)::1,work,work/(15),prefixed_8,1,6,work/(15)/1_im6.jpg
work/(15)::1,work,work/(15),prefixed_8,1,7,work/(15)/1_im7.jpg
work/(15)::1,work,work/(15),prefixed_8,1,8,work/(15)/1_im8.jpg
work/(15)::10,work,work/(15),prefixed_8,10,1,work/(15)/10_im1.jpg
work/(15)::10,work,work/(15),prefixed_8,10,2,work/(15)/10_im2.jpg
work/(15)::10,work,work/(15),prefixed_8,10,3,work/(15)/10_im3.jpg
work/(15)::10,work,work/(15),prefixed_8,10,4,work/(15)/10_im4.jpg
work/(15)::10,work,work/(15),prefixed_8,10,5,work/(15)/10_im5.jpg
work/(15)::10,work,work/(15),prefixed_8,10,6,work/(15)/10_im6.jpg
work/(15)::10,work,work/(15),prefixed_8,10,7,work/(15)/10_im7.jpg
work/(15)::10,work,work/(15),prefixed_8,10,8,work/(15)/10_im8.jpg
work/(15)::11,work,work/(15),prefixed_8,11,1,work/(15)/11_im1.jpg
work/(15)::11,work,work/(15),prefixed_8,11,2,work/(15)/11_im2.jpg
work/(15)::11,work,work/(15),prefixed_8,11,3,work/(15)/11_im3.jpg
work/(15)::11,work,work/(15),prefixed_8,11,4,work/(15)/11_im4.jpg
work/(15)::11,work,work/(15),prefixed_8,11,5,work/(15)/11_im5.jpg
work/(15)::11,work,work/(15),prefixed_8,11,6,work/(15)/11_im6.jpg
work/(15)::11,work,work/(15),prefixed_8,11,7,work/(15)/11_im7.jpg
work/(15)::11,work,work/(15),prefixed_8,11,8,work/(15)/11_im8.jpg
work/(15)::12,work,work/(15),prefixed_8,12,1,work/(15)/12_im1.jpg
work/(15)::12,work,work/(15),prefixed_8,12,2,work/(15)/12_im2.jpg
work/(15)::12,work,work/(15),prefixed_8,12,3,work/(15)/12_im3.jpg
work/(15)::12,work,work/(15),prefixed_8,12,4,work/(15)/12_im4.jpg
work/(15)::12,work,work/(15),prefixed_8,12,5,work/(15)/12_im5.jpg
work/(15)::12,work,work/(15),prefixed_8,12,6,work/(15)/12_im6.jpg
work/(15)::12,work,work/(15),prefixed_8,12,7,work/(15)/12_im7.jpg
work/(15)::12,work,work/(15),prefixed_8,12,8,work/(15)/12_im8.jpg
work/(15)::2,work,work/(15),prefixed_8,2,1,work/(15)/2_im1.jpg
work/(15)::2,work,work/(15),prefixed_8,2,2,work/(15)/2_im2.jpg
work/(15)::2,work,work/(15),prefixed_8,2,3,work/(15)/2_im3.jpg
work/(15)::2,work,work/(15),prefixed_8,2,4,work/(15)/2_im4.jpg
work/(15)::2,work,work/(15),prefixed_8,2,5,work/(15)/2_im5.jpg
work/(15)::2,work,work/(15),prefixed_8,2,6,work/(15)/2_im6.jpg
work/(15)::2,work,work/(15),prefixed_8,2,7,work/(15)/2_im7.jpg
work/(15)::2,work,work/(15),prefixed_8,2,8,work/(15)/2_im8.jpg
work/(15)::3,work,work/(15),prefixed_8,3,1,work/(15)/3_im1.jpg
work/(15)::3,work,work/(15),prefixed_8,3,2,work/(15)/3_im2.jpg
work/(15)::3,work,work/(15),prefixed_8,3,3,work/(15)/3_im3.jpg
work/(15)::3,work,work/(15),prefixed_8,3,4,work/(15)/3_im4.jpg
work/(15)::3,work,work/(15),prefixed_8,3,5,work/(15)/3_im5.jpg
work/(15)::3,work,work/(15),prefixed_8,3,6,work/(15)/3_im6.jpg
work/(15)::3,work,work/(15),prefixed_8,3,7,work/(15)/3_im7.jpg
work/(15)::3,work,work/(15),prefixed_8,3,8,work/(15)/3_im8.jpg
work/(15)::4,work,work/(15),prefixed_8,4,1,work/(15)/4_im1.jpg
work/(15)::4,work,work/(15),prefixed_8,4,2,work/(15)/4_im2.jpg
work/(15)::4,work,work/(15),prefixed_8,4,3,work/(15)/4_im3.jpg
work/(15)::4,work,work/(15),prefixed_8,4,4,work/(15)/4_im4.jpg
work/(15)::4,work,work/(15),prefixed_8,4,5,work/(15)/4_im5.jpg
work/(15)::4,work,work/(15),prefixed_8,4,6,work/(15)/4_im6.jpg
work/(15)::4,work,work/(15),prefixed_8,4,7,work/(15)/4_im7.jpg
work/(15)::4,work,work/(15),prefixed_8,4,8,work/(15)/4_im8.jpg
work/(15)::5,work,work/(15),prefixed_8,5,1,work/(15)/5_im1.jpg
work/(15)::5,work,work/(15),prefixed_8,5,2,work/(15)/5_im2.jpg
work/(15)::5,work,work/(15),prefixed_8,5,3,work/(15)/5_im3.jpg
work/(15)::5,work,work/(15),prefixed_8,5,4,work/(15)/5_im4.jpg
work/(15)::5,work,work/(15),prefixed_8,5,5,work/(15)/5_im5.jpg
work/(15)::5,work,work/(15),prefixed_8,5,6,work/(15)/5_im6.jpg
work/(15)::5,work,work/(15),prefixed_8,5,7,work/(15)/5_im7.jpg
work/(15)::5,work,work/(15),prefixed_8,5,8,work/(15)/5_im8.jpg
work/(15)::6,work,work/(15),prefixed_8,6,1,work/(15)/6_im1.jpg
work/(15)::6,work,work/(15),prefixed_8,6,2,work/(15)/6_im2.jpg
work/(15)::6,work,work/(15),prefixed_8,6,3,work/(15)/6_im3.jpg
work/(15)::6,work,work/(15),prefixed_8,6,4,work/(15)/6_im4.jpg
work/(15)::6,work,work/(15),prefixed_8,6,5,work/(15)/6_im5.jpg
work/(15)::6,work,work/(15),prefixed_8,6,6,work/(15)/6_im6.jpg
work/(15)::6,work,work/(15),prefixed_8,6,7,work/(15)/6_im7.jpg
work/(15)::6,work,work/(15),prefixed_8,6,8,work/(15)/6_im8.jpg
work/(15)::7,work,work/(15),prefixed_8,7,1,work/(15)/7_im1.jpg
work/(15)::7,work,work/(15),prefixed_8,7,2,work/(15)/7_im2.jpg
work/(15)::7,work,work/(15),prefixed_8,7,3,work/(15)/7_im3.jpg
work/(15)::7,work,work/(15),prefixed_8,7,4,work/(15)/7_im4.jpg
work/(15)::7,work,work/(15),prefixed_8,7,5,work/(15)/7_im5.jpg
work/(15)::7,work,work/(15),prefixed_8,7,6,work/(15)/7_im6.jpg
work/(15)::7,work,work/(15),prefixed_8,7,7,work/(15)/7_im7.jpg
work/(15)::7,work,work/(15),prefixed_8,7,8,work/(15)/7_im8.jpg
work/(15)::8,work,work/(15),prefixed_8,8,1,work/(15)/8_im1.jpg
work/(15)::8,work,work/(15),prefixed_8,8,2,work/(15)/8_im2.jpg
work/(15)::8,work,work/(15),prefixed_8,8,3,work/(15)/8_im3.jpg
work/(15)::8,work,work/(15),prefixed_8,8,4,work/(15)/8_im4.jpg
work/(15)::8,work,work/(15),prefixed_8,8,5,work/(15)/8_im5.jpg
work/(15)::8,work,work/(15),prefixed_8,8,6,work/(15)/8_im6.jpg
work/(15)::8,work,work/(15),prefixed_8,8,7,work/(15)/8_im7.jpg
work/(15)::8,work,work/(15),prefixed_8,8,8,work/(15)/8_im8.jpg
work/(15)::9,work,work/(15),prefixed_8,9,1,work/(15)/9_im1.jpg
work/(15)::9,work,work/(15),prefixed_8,9,2,work/(15)/9_im2.jpg
work/(15)::9,work,work/(15),prefixed_8,9,3,work/(15)/9_im3.jpg
work/(15)::9,work,work/(15),prefixed_8,9,4,work/(15)/9_im4.jpg
work/(15)::9,work,work/(15),prefixed_8,9,5,work/(15)/9_im5.jpg
work/(15)::9,work,work/(15),prefixed_8,9,6,work/(15)/9_im6.jpg
work/(15)::9,work,work/(15),prefixed_8,9,7,work/(15)/9_im7.jpg
work/(15)::9,work,work/(15),prefixed_8,9,8,work/(15)/9_im8.jpg
work/(16)::0,work,work/(16),prefixed_8,0,1,work/(16)/0_im1.jpg
work/(16)::0,work,work/(16),prefixed_8,0,2,work/(16)/0_im2.jpg
work/(16)::0,work,work/(16),prefixed_8,0,3,work/(16)/0_im3.jpg
work/(16)::0,work,work/(16),prefixed_8,0,4,work/(16)/0_im4.jpg
work/(16)::0,work,work/(16),prefixed_8,0,5,work/(16)/0_im5.jpg
work/(16)::0,work,work/(16),prefixed_8,0,6,work/(16)/0_im6.jpg
work/(16)::0,work,work/(16),prefixed_8,0,7,work/(16)/0_im7.jpg
work/(16)::0,work,work/(16),prefixed_8,0,8,work/(16)/0_im8.jpg
work/(16)::1,work,work/(16),prefixed_8,1,1,work/(16)/1_im1.jpg
work/(16)::1,work,work/(16),prefixed_8,1,2,work/(16)/1_im2.jpg
work/(16)::1,work,work/(16),prefixed_8,1,3,work/(16)/1_im3.jpg
work/(16)::1,work,work/(16),prefixed_8,1,4,work/(16)/1_im4.jpg
work/(16)::1,work,work/(16),prefixed_8,1,5,work/(16)/1_im5.jpg
work/(16)::1,work,work/(16),prefixed_8,1,6,work/(16)/1_im6.jpg
work/(16)::1,work,work/(16),prefixed_8,1,7,work/(16)/1_im7.jpg
work/(16)::1,work,work/(16),prefixed_8,1,8,work/(16)/1_im8.jpg
work/(16)::10,work,work/(16),prefixed_8,10,1,work/(16)/10_im1.jpg
work/(16)::10,work,work/(16),prefixed_8,10,2,work/(16)/10_im2.jpg
work/(16)::10,work,work/(16),prefixed_8,10,3,work/(16)/10_im3.jpg
work/(16)::10,work,work/(16),prefixed_8,10,4,work/(16)/10_im4.jpg
work/(16)::10,work,work/(16),prefixed_8,10,5,work/(16)/10_im5.jpg
work/(16)::10,work,work/(16),prefixed_8,10,6,work/(16)/10_im6.jpg
work/(16)::10,work,work/(16),prefixed_8,10,7,work/(16)/10_im7.jpg
work/(16)::10,work,work/(16),prefixed_8,10,8,work/(16)/10_im8.jpg
work/(16)::11,work,work/(16),prefixed_8,11,1,work/(16)/11_im1.jpg
work/(16)::11,work,work/(16),prefixed_8,11,2,work/(16)/11_im2.jpg
work/(16)::11,work,work/(16),prefixed_8,11,3,work/(16)/11_im3.jpg
work/(16)::11,work,work/(16),prefixed_8,11,4,work/(16)/11_im4.jpg
work/(16)::11,work,work/(16),prefixed_8,11,5,work/(16)/11_im5.jpg
work/(16)::11,work,work/(16),prefixed_8,11,6,work/(16)/11_im6.jpg
work/(16)::11,work,work/(16),prefixed_8,11,7,work/(16)/11_im7.jpg
work/(16)::11,work,work/(16),prefixed_8,11,8,work/(16)/11_im8.jpg
work/(16)::12,work,work/(16),prefixed_8,12,1,work/(16)/12_im1.jpg
work/(16)::12,work,work/(16),prefixed_8,12,2,work/(16)/12_im2.jpg
work/(16)::12,work,work/(16),prefixed_8,12,3,work/(16)/12_im3.jpg
work/(16)::12,work,work/(16),prefixed_8,12,4,work/(16)/12_im4.jpg
work/(16)::12,work,work/(16),prefixed_8,12,5,work/(16)/12_im5.jpg
work/(16)::12,work,work/(16),prefixed_8,12,6,work/(16)/12_im6.jpg
work/(16)::12,work,work/(16),prefixed_8,12,7,work/(16)/12_im7.jpg
work/(16)::12,work,work/(16),prefixed_8,12,8,work/(16)/12_im8.jpg
work/(16)::2,work,work/(16),prefixed_8,2,1,work/(16)/2_im1.jpg
work/(16)::2,work,work/(16),prefixed_8,2,2,work/(16)/2_im2.jpg
work/(16)::2,work,work/(16),prefixed_8,2,3,work/(16)/2_im3.jpg
work/(16)::2,work,work/(16),prefixed_8,2,4,work/(16)/2_im4.jpg
work/(16)::2,work,work/(16),prefixed_8,2,5,work/(16)/2_im5.jpg
work/(16)::2,work,work/(16),prefixed_8,2,6,work/(16)/2_im6.jpg
work/(16)::2,work,work/(16),prefixed_8,2,7,work/(16)/2_im7.jpg
work/(16)::2,work,work/(16),prefixed_8,2,8,work/(16)/2_im8.jpg
work/(16)::3,work,work/(16),prefixed_8,3,1,work/(16)/3_im1.jpg
work/(16)::3,work,work/(16),prefixed_8,3,2,work/(16)/3_im2.jpg
work/(16)::3,work,work/(16),prefixed_8,3,3,work/(16)/3_im3.jpg
work/(16)::3,work,work/(16),prefixed_8,3,4,work/(16)/3_im4.jpg
work/(16)::3,work,work/(16),prefixed_8,3,5,work/(16)/3_im5.jpg
work/(16)::3,work,work/(16),prefixed_8,3,6,work/(16)/3_im6.jpg
work/(16)::3,work,work/(16),prefixed_8,3,7,work/(16)/3_im7.jpg
work/(16)::3,work,work/(16),prefixed_8,3,8,work/(16)/3_im8.jpg
work/(16)::4,work,work/(16),prefixed_8,4,1,work/(16)/4_im1.jpg
work/(16)::4,work,work/(16),prefixed_8,4,2,work/(16)/4_im2.jpg
work/(16)::4,work,work/(16),prefixed_8,4,3,work/(16)/4_im3.jpg
work/(16)::4,work,work/(16),prefixed_8,4,4,work/(16)/4_im4.jpg
work/(16)::4,work,work/(16),prefixed_8,4,5,work/(16)/4_im5.jpg
work/(16)::4,work,work/(16),prefixed_8,4,6,work/(16)/4_im6.jpg
work/(16)::4,work,work/(16),prefixed_8,4,7,work/(16)/4_im7.jpg
work/(16)::4,work,work/(16),prefixed_8,4,8,work/(16)/4_im8.jpg
work/(16)::5,work,work/(16),prefixed_8,5,1,work/(16)/5_im1.jpg
work/(16)::5,work,work/(16),prefixed_8,5,2,work/(16)/5_im2.jpg
work/(16)::5,work,work/(16),prefixed_8,5,3,work/(16)/5_im3.jpg
work/(16)::5,work,work/(16),prefixed_8,5,4,work/(16)/5_im4.jpg
work/(16)::5,work,work/(16),prefixed_8,5,5,work/(16)/5_im5.jpg
work/(16)::5,work,work/(16),prefixed_8,5,6,work/(16)/5_im6.jpg
work/(16)::5,work,work/(16),prefixed_8,5,7,work/(16)/5_im7.jpg
work/(16)::5,work,work/(16),prefixed_8,5,8,work/(16)/5_im8.jpg
work/(16)::6,work,work/(16),prefixed_8,6,1,work/(16)/6_im1.jpg
work/(16)::6,work,work/(16),prefixed_8,6,2,work/(16)/6_im2.jpg
work/(16)::6,work,work/(16),prefixed_8,6,3,work/(16)/6_im3.jpg
work/(16)::6,work,work/(16),prefixed_8,6,4,work/(16)/6_im4.jpg
work/(16)::6,work,work/(16),prefixed_8,6,5,work/(16)/6_im5.jpg
work/(16)::6,work,work/(16),prefixed_8,6,6,work/(16)/6_im6.jpg
work/(16)::6,work,work/(16),prefixed_8,6,7,work/(16)/6_im7.jpg
work/(16)::6,work,work/(16),prefixed_8,6,8,work/(16)/6_im8.jpg
work/(16)::7,work,work/(16),prefixed_8,7,1,work/(16)/7_im1.jpg
work/(16)::7,work,work/(16),prefixed_8,7,2,work/(16)/7_im2.jpg
work/(16)::7,work,work/(16),prefixed_8,7,3,work/(16)/7_im3.jpg
work/(16)::7,work,work/(16),prefixed_8,7,4,work/(16)/7_im4.jpg
work/(16)::7,work,work/(16),prefixed_8,7,5,work/(16)/7_im5.jpg
work/(16)::7,work,work/(16),prefixed_8,7,6,work/(16)/7_im6.jpg
work/(16)::7,work,work/(16),prefixed_8,7,7,work/(16)/7_im7.jpg
work/(16)::7,work,work/(16),prefixed_8,7,8,work/(16)/7_im8.jpg
work/(16)::8,work,work/(16),prefixed_8,8,1,work/(16)/8_im1.jpg
work/(16)::8,work,work/(16),prefixed_8,8,2,work/(16)/8_im2.jpg
work/(16)::8,work,work/(16),prefixed_8,8,3,work/(16)/8_im3.jpg
work/(16)::8,work,work/(16),prefixed_8,8,4,work/(16)/8_im4.jpg
work/(16)::8,work,work/(16),prefixed_8,8,5,work/(16)/8_im5.jpg
work/(16)::8,work,work/(16),prefixed_8,8,6,work/(16)/8_im6.jpg
work/(16)::8,work,work/(16),prefixed_8,8,7,work/(16)/8_im7.jpg
work/(16)::8,work,work/(16),prefixed_8,8,8,work/(16)/8_im8.jpg
work/(16)::9,work,work/(16),prefixed_8,9,1,work/(16)/9_im1.jpg
work/(16)::9,work,work/(16),prefixed_8,9,2,work/(16)/9_im2.jpg
work/(16)::9,work,work/(16),prefixed_8,9,3,work/(16)/9_im3.jpg
work/(16)::9,work,work/(16),prefixed_8,9,4,work/(16)/9_im4.jpg
work/(16)::9,work,work/(16),prefixed_8,9,5,work/(16)/9_im5.jpg
work/(16)::9,work,work/(16),prefixed_8,9,6,work/(16)/9_im6.jpg
work/(16)::9,work,work/(16),prefixed_8,9,7,work/(16)/9_im7.jpg
work/(16)::9,work,work/(16),prefixed_8,9,8,work/(16)/9_im8.jpg
work/(17)::0,work,work/(17),prefixed_8,0,1,work/(17)/0_im1.jpg
work/(17)::0,work,work/(17),prefixed_8,0,2,work/(17)/0_im2.jpg
work/(17)::0,work,work/(17),prefixed_8,0,3,work/(17)/0_im3.jpg
work/(17)::0,work,work/(17),prefixed_8,0,4,work/(17)/0_im4.jpg
work/(17)::0,work,work/(17),prefixed_8,0,5,work/(17)/0_im5.jpg
work/(17)::0,work,work/(17),prefixed_8,0,6,work/(17)/0_im6.jpg
work/(17)::0,work,work/(17),prefixed_8,0,7,work/(17)/0_im7.jpg
work/(17)::0,work,work/(17),prefixed_8,0,8,work/(17)/0_im8.jpg
work/(17)::1,work,work/(17),prefixed_8,1,1,work/(17)/1_im1.jpg
work/(17)::1,work,work/(17),prefixed_8,1,2,work/(17)/1_im2.jpg
work/(17)::1,work,work/(17),prefixed_8,1,3,work/(17)/1_im3.jpg
work/(17)::1,work,work/(17),prefixed_8,1,4,work/(17)/1_im4.jpg
work/(17)::1,work,work/(17),prefixed_8,1,5,work/(17)/1_im5.jpg
work/(17)::1,work,work/(17),prefixed_8,1,6,work/(17)/1_im6.jpg
work/(17)::1,work,work/(17),prefixed_8,1,7,work/(17)/1_im7.jpg
work/(17)::1,work,work/(17),prefixed_8,1,8,work/(17)/1_im8.jpg
work/(17)::10,work,work/(17),prefixed_8,10,1,work/(17)/10_im1.jpg
work/(17)::10,work,work/(17),prefixed_8,10,2,work/(17)/10_im2.jpg
work/(17)::10,work,work/(17),prefixed_8,10,3,work/(17)/10_im3.jpg
work/(17)::10,work,work/(17),prefixed_8,10,4,work/(17)/10_im4.jpg
work/(17)::10,work,work/(17),prefixed_8,10,5,work/(17)/10_im5.jpg
work/(17)::10,work,work/(17),prefixed_8,10,6,work/(17)/10_im6.jpg
work/(17)::10,work,work/(17),prefixed_8,10,7,work/(17)/10_im7.jpg
work/(17)::10,work,work/(17),prefixed_8,10,8,work/(17)/10_im8.jpg
work/(17)::11,work,work/(17),prefixed_8,11,1,work/(17)/11_im1.jpg
work/(17)::11,work,work/(17),prefixed_8,11,2,work/(17)/11_im2.jpg
work/(17)::11,work,work/(17),prefixed_8,11,3,work/(17)/11_im3.jpg
work/(17)::11,work,work/(17),prefixed_8,11,4,work/(17)/11_im4.jpg
work/(17)::11,work,work/(17),prefixed_8,11,5,work/(17)/11_im5.jpg
work/(17)::11,work,work/(17),prefixed_8,11,6,work/(17)/11_im6.jpg
work/(17)::11,work,work/(17),prefixed_8,11,7,work/(17)/11_im7.jpg
work/(17)::11,work,work/(17),prefixed_8,11,8,work/(17)/11_im8.jpg
work/(17)::12,work,work/(17),prefixed_8,12,1,work/(17)/12_im1.jpg
work/(17)::12,work,work/(17),prefixed_8,12,2,work/(17)/12_im2.jpg
work/(17)::12,work,work/(17),prefixed_8,12,3,work/(17)/12_im3.jpg
work/(17)::12,work,work/(17),prefixed_8,12,4,work/(17)/12_im4.jpg
work/(17)::12,work,work/(17),prefixed_8,12,5,work/(17)/12_im5.jpg
work/(17)::12,work,work/(17),prefixed_8,12,6,work/(17)/12_im6.jpg
work/(17)::12,work,work/(17),prefixed_8,12,7,work/(17)/12_im7.jpg
work/(17)::12,work,work/(17),prefixed_8,12,8,work/(17)/12_im8.jpg
work/(17)::13,work,work/(17),prefixed_8,13,1,work/(17)/13_im1.jpg
work/(17)::13,work,work/(17),prefixed_8,13,2,work/(17)/13_im2.jpg
work/(17)::13,work,work/(17),prefixed_8,13,3,work/(17)/13_im3.jpg
work/(17)::13,work,work/(17),prefixed_8,13,4,work/(17)/13_im4.jpg
work/(17)::13,work,work/(17),prefixed_8,13,5,work/(17)/13_im5.jpg
work/(17)::13,work,work/(17),prefixed_8,13,6,work/(17)/13_im6.jpg
work/(17)::13,work,work/(17),prefixed_8,13,7,work/(17)/13_im7.jpg
work/(17)::13,work,work/(17),prefixed_8,13,8,work/(17)/13_im8.jpg
work/(17)::14,work,work/(17),prefixed_8,14,1,work/(17)/14_im1.jpg
work/(17)::14,work,work/(17),prefixed_8,14,2,work/(17)/14_im2.jpg
work/(17)::14,work,work/(17),prefixed_8,14,3,work/(17)/14_im3.jpg
work/(17)::14,work,work/(17),prefixed_8,14,4,work/(17)/14_im4.jpg
work/(17)::14,work,work/(17),prefixed_8,14,5,work/(17)/14_im5.jpg
work/(17)::14,work,work/(17),prefixed_8,14,6,work/(17)/14_im6.jpg
work/(17)::14,work,work/(17),prefixed_8,14,7,work/(17)/14_im7.jpg
work/(17)::14,work,work/(17),prefixed_8,14,8,work/(17)/14_im8.jpg
work/(17)::15,work,work/(17),prefixed_8,15,1,work/(17)/15_im1.jpg
work/(17)::15,work,work/(17),prefixed_8,15,2,work/(17)/15_im2.jpg
work/(17)::15,work,work/(17),prefixed_8,15,3,work/(17)/15_im3.jpg
work/(17)::15,work,work/(17),prefixed_8,15,4,work/(17)/15_im4.jpg
work/(17)::15,work,work/(17),prefixed_8,15,5,work/(17)/15_im5.jpg
work/(17)::15,work,work/(17),prefixed_8,15,6,work/(17)/15_im6.jpg
work/(17)::15,work,work/(17),prefixed_8,15,7,work/(17)/15_im7.jpg
work/(17)::15,work,work/(17),prefixed_8,15,8,work/(17)/15_im8.jpg
work/(17)::16,work,work/(17),prefixed_8,16,1,work/(17)/16_im1.jpg
work/(17)::16,work,work/(17),prefixed_8,16,2,work/(17)/16_im2.jpg
work/(17)::16,work,work/(17),prefixed_8,16,3,work/(17)/16_im3.jpg
work/(17)::16,work,work/(17),prefixed_8,16,4,work/(17)/16_im4.jpg
work/(17)::16,work,work/(17),prefixed_8,16,5,work/(17)/16_im5.jpg
work/(17)::16,work,work/(17),prefixed_8,16,6,work/(17)/16_im6.jpg
work/(17)::16,work,work/(17),prefixed_8,16,7,work/(17)/16_im7.jpg
work/(17)::16,work,work/(17),prefixed_8,16,8,work/(17)/16_im8.jpg
work/(17)::2,work,work/(17),prefixed_8,2,1,work/(17)/2_im1.jpg
work/(17)::2,work,work/(17),prefixed_8,2,2,work/(17)/2_im2.jpg
work/(17)::2,work,work/(17),prefixed_8,2,3,work/(17)/2_im3.jpg
work/(17)::2,work,work/(17),prefixed_8,2,4,work/(17)/2_im4.jpg
work/(17)::2,work,work/(17),prefixed_8,2,5,work/(17)/2_im5.jpg
work/(17)::2,work,work/(17),prefixed_8,2,6,work/(17)/2_im6.jpg
work/(17)::2,work,work/(17),prefixed_8,2,7,work/(17)/2_im7.jpg
work/(17)::2,work,work/(17),prefixed_8,2,8,work/(17)/2_im8.jpg
work/(17)::3,work,work/(17),prefixed_8,3,1,work/(17)/3_im1.jpg
work/(17)::3,work,work/(17),prefixed_8,3,2,work/(17)/3_im2.jpg
work/(17)::3,work,work/(17),prefixed_8,3,3,work/(17)/3_im3.jpg
work/(17)::3,work,work/(17),prefixed_8,3,4,work/(17)/3_im4.jpg
work/(17)::3,work,work/(17),prefixed_8,3,5,work/(17)/3_im5.jpg
work/(17)::3,work,work/(17),prefixed_8,3,6,work/(17)/3_im6.jpg
work/(17)::3,work,work/(17),prefixed_8,3,7,work/(17)/3_im7.jpg
work/(17)::3,work,work/(17),prefixed_8,3,8,work/(17)/3_im8.jpg
work/(17)::4,work,work/(17),prefixed_8,4,1,work/(17)/4_im1.jpg
work/(17)::4,work,work/(17),prefixed_8,4,2,work/(17)/4_im2.jpg
work/(17)::4,work,work/(17),prefixed_8,4,3,work/(17)/4_im3.jpg
work/(17)::4,work,work/(17),prefixed_8,4,4,work/(17)/4_im4.jpg
work/(17)::4,work,work/(17),prefixed_8,4,5,work/(17)/4_im5.jpg
work/(17)::4,work,work/(17),prefixed_8,4,6,work/(17)/4_im6.jpg
work/(17)::4,work,work/(17),prefixed_8,4,7,work/(17)/4_im7.jpg
work/(17)::4,work,work/(17),prefixed_8,4,8,work/(17)/4_im8.jpg
work/(17)::5,work,work/(17),prefixed_8,5,1,work/(17)/5_im1.jpg
work/(17)::5,work,work/(17),prefixed_8,5,2,work/(17)/5_im2.jpg
work/(17)::5,work,work/(17),prefixed_8,5,3,work/(17)/5_im3.jpg
work/(17)::5,work,work/(17),prefixed_8,5,4,work/(17)/5_im4.jpg
work/(17)::5,work,work/(17),prefixed_8,5,5,work/(17)/5_im5.jpg
work/(17)::5,work,work/(17),prefixed_8,5,6,work/(17)/5_im6.jpg
work/(17)::5,work,work/(17),prefixed_8,5,7,work/(17)/5_im7.jpg
work/(17)::5,work,work/(17),prefixed_8,5,8,work/(17)/5_im8.jpg
work/(17)::6,work,work/(17),prefixed_8,6,1,work/(17)/6_im1.jpg
work/(17)::6,work,work/(17),prefixed_8,6,2,work/(17)/6_im2.jpg
work/(17)::6,work,work/(17),prefixed_8,6,3,work/(17)/6_im3.jpg
work/(17)::6,work,work/(17),prefixed_8,6,4,work/(17)/6_im4.jpg
work/(17)::6,work,work/(17),prefixed_8,6,5,work/(17)/6_im5.jpg
work/(17)::6,work,work/(17),prefixed_8,6,6,work/(17)/6_im6.jpg
work/(17)::6,work,work/(17),prefixed_8,6,7,work/(17)/6_im7.jpg
work/(17)::6,work,work/(17),prefixed_8,6,8,work/(17)/6_im8.jpg
work/(17)::7,work,work/(17),prefixed_8,7,1,work/(17)/7_im1.jpg
work/(17)::7,work,work/(17),prefixed_8,7,2,work/(17)/7_im2.jpg
work/(17)::7,work,work/(17),prefixed_8,7,3,work/(17)/7_im3.jpg
work/(17)::7,work,work/(17),prefixed_8,7,4,work/(17)/7_im4.jpg
work/(17)::7,work,work/(17),prefixed_8,7,5,work/(17)/7_im5.jpg
work/(17)::7,work,work/(17),prefixed_8,7,6,work/(17)/7_im6.jpg
work/(17)::7,work,work/(17),prefixed_8,7,7,work/(17)/7_im7.jpg
work/(17)::7,work,work/(17),prefixed_8,7,8,work/(17)/7_im8.jpg
work/(17)::8,work,work/(17),prefixed_8,8,1,work/(17)/8_im1.jpg
work/(17)::8,work,work/(17),prefixed_8,8,2,work/(17)/8_im2.jpg
work/(17)::8,work,work/(17),prefixed_8,8,3,work/(17)/8_im3.jpg
work/(17)::8,work,work/(17),prefixed_8,8,4,work/(17)/8_im4.jpg
work/(17)::8,work,work/(17),prefixed_8,8,5,work/(17)/8_im5.jpg
work/(17)::8,work,work/(17),prefixed_8,8,6,work/(17)/8_im6.jpg
work/(17)::8,work,work/(17),prefixed_8,8,7,work/(17)/8_im7.jpg
work/(17)::8,work,work/(17),prefixed_8,8,8,work/(17)/8_im8.jpg
work/(17)::9,work,work/(17),prefixed_8,9,1,work/(17)/9_im1.jpg
work/(17)::9,work,work/(17),prefixed_8,9,2,work/(17)/9_im2.jpg
work/(17)::9,work,work/(17),prefixed_8,9,3,work/(17)/9_im3.jpg
work/(17)::9,work,work/(17),prefixed_8,9,4,work/(17)/9_im4.jpg
work/(17)::9,work,work/(17),prefixed_8,9,5,work/(17)/9_im5.jpg
work/(17)::9,work,work/(17),prefixed_8,9,6,work/(17)/9_im6.jpg
work/(17)::9,work,work/(17),prefixed_8,9,7,work/(17)/9_im7.jpg
work/(17)::9,work,work/(17),prefixed_8,9,8,work/(17)/9_im8.jpg
work/(18)::0,work,work/(18),prefixed_8,0,1,work/(18)/0_im1.jpg
work/(18)::0,work,work/(18),prefixed_8,0,2,work/(18)/0_im2.jpg
work/(18)::0,work,work/(18),prefixed_8,0,3,work/(18)/0_im3.jpg
work/(18)::0,work,work/(18),prefixed_8,0,4,work/(18)/0_im4.jpg
work/(18)::0,work,work/(18),prefixed_8,0,5,work/(18)/0_im5.jpg
work/(18)::0,work,work/(18),prefixed_8,0,6,work/(18)/0_im6.jpg
work/(18)::0,work,work/(18),prefixed_8,0,7,work/(18)/0_im7.jpg
work/(18)::0,work,work/(18),prefixed_8,0,8,work/(18)/0_im8.jpg
work/(18)::1,work,work/(18),prefixed_8,1,1,work/(18)/1_im1.jpg
work/(18)::1,work,work/(18),prefixed_8,1,2,work/(18)/1_im2.jpg
work/(18)::1,work,work/(18),prefixed_8,1,3,work/(18)/1_im3.jpg
work/(18)::1,work,work/(18),prefixed_8,1,4,work/(18)/1_im4.jpg
work/(18)::1,work,work/(18),prefixed_8,1,5,work/(18)/1_im5.jpg
work/(18)::1,work,work/(18),prefixed_8,1,6,work/(18)/1_im6.jpg
work/(18)::1,work,work/(18),prefixed_8,1,7,work/(18)/1_im7.jpg
work/(18)::1,work,work/(18),prefixed_8,1,8,work/(18)/1_im8.jpg
work/(18)::10,work,work/(18),prefixed_8,10,1,work/(18)/10_im1.jpg
work/(18)::10,work,work/(18),prefixed_8,10,2,work/(18)/10_im2.jpg
work/(18)::10,work,work/(18),prefixed_8,10,3,work/(18)/10_im3.jpg
work/(18)::10,work,work/(18),prefixed_8,10,4,work/(18)/10_im4.jpg
work/(18)::10,work,work/(18),prefixed_8,10,5,work/(18)/10_im5.jpg
work/(18)::10,work,work/(18),prefixed_8,10,6,work/(18)/10_im6.jpg
work/(18)::10,work,work/(18),prefixed_8,10,7,work/(18)/10_im7.jpg
work/(18)::10,work,work/(18),prefixed_8,10,8,work/(18)/10_im8.jpg
work/(18)::11,work,work/(18),prefixed_8,11,1,work/(18)/11_im1.jpg
work/(18)::11,work,work/(18),prefixed_8,11,2,work/(18)/11_im2.jpg
work/(18)::11,work,work/(18),prefixed_8,11,3,work/(18)/11_im3.jpg
work/(18)::11,work,work/(18),prefixed_8,11,4,work/(18)/11_im4.jpg
work/(18)::11,work,work/(18),prefixed_8,11,5,work/(18)/11_im5.jpg
work/(18)::11,work,work/(18),prefixed_8,11,6,work/(18)/11_im6.jpg
work/(18)::11,work,work/(18),prefixed_8,11,7,work/(18)/11_im7.jpg
work/(18)::11,work,work/(18),prefixed_8,11,8,work/(18)/11_im8.jpg
work/(18)::12,work,work/(18),prefixed_8,12,1,work/(18)/12_im1.jpg
work/(18)::12,work,work/(18),prefixed_8,12,2,work/(18)/12_im2.jpg
work/(18)::12,work,work/(18),prefixed_8,12,3,work/(18)/12_im3.jpg
work/(18)::12,work,work/(18),prefixed_8,12,4,work/(18)/12_im4.jpg
work/(18)::12,work,work/(18),prefixed_8,12,5,work/(18)/12_im5.jpg
work/(18)::12,work,work/(18),prefixed_8,12,6,work/(18)/12_im6.jpg
work/(18)::12,work,work/(18),prefixed_8,12,7,work/(18)/12_im7.jpg
work/(18)::12,work,work/(18),prefixed_8,12,8,work/(18)/12_im8.jpg
work/(18)::13,work,work/(18),prefixed_8,13,1,work/(18)/13_im1.jpg
work/(18)::13,work,work/(18),prefixed_8,13,2,work/(18)/13_im2.jpg
work/(18)::13,work,work/(18),prefixed_8,13,3,work/(18)/13_im3.jpg
work/(18)::13,work,work/(18),prefixed_8,13,4,work/(18)/13_im4.jpg
work/(18)::13,work,work/(18),prefixed_8,13,5,work/(18)/13_im5.jpg
work/(18)::13,work,work/(18),prefixed_8,13,6,work/(18)/13_im6.jpg
work/(18)::13,work,work/(18),prefixed_8,13,7,work/(18)/13_im7.jpg
work/(18)::13,work,work/(18),prefixed_8,13,8,work/(18)/13_im8.jpg
work/(18)::14,work,work/(18),prefixed_8,14,1,work/(18)/14_im1.jpg
work/(18)::14,work,work/(18),prefixed_8,14,2,work/(18)/14_im2.jpg
work/(18)::14,work,work/(18),prefixed_8,14,3,work/(18)/14_im3.jpg
work/(18)::14,work,work/(18),prefixed_8,14,4,work/(18)/14_im4.jpg
work/(18)::14,work,work/(18),prefixed_8,14,5,work/(18)/14_im5.jpg
work/(18)::14,work,work/(18),prefixed_8,14,6,work/(18)/14_im6.jpg
work/(18)::14,work,work/(18),prefixed_8,14,7,work/(18)/14_im7.jpg
work/(18)::14,work,work/(18),prefixed_8,14,8,work/(18)/14_im8.jpg
work/(18)::15,work,work/(18),prefixed_8,15,1,work/(18)/15_im1.jpg
work/(18)::15,work,work/(18),prefixed_8,15,2,work/(18)/15_im2.jpg
work/(18)::15,work,work/(18),prefixed_8,15,3,work/(18)/15_im3.jpg
work/(18)::15,work,work/(18),prefixed_8,15,4,work/(18)/15_im4.jpg
work/(18)::15,work,work/(18),prefixed_8,15,5,work/(18)/15_im5.jpg
work/(18)::15,work,work/(18),prefixed_8,15,6,work/(18)/15_im6.jpg
work/(18)::15,work,work/(18),prefixed_8,15,7,work/(18)/15_im7.jpg
work/(18)::15,work,work/(18),prefixed_8,15,8,work/(18)/15_im8.jpg
work/(18)::16,work,work/(18),prefixed_8,16,1,work/(18)/16_im1.jpg
work/(18)::16,work,work/(18),prefixed_8,16,2,work/(18)/16_im2.jpg
work/(18)::16,work,work/(18),prefixed_8,16,3,work/(18)/16_im3.jpg
work/(18)::16,work,work/(18),prefixed_8,16,4,work/(18)/16_im4.jpg
work/(18)::16,work,work/(18),prefixed_8,16,5,work/(18)/16_im5.jpg
work/(18)::16,work,work/(18),prefixed_8,16,6,work/(18)/16_im6.jpg
work/(18)::16,work,work/(18),prefixed_8,16,7,work/(18)/16_im7.jpg
work/(18)::16,work,work/(18),prefixed_8,16,8,work/(18)/16_im8.jpg
work/(18)::2,work,work/(18),prefixed_8,2,1,work/(18)/2_im1.jpg
work/(18)::2,work,work/(18),prefixed_8,2,2,work/(18)/2_im2.jpg
work/(18)::2,work,work/(18),prefixed_8,2,3,work/(18)/2_im3.jpg
work/(18)::2,work,work/(18),prefixed_8,2,4,work/(18)/2_im4.jpg
work/(18)::2,work,work/(18),prefixed_8,2,5,work/(18)/2_im5.jpg
work/(18)::2,work,work/(18),prefixed_8,2,6,work/(18)/2_im6.jpg
work/(18)::2,work,work/(18),prefixed_8,2,7,work/(18)/2_im7.jpg
work/(18)::2,work,work/(18),prefixed_8,2,8,work/(18)/2_im8.jpg
work/(18)::3,work,work/(18),prefixed_8,3,1,work/(18)/3_im1.jpg
work/(18)::3,work,work/(18),prefixed_8,3,2,work/(18)/3_im2.jpg
work/(18)::3,work,work/(18),prefixed_8,3,3,work/(18)/3_im3.jpg
work/(18)::3,work,work/(18),prefixed_8,3,4,work/(18)/3_im4.jpg
work/(18)::3,work,work/(18),prefixed_8,3,5,work/(18)/3_im5.jpg
work/(18)::3,work,work/(18),prefixed_8,3,6,work/(18)/3_im6.jpg
work/(18)::3,work,work/(18),prefixed_8,3,7,work/(18)/3_im7.jpg
work/(18)::3,work,work/(18),prefixed_8,3,8,work/(18)/3_im8.jpg
work/(18)::4,work,work/(18),prefixed_8,4,1,work/(18)/4_im1.jpg
work/(18)::4,work,work/(18),prefixed_8,4,2,work/(18)/4_im2.jpg
work/(18)::4,work,work/(18),prefixed_8,4,3,work/(18)/4_im3.jpg
work/(18)::4,work,work/(18),prefixed_8,4,4,work/(18)/4_im4.jpg
work/(18)::4,work,work/(18),prefixed_8,4,5,work/(18)/4_im5.jpg
work/(18)::4,work,work/(18),prefixed_8,4,6,work/(18)/4_im6.jpg
work/(18)::4,work,work/(18),prefixed_8,4,7,work/(18)/4_im7.jpg
work/(18)::4,work,work/(18),prefixed_8,4,8,work/(18)/4_im8.jpg
work/(18)::5,work,work/(18),prefixed_8,5,1,work/(18)/5_im1.jpg
work/(18)::5,work,work/(18),prefixed_8,5,2,work/(18)/5_im2.jpg
work/(18)::5,work,work/(18),prefixed_8,5,3,work/(18)/5_im3.jpg
work/(18)::5,work,work/(18),prefixed_8,5,4,work/(18)/5_im4.jpg
work/(18)::5,work,work/(18),prefixed_8,5,5,work/(18)/5_im5.jpg
work/(18)::5,work,work/(18),prefixed_8,5,6,work/(18)/5_im6.jpg
work/(18)::5,work,work/(18),prefixed_8,5,7,work/(18)/5_im7.jpg
work/(18)::5,work,work/(18),prefixed_8,5,8,work/(18)/5_im8.jpg
work/(18)::6,work,work/(18),prefixed_8,6,1,work/(18)/6_im1.jpg
work/(18)::6,work,work/(18),prefixed_8,6,2,work/(18)/6_im2.jpg
work/(18)::6,work,work/(18),prefixed_8,6,3,work/(18)/6_im3.jpg
work/(18)::6,work,work/(18),prefixed_8,6,4,work/(18)/6_im4.jpg
work/(18)::6,work,work/(18),prefixed_8,6,5,work/(18)/6_im5.jpg
work/(18)::6,work,work/(18),prefixed_8,6,6,work/(18)/6_im6.jpg
work/(18)::6,work,work/(18),prefixed_8,6,7,work/(18)/6_im7.jpg
work/(18)::6,work,work/(18),prefixed_8,6,8,work/(18)/6_im8.jpg
work/(18)::7,work,work/(18),prefixed_8,7,1,work/(18)/7_im1.jpg
work/(18)::7,work,work/(18),prefixed_8,7,2,work/(18)/7_im2.jpg
work/(18)::7,work,work/(18),prefixed_8,7,3,work/(18)/7_im3.jpg
work/(18)::7,work,work/(18),prefixed_8,7,4,work/(18)/7_im4.jpg
work/(18)::7,work,work/(18),prefixed_8,7,5,work/(18)/7_im5.jpg
work/(18)::7,work,work/(18),prefixed_8,7,6,work/(18)/7_im6.jpg
work/(18)::7,work,work/(18),prefixed_8,7,7,work/(18)/7_im7.jpg
work/(18)::7,work,work/(18),prefixed_8,7,8,work/(18)/7_im8.jpg
work/(18)::8,work,work/(18),prefixed_8,8,1,work/(18)/8_im1.jpg
work/(18)::8,work,work/(18),prefixed_8,8,2,work/(18)/8_im2.jpg
work/(18)::8,work,work/(18),prefixed_8,8,3,work/(18)/8_im3.jpg
work/(18)::8,work,work/(18),prefixed_8,8,4,work/(18)/8_im4.jpg
work/(18)::8,work,work/(18),prefixed_8,8,5,work/(18)/8_im5.jpg
work/(18)::8,work,work/(18),prefixed_8,8,6,work/(18)/8_im6.jpg
work/(18)::8,work,work/(18),prefixed_8,8,7,work/(18)/8_im7.jpg
work/(18)::8,work,work/(18),prefixed_8,8,8,work/(18)/8_im8.jpg
work/(18)::9,work,work/(18),prefixed_8,9,1,work/(18)/9_im1.jpg
work/(18)::9,work,work/(18),prefixed_8,9,2,work/(18)/9_im2.jpg
work/(18)::9,work,work/(18),prefixed_8,9,3,work/(18)/9_im3.jpg
work/(18)::9,work,work/(18),prefixed_8,9,4,work/(18)/9_im4.jpg
work/(18)::9,work,work/(18),prefixed_8,9,5,work/(18)/9_im5.jpg
work/(18)::9,work,work/(18),prefixed_8,9,6,work/(18)/9_im6.jpg
work/(18)::9,work,work/(18),prefixed_8,9,7,work/(18)/9_im7.jpg
work/(18)::9,work,work/(18),prefixed_8,9,8,work/(18)/9_im8.jpg
work/(19)::0,work,work/(19),prefixed_8,0,1,work/(19)/0_im1.jpg
work/(19)::0,work,work/(19),prefixed_8,0,2,work/(19)/0_im2.jpg
work/(19)::0,work,work/(19),prefixed_8,0,3,work/(19)/0_im3.jpg
work/(19)::0,work,work/(19),prefixed_8,0,4,work/(19)/0_im4.jpg
work/(19)::0,work,work/(19),prefixed_8,0,5,work/(19)/0_im5.jpg
work/(19)::0,work,work/(19),prefixed_8,0,6,work/(19)/0_im6.jpg
work/(19)::0,work,work/(19),prefixed_8,0,7,work/(19)/0_im7.jpg
work/(19)::0,work,work/(19),prefixed_8,0,8,work/(19)/0_im8.jpg
work/(19)::1,work,work/(19),prefixed_8,1,1,work/(19)/1_im1.jpg
work/(19)::1,work,work/(19),prefixed_8,1,2,work/(19)/1_im2.jpg
work/(19)::1,work,work/(19),prefixed_8,1,3,work/(19)/1_im3.jpg
work/(19)::1,work,work/(19),prefixed_8,1,4,work/(19)/1_im4.jpg
work/(19)::1,work,work/(19),prefixed_8,1,5,work/(19)/1_im5.jpg
work/(19)::1,work,work/(19),prefixed_8,1,6,work/(19)/1_im6.jpg
work/(19)::1,work,work/(19),prefixed_8,1,7,work/(19)/1_im7.jpg
work/(19)::1,work,work/(19),prefixed_8,1,8,work/(19)/1_im8.jpg
work/(19)::2,work,work/(19),prefixed_8,2,1,work/(19)/2_im1.jpg
work/(19)::2,work,work/(19),prefixed_8,2,2,work/(19)/2_im2.jpg
work/(19)::2,work,work/(19),prefixed_8,2,3,work/(19)/2_im3.jpg
work/(19)::2,work,work/(19),prefixed_8,2,4,work/(19)/2_im4.jpg
work/(19)::2,work,work/(19),prefixed_8,2,5,work/(19)/2_im5.jpg
work/(19)::2,work,work/(19),prefixed_8,2,6,work/(19)/2_im6.jpg
work/(19)::2,work,work/(19),prefixed_8,2,7,work/(19)/2_im7.jpg
work/(19)::2,work,work/(19),prefixed_8,2,8,work/(19)/2_im8.jpg
work/(19)::3,work,work/(19),prefixed_8,3,1,work/(19)/3_im1.jpg
work/(19)::3,work,work/(19),prefixed_8,3,2,work/(19)/3_im2.jpg
work/(19)::3,work,work/(19),prefixed_8,3,3,work/(19)/3_im3.jpg
work/(19)::3,work,work/(19),prefixed_8,3,4,work/(19)/3_im4.jpg
work/(19)::3,work,work/(19),prefixed_8,3,5,work/(19)/3_im5.jpg
work/(19)::3,work,work/(19),prefixed_8,3,6,work/(19)/3_im6.jpg
work/(19)::3,work,work/(19),prefixed_8,3,7,work/(19)/3_im7.jpg
work/(19)::3,work,work/(19),prefixed_8,3,8,work/(19)/3_im8.jpg
work/(19)::4,work,work/(19),prefixed_8,4,1,work/(19)/4_im1.jpg
work/(19)::4,work,work/(19),prefixed_8,4,2,work/(19)/4_im2.jpg
work/(19)::4,work,work/(19),prefixed_8,4,3,work/(19)/4_im3.jpg
work/(19)::4,work,work/(19),prefixed_8,4,4,work/(19)/4_im4.jpg
work/(19)::4,work,work/(19),prefixed_8,4,5,work/(19)/4_im5.jpg
work/(19)::4,work,work/(19),prefixed_8,4,6,work/(19)/4_im6.jpg
work/(19)::4,work,work/(19),prefixed_8,4,7,work/(19)/4_im7.jpg
work/(19)::4,work,work/(19),prefixed_8,4,8,work/(19)/4_im8.jpg
work/(19)::5,work,work/(19),prefixed_8,5,1,work/(19)/5_im1.jpg
work/(19)::5,work,work/(19),prefixed_8,5,2,work/(19)/5_im2.jpg
work/(19)::5,work,work/(19),prefixed_8,5,3,work/(19)/5_im3.jpg
work/(19)::5,work,work/(19),prefixed_8,5,4,work/(19)/5_im4.jpg
work/(19)::5,work,work/(19),prefixed_8,5,5,work/(19)/5_im5.jpg
work/(19)::5,work,work/(19),prefixed_8,5,6,work/(19)/5_im6.jpg
work/(19)::5,work,work/(19),prefixed_8,5,7,work/(19)/5_im7.jpg
work/(19)::5,work,work/(19),prefixed_8,5,8,work/(19)/5_im8.jpg
work/(19)::6,work,work/(19),prefixed_8,6,1,work/(19)/6_im1.jpg
work/(19)::6,work,work/(19),prefixed_8,6,2,work/(19)/6_im2.jpg
work/(19)::6,work,work/(19),prefixed_8,6,3,work/(19)/6_im3.jpg
work/(19)::6,work,work/(19),prefixed_8,6,4,work/(19)/6_im4.jpg
work/(19)::6,work,work/(19),prefixed_8,6,5,work/(19)/6_im5.jpg
work/(19)::6,work,work/(19),prefixed_8,6,6,work/(19)/6_im6.jpg
work/(19)::6,work,work/(19),prefixed_8,6,7,work/(19)/6_im7.jpg
work/(19)::6,work,work/(19),prefixed_8,6,8,work/(19)/6_im8.jpg
work/(19)::7,work,work/(19),prefixed_8,7,1,work/(19)/7_im1.jpg
work/(19)::7,work,work/(19),prefixed_8,7,2,work/(19)/7_im2.jpg
work/(19)::7,work,work/(19),prefixed_8,7,3,work/(19)/7_im3.jpg
work/(19)::7,work,work/(19),prefixed_8,7,4,work/(19)/7_im4.jpg
work/(19)::7,work,work/(19),prefixed_8,7,5,work/(19)/7_im5.jpg
work/(19)::7,work,work/(19),prefixed_8,7,6,work/(19)/7_im6.jpg
work/(19)::7,work,work/(19),prefixed_8,7,7,work/(19)/7_im7.jpg
work/(19)::7,work,work/(19),prefixed_8,7,8,work/(19)/7_im8.jpg
work/(19)::8,work,work/(19),prefixed_8,8,1,work/(19)/8_im1.jpg
work/(19)::8,work,work/(19),prefixed_8,8,2,work/(19)/8_im2.jpg
work/(19)::8,work,work/(19),prefixed_8,8,3,work/(19)/8_im3.jpg
work/(19)::8,work,work/(19),prefixed_8,8,4,work/(19)/8_im4.jpg
work/(19)::8,work,work/(19),prefixed_8,8,5,work/(19)/8_im5.jpg
work/(19)::8,work,work/(19),prefixed_8,8,6,work/(19)/8_im6.jpg
work/(19)::8,work,work/(19),prefixed_8,8,7,work/(19)/8_im7.jpg
work/(19)::8,work,work/(19),prefixed_8,8,8,work/(19)/8_im8.jpg
work/(19)::9,work,work/(19),prefixed_8,9,1,work/(19)/9_im1.jpg
work/(19)::9,work,work/(19),prefixed_8,9,2,work/(19)/9_im2.jpg
work/(19)::9,work,work/(19),prefixed_8,9,3,work/(19)/9_im3.jpg
work/(19)::9,work,work/(19),prefixed_8,9,4,work/(19)/9_im4.jpg
work/(19)::9,work,work/(19),prefixed_8,9,5,work/(19)/9_im5.jpg
work/(19)::9,work,work/(19),prefixed_8,9,6,work/(19)/9_im6.jpg
work/(19)::9,work,work/(19),prefixed_8,9,7,work/(19)/9_im7.jpg
work/(19)::9,work,work/(19),prefixed_8,9,8,work/(19)/9_im8.jpg
work/(2)::0,work,work/(2),prefixed_8,0,1,work/(2)/0_im1.jpg
work/(2)::0,work,work/(2),prefixed_8,0,2,work/(2)/0_im2.jpg
work/(2)::0,work,work/(2),prefixed_8,0,3,work/(2)/0_im3.jpg
work/(2)::0,work,work/(2),prefixed_8,0,4,work/(2)/0_im4.jpg
work/(2)::0,work,work/(2),prefixed_8,0,5,work/(2)/0_im5.jpg
work/(2)::0,work,work/(2),prefixed_8,0,6,work/(2)/0_im6.jpg
work/(2)::0,work,work/(2),prefixed_8,0,7,work/(2)/0_im7.jpg
work/(2)::0,work,work/(2),prefixed_8,0,8,work/(2)/0_im8.jpg
work/(2)::1,work,work/(2),prefixed_8,1,1,work/(2)/1_im1.jpg
work/(2)::1,work,work/(2),prefixed_8,1,2,work/(2)/1_im2.jpg
work/(2)::1,work,work/(2),prefixed_8,1,3,work/(2)/1_im3.jpg
work/(2)::1,work,work/(2),prefixed_8,1,4,work/(2)/1_im4.jpg
work/(2)::1,work,work/(2),prefixed_8,1,5,work/(2)/1_im5.jpg
work/(2)::1,work,work/(2),prefixed_8,1,6,work/(2)/1_im6.jpg
work/(2)::1,work,work/(2),prefixed_8,1,7,work/(2)/1_im7.jpg
work/(2)::1,work,work/(2),prefixed_8,1,8,work/(2)/1_im8.jpg
work/(20)::0,work,work/(20),prefixed_8,0,1,work/(20)/0_im1.jpg
work/(20)::0,work,work/(20),prefixed_8,0,2,work/(20)/0_im2.jpg
work/(20)::0,work,work/(20),prefixed_8,0,3,work/(20)/0_im3.jpg
work/(20)::0,work,work/(20),prefixed_8,0,4,work/(20)/0_im4.jpg
work/(20)::0,work,work/(20),prefixed_8,0,5,work/(20)/0_im5.jpg
work/(20)::0,work,work/(20),prefixed_8,0,6,work/(20)/0_im6.jpg
work/(20)::0,work,work/(20),prefixed_8,0,7,work/(20)/0_im7.jpg
work/(20)::0,work,work/(20),prefixed_8,0,8,work/(20)/0_im8.jpg
work/(20)::1,work,work/(20),prefixed_8,1,1,work/(20)/1_im1.jpg
work/(20)::1,work,work/(20),prefixed_8,1,2,work/(20)/1_im2.jpg
work/(20)::1,work,work/(20),prefixed_8,1,3,work/(20)/1_im3.jpg
work/(20)::1,work,work/(20),prefixed_8,1,4,work/(20)/1_im4.jpg
work/(20)::1,work,work/(20),prefixed_8,1,5,work/(20)/1_im5.jpg
work/(20)::1,work,work/(20),prefixed_8,1,6,work/(20)/1_im6.jpg
work/(20)::1,work,work/(20),prefixed_8,1,7,work/(20)/1_im7.jpg
work/(20)::1,work,work/(20),prefixed_8,1,8,work/(20)/1_im8.jpg
work/(21)::0,work,work/(21),prefixed_8,0,1,work/(21)/0_im1.jpg
work/(21)::0,work,work/(21),prefixed_8,0,2,work/(21)/0_im2.jpg
work/(21)::0,work,work/(21),prefixed_8,0,3,work/(21)/0_im3.jpg
work/(21)::0,work,work/(21),prefixed_8,0,4,work/(21)/0_im4.jpg
work/(21)::0,work,work/(21),prefixed_8,0,5,work/(21)/0_im5.jpg
work/(21)::0,work,work/(21),prefixed_8,0,6,work/(21)/0_im6.jpg
work/(21)::0,work,work/(21),prefixed_8,0,7,work/(21)/0_im7.jpg
work/(21)::0,work,work/(21),prefixed_8,0,8,work/(21)/0_im8.jpg
work/(21)::1,work,work/(21),prefixed_8,1,1,work/(21)/1_im1.jpg
work/(21)::1,work,work/(21),prefixed_8,1,2,work/(21)/1_im2.jpg
work/(21)::1,work,work/(21),prefixed_8,1,3,work/(21)/1_im3.jpg
work/(21)::1,work,work/(21),prefixed_8,1,4,work/(21)/1_im4.jpg
work/(21)::1,work,work/(21),prefixed_8,1,5,work/(21)/1_im5.jpg
work/(21)::1,work,work/(21),prefixed_8,1,6,work/(21)/1_im6.jpg
work/(21)::1,work,work/(21),prefixed_8,1,7,work/(21)/1_im7.jpg
work/(21)::1,work,work/(21),prefixed_8,1,8,work/(21)/1_im8.jpg
work/(21)::10,work,work/(21),prefixed_8,10,1,work/(21)/10_im1.jpg
work/(21)::10,work,work/(21),prefixed_8,10,2,work/(21)/10_im2.jpg
work/(21)::10,work,work/(21),prefixed_8,10,3,work/(21)/10_im3.jpg
work/(21)::10,work,work/(21),prefixed_8,10,4,work/(21)/10_im4.jpg
work/(21)::10,work,work/(21),prefixed_8,10,5,work/(21)/10_im5.jpg
work/(21)::10,work,work/(21),prefixed_8,10,6,work/(21)/10_im6.jpg
work/(21)::10,work,work/(21),prefixed_8,10,7,work/(21)/10_im7.jpg
work/(21)::10,work,work/(21),prefixed_8,10,8,work/(21)/10_im8.jpg
work/(21)::11,work,work/(21),prefixed_8,11,1,work/(21)/11_im1.jpg
work/(21)::11,work,work/(21),prefixed_8,11,2,work/(21)/11_im2.jpg
work/(21)::11,work,work/(21),prefixed_8,11,3,work/(21)/11_im3.jpg
work/(21)::11,work,work/(21),prefixed_8,11,4,work/(21)/11_im4.jpg
work/(21)::11,work,work/(21),prefixed_8,11,5,work/(21)/11_im5.jpg
work/(21)::11,work,work/(21),prefixed_8,11,6,work/(21)/11_im6.jpg
work/(21)::11,work,work/(21),prefixed_8,11,7,work/(21)/11_im7.jpg
work/(21)::11,work,work/(21),prefixed_8,11,8,work/(21)/11_im8.jpg
work/(21)::12,work,work/(21),prefixed_8,12,1,work/(21)/12_im1.jpg
work/(21)::12,work,work/(21),prefixed_8,12,2,work/(21)/12_im2.jpg
work/(21)::12,work,work/(21),prefixed_8,12,3,work/(21)/12_im3.jpg
work/(21)::12,work,work/(21),prefixed_8,12,4,work/(21)/12_im4.jpg
work/(21)::12,work,work/(21),prefixed_8,12,5,work/(21)/12_im5.jpg
work/(21)::12,work,work/(21),prefixed_8,12,6,work/(21)/12_im6.jpg
work/(21)::12,work,work/(21),prefixed_8,12,7,work/(21)/12_im7.jpg
work/(21)::12,work,work/(21),prefixed_8,12,8,work/(21)/12_im8.jpg
work/(21)::13,work,work/(21),prefixed_8,13,1,work/(21)/13_im1.jpg
work/(21)::13,work,work/(21),prefixed_8,13,2,work/(21)/13_im2.jpg
work/(21)::13,work,work/(21),prefixed_8,13,3,work/(21)/13_im3.jpg
work/(21)::13,work,work/(21),prefixed_8,13,4,work/(21)/13_im4.jpg
work/(21)::13,work,work/(21),prefixed_8,13,5,work/(21)/13_im5.jpg
work/(21)::13,work,work/(21),prefixed_8,13,6,work/(21)/13_im6.jpg
work/(21)::13,work,work/(21),prefixed_8,13,7,work/(21)/13_im7.jpg
work/(21)::13,work,work/(21),prefixed_8,13,8,work/(21)/13_im8.jpg
work/(21)::14,work,work/(21),prefixed_8,14,1,work/(21)/14_im1.jpg
work/(21)::14,work,work/(21),prefixed_8,14,2,work/(21)/14_im2.jpg
work/(21)::14,work,work/(21),prefixed_8,14,3,work/(21)/14_im3.jpg
work/(21)::14,work,work/(21),prefixed_8,14,4,work/(21)/14_im4.jpg
work/(21)::14,work,work/(21),prefixed_8,14,5,work/(21)/14_im5.jpg
work/(21)::14,work,work/(21),prefixed_8,14,6,work/(21)/14_im6.jpg
work/(21)::14,work,work/(21),prefixed_8,14,7,work/(21)/14_im7.jpg
work/(21)::14,work,work/(21),prefixed_8,14,8,work/(21)/14_im8.jpg
work/(21)::15,work,work/(21),prefixed_8,15,1,work/(21)/15_im1.jpg
work/(21)::15,work,work/(21),prefixed_8,15,2,work/(21)/15_im2.jpg
work/(21)::15,work,work/(21),prefixed_8,15,3,work/(21)/15_im3.jpg
work/(21)::15,work,work/(21),prefixed_8,15,4,work/(21)/15_im4.jpg
work/(21)::15,work,work/(21),prefixed_8,15,5,work/(21)/15_im5.jpg
work/(21)::15,work,work/(21),prefixed_8,15,6,work/(21)/15_im6.jpg
work/(21)::15,work,work/(21),prefixed_8,15,7,work/(21)/15_im7.jpg
work/(21)::15,work,work/(21),prefixed_8,15,8,work/(21)/15_im8.jpg
work/(21)::16,work,work/(21),prefixed_8,16,1,work/(21)/16_im1.jpg
work/(21)::16,work,work/(21),prefixed_8,16,2,work/(21)/16_im2.jpg
work/(21)::16,work,work/(21),prefixed_8,16,3,work/(21)/16_im3.jpg
work/(21)::16,work,work/(21),prefixed_8,16,4,work/(21)/16_im4.jpg
work/(21)::16,work,work/(21),prefixed_8,16,5,work/(21)/16_im5.jpg
work/(21)::16,work,work/(21),prefixed_8,16,6,work/(21)/16_im6.jpg
work/(21)::16,work,work/(21),prefixed_8,16,7,work/(21)/16_im7.jpg
work/(21)::16,work,work/(21),prefixed_8,16,8,work/(21)/16_im8.jpg
work/(21)::2,work,work/(21),prefixed_8,2,1,work/(21)/2_im1.jpg
work/(21)::2,work,work/(21),prefixed_8,2,2,work/(21)/2_im2.jpg
work/(21)::2,work,work/(21),prefixed_8,2,3,work/(21)/2_im3.jpg
work/(21)::2,work,work/(21),prefixed_8,2,4,work/(21)/2_im4.jpg
work/(21)::2,work,work/(21),prefixed_8,2,5,work/(21)/2_im5.jpg
work/(21)::2,work,work/(21),prefixed_8,2,6,work/(21)/2_im6.jpg
work/(21)::2,work,work/(21),prefixed_8,2,7,work/(21)/2_im7.jpg
work/(21)::2,work,work/(21),prefixed_8,2,8,work/(21)/2_im8.jpg
work/(21)::3,work,work/(21),prefixed_8,3,1,work/(21)/3_im1.jpg
work/(21)::3,work,work/(21),prefixed_8,3,2,work/(21)/3_im2.jpg
work/(21)::3,work,work/(21),prefixed_8,3,3,work/(21)/3_im3.jpg
work/(21)::3,work,work/(21),prefixed_8,3,4,work/(21)/3_im4.jpg
work/(21)::3,work,work/(21),prefixed_8,3,5,work/(21)/3_im5.jpg
work/(21)::3,work,work/(21),prefixed_8,3,6,work/(21)/3_im6.jpg
work/(21)::3,work,work/(21),prefixed_8,3,7,work/(21)/3_im7.jpg
work/(21)::3,work,work/(21),prefixed_8,3,8,work/(21)/3_im8.jpg
work/(21)::4,work,work/(21),prefixed_8,4,1,work/(21)/4_im1.jpg
work/(21)::4,work,work/(21),prefixed_8,4,2,work/(21)/4_im2.jpg
work/(21)::4,work,work/(21),prefixed_8,4,3,work/(21)/4_im3.jpg
work/(21)::4,work,work/(21),prefixed_8,4,4,work/(21)/4_im4.jpg
work/(21)::4,work,work/(21),prefixed_8,4,5,work/(21)/4_im5.jpg
work/(21)::4,work,work/(21),prefixed_8,4,6,work/(21)/4_im6.jpg
work/(21)::4,work,work/(21),prefixed_8,4,7,work/(21)/4_im7.jpg
work/(21)::4,work,work/(21),prefixed_8,4,8,work/(21)/4_im8.jpg
work/(21)::5,work,work/(21),prefixed_8,5,1,work/(21)/5_im1.jpg
work/(21)::5,work,work/(21),prefixed_8,5,2,work/(21)/5_im2.jpg
work/(21)::5,work,work/(21),prefixed_8,5,3,work/(21)/5_im3.jpg
work/(21)::5,work,work/(21),prefixed_8,5,4,work/(21)/5_im4.jpg
work/(21)::5,work,work/(21),prefixed_8,5,5,work/(21)/5_im5.jpg
work/(21)::5,work,work/(21),prefixed_8,5,6,work/(21)/5_im6.jpg
work/(21)::5,work,work/(21),prefixed_8,5,7,work/(21)/5_im7.jpg
work/(21)::5,work,work/(21),prefixed_8,5,8,work/(21)/5_im8.jpg
work/(21)::6,work,work/(21),prefixed_8,6,1,work/(21)/6_im1.jpg
work/(21)::6,work,work/(21),prefixed_8,6,2,work/(21)/6_im2.jpg
work/(21)::6,work,work/(21),prefixed_8,6,3,work/(21)/6_im3.jpg
work/(21)::6,work,work/(21),prefixed_8,6,4,work/(21)/6_im4.jpg
work/(21)::6,work,work/(21),prefixed_8,6,5,work/(21)/6_im5.jpg
work/(21)::6,work,work/(21),prefixed_8,6,6,work/(21)/6_im6.jpg
work/(21)::6,work,work/(21),prefixed_8,6,7,work/(21)/6_im7.jpg
work/(21)::6,work,work/(21),prefixed_8,6,8,work/(21)/6_im8.jpg
work/(21)::7,work,work/(21),prefixed_8,7,1,work/(21)/7_im1.jpg
work/(21)::7,work,work/(21),prefixed_8,7,2,work/(21)/7_im2.jpg
work/(21)::7,work,work/(21),prefixed_8,7,3,work/(21)/7_im3.jpg
work/(21)::7,work,work/(21),prefixed_8,7,4,work/(21)/7_im4.jpg
work/(21)::7,work,work/(21),prefixed_8,7,5,work/(21)/7_im5.jpg
work/(21)::7,work,work/(21),prefixed_8,7,6,work/(21)/7_im6.jpg
work/(21)::7,work,work/(21),prefixed_8,7,7,work/(21)/7_im7.jpg
work/(21)::7,work,work/(21),prefixed_8,7,8,work/(21)/7_im8.jpg
work/(21)::8,work,work/(21),prefixed_8,8,1,work/(21)/8_im1.jpg
work/(21)::8,work,work/(21),prefixed_8,8,2,work/(21)/8_im2.jpg
work/(21)::8,work,work/(21),prefixed_8,8,3,work/(21)/8_im3.jpg
work/(21)::8,work,work/(21),prefixed_8,8,4,work/(21)/8_im4.jpg
work/(21)::8,work,work/(21),prefixed_8,8,5,work/(21)/8_im5.jpg
work/(21)::8,work,work/(21),prefixed_8,8,6,work/(21)/8_im6.jpg
work/(21)::8,work,work/(21),prefixed_8,8,7,work/(21)/8_im7.jpg
work/(21)::8,work,work/(21),prefixed_8,8,8,work/(21)/8_im8.jpg
work/(21)::9,work,work/(21),prefixed_8,9,1,work/(21)/9_im1.jpg
work/(21)::9,work,work/(21),prefixed_8,9,2,work/(21)/9_im2.jpg
work/(21)::9,work,work/(21),prefixed_8,9,3,work/(21)/9_im3.jpg
work/(21)::9,work,work/(21),prefixed_8,9,4,work/(21)/9_im4.jpg
work/(21)::9,work,work/(21),prefixed_8,9,5,work/(21)/9_im5.jpg
work/(21)::9,work,work/(21),prefixed_8,9,6,work/(21)/9_im6.jpg
work/(21)::9,work,work/(21),prefixed_8,9,7,work/(21)/9_im7.jpg
work/(21)::9,work,work/(21),prefixed_8,9,8,work/(21)/9_im8.jpg
work/(22)::0,work,work/(22),prefixed_8,0,1,work/(22)/0_im1.jpg
work/(22)::0,work,work/(22),prefixed_8,0,2,work/(22)/0_im2.jpg
work/(22)::0,work,work/(22),prefixed_8,0,3,work/(22)/0_im3.jpg
work/(22)::0,work,work/(22),prefixed_8,0,4,work/(22)/0_im4.jpg
work/(22)::0,work,work/(22),prefixed_8,0,5,work/(22)/0_im5.jpg
work/(22)::0,work,work/(22),prefixed_8,0,6,work/(22)/0_im6.jpg
work/(22)::0,work,work/(22),prefixed_8,0,7,work/(22)/0_im7.jpg
work/(22)::0,work,work/(22),prefixed_8,0,8,work/(22)/0_im8.jpg
work/(22)::1,work,work/(22),prefixed_8,1,1,work/(22)/1_im1.jpg
work/(22)::1,work,work/(22),prefixed_8,1,2,work/(22)/1_im2.jpg
work/(22)::1,work,work/(22),prefixed_8,1,3,work/(22)/1_im3.jpg
work/(22)::1,work,work/(22),prefixed_8,1,4,work/(22)/1_im4.jpg
work/(22)::1,work,work/(22),prefixed_8,1,5,work/(22)/1_im5.jpg
work/(22)::1,work,work/(22),prefixed_8,1,6,work/(22)/1_im6.jpg
work/(22)::1,work,work/(22),prefixed_8,1,7,work/(22)/1_im7.jpg
work/(22)::1,work,work/(22),prefixed_8,1,8,work/(22)/1_im8.jpg
work/(24)::0,work,work/(24),prefixed_8,0,1,work/(24)/0_im1.jpg
work/(24)::0,work,work/(24),prefixed_8,0,2,work/(24)/0_im2.jpg
work/(24)::0,work,work/(24),prefixed_8,0,3,work/(24)/0_im3.jpg
work/(24)::0,work,work/(24),prefixed_8,0,4,work/(24)/0_im4.jpg
work/(24)::0,work,work/(24),prefixed_8,0,5,work/(24)/0_im5.jpg
work/(24)::0,work,work/(24),prefixed_8,0,6,work/(24)/0_im6.jpg
work/(24)::0,work,work/(24),prefixed_8,0,7,work/(24)/0_im7.jpg
work/(24)::0,work,work/(24),prefixed_8,0,8,work/(24)/0_im8.jpg
work/(24)::1,work,work/(24),prefixed_8,1,1,work/(24)/1_im1.jpg
work/(24)::1,work,work/(24),prefixed_8,1,2,work/(24)/1_im2.jpg
work/(24)::1,work,work/(24),prefixed_8,1,3,work/(24)/1_im3.jpg
work/(24)::1,work,work/(24),prefixed_8,1,4,work/(24)/1_im4.jpg
work/(24)::1,work,work/(24),prefixed_8,1,5,work/(24)/1_im5.jpg
work/(24)::1,work,work/(24),prefixed_8,1,6,work/(24)/1_im6.jpg
work/(24)::1,work,work/(24),prefixed_8,1,7,work/(24)/1_im7.jpg
work/(24)::1,work,work/(24),prefixed_8,1,8,work/(24)/1_im8.jpg
work/(24)::10,work,work/(24),prefixed_8,10,1,work/(24)/10_im1.jpg
work/(24)::10,work,work/(24),prefixed_8,10,2,work/(24)/10_im2.jpg
work/(24)::10,work,work/(24),prefixed_8,10,3,work/(24)/10_im3.jpg
work/(24)::10,work,work/(24),prefixed_8,10,4,work/(24)/10_im4.jpg
work/(24)::10,work,work/(24),prefixed_8,10,5,work/(24)/10_im5.jpg
work/(24)::10,work,work/(24),prefixed_8,10,6,work/(24)/10_im6.jpg
work/(24)::10,work,work/(24),prefixed_8,10,7,work/(24)/10_im7.jpg
work/(24)::10,work,work/(24),prefixed_8,10,8,work/(24)/10_im8.jpg
work/(24)::11,work,work/(24),prefixed_8,11,1,work/(24)/11_im1.jpg
work/(24)::11,work,work/(24),prefixed_8,11,2,work/(24)/11_im2.jpg
work/(24)::11,work,work/(24),prefixed_8,11,3,work/(24)/11_im3.jpg
work/(24)::11,work,work/(24),prefixed_8,11,4,work/(24)/11_im4.jpg
work/(24)::11,work,work/(24),prefixed_8,11,5,work/(24)/11_im5.jpg
work/(24)::11,work,work/(24),prefixed_8,11,6,work/(24)/11_im6.jpg
work/(24)::11,work,work/(24),prefixed_8,11,7,work/(24)/11_im7.jpg
work/(24)::11,work,work/(24),prefixed_8,11,8,work/(24)/11_im8.jpg
work/(24)::12,work,work/(24),prefixed_8,12,1,work/(24)/12_im1.jpg
work/(24)::12,work,work/(24),prefixed_8,12,2,work/(24)/12_im2.jpg
work/(24)::12,work,work/(24),prefixed_8,12,3,work/(24)/12_im3.jpg
work/(24)::12,work,work/(24),prefixed_8,12,4,work/(24)/12_im4.jpg
work/(24)::12,work,work/(24),prefixed_8,12,5,work/(24)/12_im5.jpg
work/(24)::12,work,work/(24),prefixed_8,12,6,work/(24)/12_im6.jpg
work/(24)::12,work,work/(24),prefixed_8,12,7,work/(24)/12_im7.jpg
work/(24)::12,work,work/(24),prefixed_8,12,8,work/(24)/12_im8.jpg
work/(24)::13,work,work/(24),prefixed_8,13,1,work/(24)/13_im1.jpg
work/(24)::13,work,work/(24),prefixed_8,13,2,work/(24)/13_im2.jpg
work/(24)::13,work,work/(24),prefixed_8,13,3,work/(24)/13_im3.jpg
work/(24)::13,work,work/(24),prefixed_8,13,4,work/(24)/13_im4.jpg
work/(24)::13,work,work/(24),prefixed_8,13,5,work/(24)/13_im5.jpg
work/(24)::13,work,work/(24),prefixed_8,13,6,work/(24)/13_im6.jpg
work/(24)::13,work,work/(24),prefixed_8,13,7,work/(24)/13_im7.jpg
work/(24)::13,work,work/(24),prefixed_8,13,8,work/(24)/13_im8.jpg
work/(24)::14,work,work/(24),prefixed_8,14,1,work/(24)/14_im1.jpg
work/(24)::14,work,work/(24),prefixed_8,14,2,work/(24)/14_im2.jpg
work/(24)::14,work,work/(24),prefixed_8,14,3,work/(24)/14_im3.jpg
work/(24)::14,work,work/(24),prefixed_8,14,4,work/(24)/14_im4.jpg
work/(24)::14,work,work/(24),prefixed_8,14,5,work/(24)/14_im5.jpg
work/(24)::14,work,work/(24),prefixed_8,14,6,work/(24)/14_im6.jpg
work/(24)::14,work,work/(24),prefixed_8,14,7,work/(24)/14_im7.jpg
work/(24)::14,work,work/(24),prefixed_8,14,8,work/(24)/14_im8.jpg
work/(24)::15,work,work/(24),prefixed_8,15,1,work/(24)/15_im1.jpg
work/(24)::15,work,work/(24),prefixed_8,15,2,work/(24)/15_im2.jpg
work/(24)::15,work,work/(24),prefixed_8,15,3,work/(24)/15_im3.jpg
work/(24)::15,work,work/(24),prefixed_8,15,4,work/(24)/15_im4.jpg
work/(24)::15,work,work/(24),prefixed_8,15,5,work/(24)/15_im5.jpg
work/(24)::15,work,work/(24),prefixed_8,15,6,work/(24)/15_im6.jpg
work/(24)::15,work,work/(24),prefixed_8,15,7,work/(24)/15_im7.jpg
work/(24)::15,work,work/(24),prefixed_8,15,8,work/(24)/15_im8.jpg
work/(24)::16,work,work/(24),prefixed_8,16,1,work/(24)/16_im1.jpg
work/(24)::16,work,work/(24),prefixed_8,16,2,work/(24)/16_im2.jpg
work/(24)::16,work,work/(24),prefixed_8,16,3,work/(24)/16_im3.jpg
work/(24)::16,work,work/(24),prefixed_8,16,4,work/(24)/16_im4.jpg
work/(24)::16,work,work/(24),prefixed_8,16,5,work/(24)/16_im5.jpg
work/(24)::16,work,work/(24),prefixed_8,16,6,work/(24)/16_im6.jpg
work/(24)::16,work,work/(24),prefixed_8,16,7,work/(24)/16_im7.jpg
work/(24)::16,work,work/(24),prefixed_8,16,8,work/(24)/16_im8.jpg
work/(24)::17,work,work/(24),prefixed_8,17,1,work/(24)/17_im1.jpg
work/(24)::17,work,work/(24),prefixed_8,17,2,work/(24)/17_im2.jpg
work/(24)::17,work,work/(24),prefixed_8,17,3,work/(24)/17_im3.jpg
work/(24)::17,work,work/(24),prefixed_8,17,4,work/(24)/17_im4.jpg
work/(24)::17,work,work/(24),prefixed_8,17,5,work/(24)/17_im5.jpg
work/(24)::17,work,work/(24),prefixed_8,17,6,work/(24)/17_im6.jpg
work/(24)::17,work,work/(24),prefixed_8,17,7,work/(24)/17_im7.jpg
work/(24)::17,work,work/(24),prefixed_8,17,8,work/(24)/17_im8.jpg
work/(24)::18,work,work/(24),prefixed_8,18,1,work/(24)/18_im1.jpg
work/(24)::18,work,work/(24),prefixed_8,18,2,work/(24)/18_im2.jpg
work/(24)::18,work,work/(24),prefixed_8,18,3,work/(24)/18_im3.jpg
work/(24)::18,work,work/(24),prefixed_8,18,4,work/(24)/18_im4.jpg
work/(24)::18,work,work/(24),prefixed_8,18,5,work/(24)/18_im5.jpg
work/(24)::18,work,work/(24),prefixed_8,18,6,work/(24)/18_im6.jpg
work/(24)::18,work,work/(24),prefixed_8,18,7,work/(24)/18_im7.jpg
work/(24)::18,work,work/(24),prefixed_8,18,8,work/(24)/18_im8.jpg
work/(24)::19,work,work/(24),prefixed_8,19,1,work/(24)/19_im1.jpg
work/(24)::19,work,work/(24),prefixed_8,19,2,work/(24)/19_im2.jpg
work/(24)::19,work,work/(24),prefixed_8,19,3,work/(24)/19_im3.jpg
work/(24)::19,work,work/(24),prefixed_8,19,4,work/(24)/19_im4.jpg
work/(24)::19,work,work/(24),prefixed_8,19,5,work/(24)/19_im5.jpg
work/(24)::19,work,work/(24),prefixed_8,19,6,work/(24)/19_im6.jpg
work/(24)::19,work,work/(24),prefixed_8,19,7,work/(24)/19_im7.jpg
work/(24)::19,work,work/(24),prefixed_8,19,8,work/(24)/19_im8.jpg
work/(24)::2,work,work/(24),prefixed_8,2,1,work/(24)/2_im1.jpg
work/(24)::2,work,work/(24),prefixed_8,2,2,work/(24)/2_im2.jpg
work/(24)::2,work,work/(24),prefixed_8,2,3,work/(24)/2_im3.jpg
work/(24)::2,work,work/(24),prefixed_8,2,4,work/(24)/2_im4.jpg
work/(24)::2,work,work/(24),prefixed_8,2,5,work/(24)/2_im5.jpg
work/(24)::2,work,work/(24),prefixed_8,2,6,work/(24)/2_im6.jpg
work/(24)::2,work,work/(24),prefixed_8,2,7,work/(24)/2_im7.jpg
work/(24)::2,work,work/(24),prefixed_8,2,8,work/(24)/2_im8.jpg
work/(24)::3,work,work/(24),prefixed_8,3,1,work/(24)/3_im1.jpg
work/(24)::3,work,work/(24),prefixed_8,3,2,work/(24)/3_im2.jpg
work/(24)::3,work,work/(24),prefixed_8,3,3,work/(24)/3_im3.jpg
work/(24)::3,work,work/(24),prefixed_8,3,4,work/(24)/3_im4.jpg
work/(24)::3,work,work/(24),prefixed_8,3,5,work/(24)/3_im5.jpg
work/(24)::3,work,work/(24),prefixed_8,3,6,work/(24)/3_im6.jpg
work/(24)::3,work,work/(24),prefixed_8,3,7,work/(24)/3_im7.jpg
work/(24)::3,work,work/(24),prefixed_8,3,8,work/(24)/3_im8.jpg
work/(24)::4,work,work/(24),prefixed_8,4,1,work/(24)/4_im1.jpg
work/(24)::4,work,work/(24),prefixed_8,4,2,work/(24)/4_im2.jpg
work/(24)::4,work,work/(24),prefixed_8,4,3,work/(24)/4_im3.jpg
work/(24)::4,work,work/(24),prefixed_8,4,4,work/(24)/4_im4.jpg
work/(24)::4,work,work/(24),prefixed_8,4,5,work/(24)/4_im5.jpg
work/(24)::4,work,work/(24),prefixed_8,4,6,work/(24)/4_im6.jpg
work/(24)::4,work,work/(24),prefixed_8,4,7,work/(24)/4_im7.jpg
work/(24)::4,work,work/(24),prefixed_8,4,8,work/(24)/4_im8.jpg
work/(24)::5,work,work/(24),prefixed_8,5,1,work/(24)/5_im1.jpg
work/(24)::5,work,work/(24),prefixed_8,5,2,work/(24)/5_im2.jpg
work/(24)::5,work,work/(24),prefixed_8,5,3,work/(24)/5_im3.jpg
work/(24)::5,work,work/(24),prefixed_8,5,4,work/(24)/5_im4.jpg
work/(24)::5,work,work/(24),prefixed_8,5,5,work/(24)/5_im5.jpg
work/(24)::5,work,work/(24),prefixed_8,5,6,work/(24)/5_im6.jpg
work/(24)::5,work,work/(24),prefixed_8,5,7,work/(24)/5_im7.jpg
work/(24)::5,work,work/(24),prefixed_8,5,8,work/(24)/5_im8.jpg
work/(24)::6,work,work/(24),prefixed_8,6,1,work/(24)/6_im1.jpg
work/(24)::6,work,work/(24),prefixed_8,6,2,work/(24)/6_im2.jpg
work/(24)::6,work,work/(24),prefixed_8,6,3,work/(24)/6_im3.jpg
work/(24)::6,work,work/(24),prefixed_8,6,4,work/(24)/6_im4.jpg
work/(24)::6,work,work/(24),prefixed_8,6,5,work/(24)/6_im5.jpg
work/(24)::6,work,work/(24),prefixed_8,6,6,work/(24)/6_im6.jpg
work/(24)::6,work,work/(24),prefixed_8,6,7,work/(24)/6_im7.jpg
work/(24)::6,work,work/(24),prefixed_8,6,8,work/(24)/6_im8.jpg
work/(24)::7,work,work/(24),prefixed_8,7,1,work/(24)/7_im1.jpg
work/(24)::7,work,work/(24),prefixed_8,7,2,work/(24)/7_im2.jpg
work/(24)::7,work,work/(24),prefixed_8,7,3,work/(24)/7_im3.jpg
work/(24)::7,work,work/(24),prefixed_8,7,4,work/(24)/7_im4.jpg
work/(24)::7,work,work/(24),prefixed_8,7,5,work/(24)/7_im5.jpg
work/(24)::7,work,work/(24),prefixed_8,7,6,work/(24)/7_im6.jpg
work/(24)::7,work,work/(24),prefixed_8,7,7,work/(24)/7_im7.jpg
work/(24)::7,work,work/(24),prefixed_8,7,8,work/(24)/7_im8.jpg
work/(24)::8,work,work/(24),prefixed_8,8,1,work/(24)/8_im1.jpg
work/(24)::8,work,work/(24),prefixed_8,8,2,work/(24)/8_im2.jpg
work/(24)::8,work,work/(24),prefixed_8,8,3,work/(24)/8_im3.jpg
work/(24)::8,work,work/(24),prefixed_8,8,4,work/(24)/8_im4.jpg
work/(24)::8,work,work/(24),prefixed_8,8,5,work/(24)/8_im5.jpg
work/(24)::8,work,work/(24),prefixed_8,8,6,work/(24)/8_im6.jpg
work/(24)::8,work,work/(24),prefixed_8,8,7,work/(24)/8_im7.jpg
work/(24)::8,work,work/(24),prefixed_8,8,8,work/(24)/8_im8.jpg
work/(24)::9,work,work/(24),prefixed_8,9,1,work/(24)/9_im1.jpg
work/(24)::9,work,work/(24),prefixed_8,9,2,work/(24)/9_im2.jpg
work/(24)::9,work,work/(24),prefixed_8,9,3,work/(24)/9_im3.jpg
work/(24)::9,work,work/(24),prefixed_8,9,4,work/(24)/9_im4.jpg
work/(24)::9,work,work/(24),prefixed_8,9,5,work/(24)/9_im5.jpg
work/(24)::9,work,work/(24),prefixed_8,9,6,work/(24)/9_im6.jpg
work/(24)::9,work,work/(24),prefixed_8,9,7,work/(24)/9_im7.jpg
work/(24)::9,work,work/(24),prefixed_8,9,8,work/(24)/9_im8.jpg
work/(25)::0,work,work/(25),prefixed_8,0,1,work/(25)/0_im1.jpg
work/(25)::0,work,work/(25),prefixed_8,0,2,work/(25)/0_im2.jpg
work/(25)::0,work,work/(25),prefixed_8,0,3,work/(25)/0_im3.jpg
work/(25)::0,work,work/(25),prefixed_8,0,4,work/(25)/0_im4.jpg
work/(25)::0,work,work/(25),prefixed_8,0,5,work/(25)/0_im5.jpg
work/(25)::0,work,work/(25),prefixed_8,0,6,work/(25)/0_im6.jpg
work/(25)::0,work,work/(25),prefixed_8,0,7,work/(25)/0_im7.jpg
work/(25)::0,work,work/(25),prefixed_8,0,8,work/(25)/0_im8.jpg
work/(25)::1,work,work/(25),prefixed_8,1,1,work/(25)/1_im1.jpg
work/(25)::1,work,work/(25),prefixed_8,1,2,work/(25)/1_im2.jpg
work/(25)::1,work,work/(25),prefixed_8,1,3,work/(25)/1_im3.jpg
work/(25)::1,work,work/(25),prefixed_8,1,4,work/(25)/1_im4.jpg
work/(25)::1,work,work/(25),prefixed_8,1,5,work/(25)/1_im5.jpg
work/(25)::1,work,work/(25),prefixed_8,1,6,work/(25)/1_im6.jpg
work/(25)::1,work,work/(25),prefixed_8,1,7,work/(25)/1_im7.jpg
work/(25)::1,work,work/(25),prefixed_8,1,8,work/(25)/1_im8.jpg
work/(25)::2,work,work/(25),prefixed_8,2,1,work/(25)/2_im1.jpg
work/(25)::2,work,work/(25),prefixed_8,2,2,work/(25)/2_im2.jpg
work/(25)::2,work,work/(25),prefixed_8,2,3,work/(25)/2_im3.jpg
work/(25)::2,work,work/(25),prefixed_8,2,4,work/(25)/2_im4.jpg
work/(25)::2,work,work/(25),prefixed_8,2,5,work/(25)/2_im5.jpg
work/(25)::2,work,work/(25),prefixed_8,2,6,work/(25)/2_im6.jpg
work/(25)::2,work,work/(25),prefixed_8,2,7,work/(25)/2_im7.jpg
work/(25)::2,work,work/(25),prefixed_8,2,8,work/(25)/2_im8.jpg
work/(25)::3,work,work/(25),prefixed_8,3,1,work/(25)/3_im1.jpg
work/(25)::3,work,work/(25),prefixed_8,3,2,work/(25)/3_im2.jpg
work/(25)::3,work,work/(25),prefixed_8,3,3,work/(25)/3_im3.jpg
work/(25)::3,work,work/(25),prefixed_8,3,4,work/(25)/3_im4.jpg
work/(25)::3,work,work/(25),prefixed_8,3,5,work/(25)/3_im5.jpg
work/(25)::3,work,work/(25),prefixed_8,3,6,work/(25)/3_im6.jpg
work/(25)::3,work,work/(25),prefixed_8,3,7,work/(25)/3_im7.jpg
work/(25)::3,work,work/(25),prefixed_8,3,8,work/(25)/3_im8.jpg
work/(25)::4,work,work/(25),prefixed_8,4,1,work/(25)/4_im1.jpg
work/(25)::4,work,work/(25),prefixed_8,4,2,work/(25)/4_im2.jpg
work/(25)::4,work,work/(25),prefixed_8,4,3,work/(25)/4_im3.jpg
work/(25)::4,work,work/(25),prefixed_8,4,4,work/(25)/4_im4.jpg
work/(25)::4,work,work/(25),prefixed_8,4,5,work/(25)/4_im5.jpg
work/(25)::4,work,work/(25),prefixed_8,4,6,work/(25)/4_im6.jpg
work/(25)::4,work,work/(25),prefixed_8,4,7,work/(25)/4_im7.jpg
work/(25)::4,work,work/(25),prefixed_8,4,8,work/(25)/4_im8.jpg
work/(27)::0,work,work/(27),prefixed_8,0,1,work/(27)/0_im1.jpg
work/(27)::0,work,work/(27),prefixed_8,0,2,work/(27)/0_im2.jpg
work/(27)::0,work,work/(27),prefixed_8,0,3,work/(27)/0_im3.jpg
work/(27)::0,work,work/(27),prefixed_8,0,4,work/(27)/0_im4.jpg
work/(27)::0,work,work/(27),prefixed_8,0,5,work/(27)/0_im5.jpg
work/(27)::0,work,work/(27),prefixed_8,0,6,work/(27)/0_im6.jpg
work/(27)::0,work,work/(27),prefixed_8,0,7,work/(27)/0_im7.jpg
work/(27)::0,work,work/(27),prefixed_8,0,8,work/(27)/0_im8.jpg
work/(27)::1,work,work/(27),prefixed_8,1,1,work/(27)/1_im1.jpg
work/(27)::1,work,work/(27),prefixed_8,1,2,work/(27)/1_im2.jpg
work/(27)::1,work,work/(27),prefixed_8,1,3,work/(27)/1_im3.jpg
work/(27)::1,work,work/(27),prefixed_8,1,4,work/(27)/1_im4.jpg
work/(27)::1,work,work/(27),prefixed_8,1,5,work/(27)/1_im5.jpg
work/(27)::1,work,work/(27),prefixed_8,1,6,work/(27)/1_im6.jpg
work/(27)::1,work,work/(27),prefixed_8,1,7,work/(27)/1_im7.jpg
work/(27)::1,work,work/(27),prefixed_8,1,8,work/(27)/1_im8.jpg
work/(28)::0,work,work/(28),prefixed_8,0,1,work/(28)/0_im1.jpg
work/(28)::0,work,work/(28),prefixed_8,0,2,work/(28)/0_im2.jpg
work/(28)::0,work,work/(28),prefixed_8,0,3,work/(28)/0_im3.jpg
work/(28)::0,work,work/(28),prefixed_8,0,4,work/(28)/0_im4.jpg
work/(28)::0,work,work/(28),prefixed_8,0,5,work/(28)/0_im5.jpg
work/(28)::0,work,work/(28),prefixed_8,0,6,work/(28)/0_im6.jpg
work/(28)::0,work,work/(28),prefixed_8,0,7,work/(28)/0_im7.jpg
work/(28)::0,work,work/(28),prefixed_8,0,8,work/(28)/0_im8.jpg
work/(28)::1,work,work/(28),prefixed_8,1,1,work/(28)/1_im1.jpg
work/(28)::1,work,work/(28),prefixed_8,1,2,work/(28)/1_im2.jpg
work/(28)::1,work,work/(28),prefixed_8,1,3,work/(28)/1_im3.jpg
work/(28)::1,work,work/(28),prefixed_8,1,4,work/(28)/1_im4.jpg
work/(28)::1,work,work/(28),prefixed_8,1,5,work/(28)/1_im5.jpg
work/(28)::1,work,work/(28),prefixed_8,1,6,work/(28)/1_im6.jpg
work/(28)::1,work,work/(28),prefixed_8,1,7,work/(28)/1_im7.jpg
work/(28)::1,work,work/(28),prefixed_8,1,8,work/(28)/1_im8.jpg
work/(28)::2,work,work/(28),prefixed_8,2,1,work/(28)/2_im1.jpg
work/(28)::2,work,work/(28),prefixed_8,2,2,work/(28)/2_im2.jpg
work/(28)::2,work,work/(28),prefixed_8,2,3,work/(28)/2_im3.jpg
work/(28)::2,work,work/(28),prefixed_8,2,4,work/(28)/2_im4.jpg
work/(28)::2,work,work/(28),prefixed_8,2,5,work/(28)/2_im5.jpg
work/(28)::2,work,work/(28),prefixed_8,2,6,work/(28)/2_im6.jpg
work/(28)::2,work,work/(28),prefixed_8,2,7,work/(28)/2_im7.jpg
work/(28)::2,work,work/(28),prefixed_8,2,8,work/(28)/2_im8.jpg
work/(28)::3,work,work/(28),prefixed_8,3,1,work/(28)/3_im1.jpg
work/(28)::3,work,work/(28),prefixed_8,3,2,work/(28)/3_im2.jpg
work/(28)::3,work,work/(28),prefixed_8,3,3,work/(28)/3_im3.jpg
work/(28)::3,work,work/(28),prefixed_8,3,4,work/(28)/3_im4.jpg
work/(28)::3,work,work/(28),prefixed_8,3,5,work/(28)/3_im5.jpg
work/(28)::3,work,work/(28),prefixed_8,3,6,work/(28)/3_im6.jpg
work/(28)::3,work,work/(28),prefixed_8,3,7,work/(28)/3_im7.jpg
work/(28)::3,work,work/(28),prefixed_8,3,8,work/(28)/3_im8.jpg
work/(28)::4,work,work/(28),prefixed_8,4,1,work/(28)/4_im1.jpg
work/(28)::4,work,work/(28),prefixed_8,4,2,work/(28)/4_im2.jpg
work/(28)::4,work,work/(28),prefixed_8,4,3,work/(28)/4_im3.jpg
work/(28)::4,work,work/(28),prefixed_8,4,4,work/(28)/4_im4.jpg
work/(28)::4,work,work/(28),prefixed_8,4,5,work/(28)/4_im5.jpg
work/(28)::4,work,work/(28),prefixed_8,4,6,work/(28)/4_im6.jpg
work/(28)::4,work,work/(28),prefixed_8,4,7,work/(28)/4_im7.jpg
work/(28)::4,work,work/(28),prefixed_8,4,8,work/(28)/4_im8.jpg
work/(28)::5,work,work/(28),prefixed_8,5,1,work/(28)/5_im1.jpg
work/(28)::5,work,work/(28),prefixed_8,5,2,work/(28)/5_im2.jpg
work/(28)::5,work,work/(28),prefixed_8,5,3,work/(28)/5_im3.jpg
work/(28)::5,work,work/(28),prefixed_8,5,4,work/(28)/5_im4.jpg
work/(28)::5,work,work/(28),prefixed_8,5,5,work/(28)/5_im5.jpg
work/(28)::5,work,work/(28),prefixed_8,5,6,work/(28)/5_im6.jpg
work/(28)::5,work,work/(28),prefixed_8,5,7,work/(28)/5_im7.jpg
work/(28)::5,work,work/(28),prefixed_8,5,8,work/(28)/5_im8.jpg
work/(29)::0,work,work/(29),prefixed_8,0,1,work/(29)/0_im1.jpg
work/(29)::0,work,work/(29),prefixed_8,0,2,work/(29)/0_im2.jpg
work/(29)::0,work,work/(29),prefixed_8,0,3,work/(29)/0_im3.jpg
work/(29)::0,work,work/(29),prefixed_8,0,4,work/(29)/0_im4.jpg
work/(29)::0,work,work/(29),prefixed_8,0,5,work/(29)/0_im5.jpg
work/(29)::0,work,work/(29),prefixed_8,0,6,work/(29)/0_im6.jpg
work/(29)::0,work,work/(29),prefixed_8,0,7,work/(29)/0_im7.jpg
work/(29)::0,work,work/(29),prefixed_8,0,8,work/(29)/0_im8.jpg
work/(29)::1,work,work/(29),prefixed_8,1,1,work/(29)/1_im1.jpg
work/(29)::1,work,work/(29),prefixed_8,1,2,work/(29)/1_im2.jpg
work/(29)::1,work,work/(29),prefixed_8,1,3,work/(29)/1_im3.jpg
work/(29)::1,work,work/(29),prefixed_8,1,4,work/(29)/1_im4.jpg
work/(29)::1,work,work/(29),prefixed_8,1,5,work/(29)/1_im5.jpg
work/(29)::1,work,work/(29),prefixed_8,1,6,work/(29)/1_im6.jpg
work/(29)::1,work,work/(29),prefixed_8,1,7,work/(29)/1_im7.jpg
work/(29)::1,work,work/(29),prefixed_8,1,8,work/(29)/1_im8.jpg
work/(29)::2,work,work/(29),prefixed_8,2,1,work/(29)/2_im1.jpg
work/(29)::2,work,work/(29),prefixed_8,2,2,work/(29)/2_im2.jpg
work/(29)::2,work,work/(29),prefixed_8,2,3,work/(29)/2_im3.jpg
work/(29)::2,work,work/(29),prefixed_8,2,4,work/(29)/2_im4.jpg
work/(29)::2,work,work/(29),prefixed_8,2,5,work/(29)/2_im5.jpg
work/(29)::2,work,work/(29),prefixed_8,2,6,work/(29)/2_im6.jpg
work/(29)::2,work,work/(29),prefixed_8,2,7,work/(29)/2_im7.jpg
work/(29)::2,work,work/(29),prefixed_8,2,8,work/(29)/2_im8.jpg
work/(3)::0,work,work/(3),prefixed_8,0,1,work/(3)/0_im1.jpg
work/(3)::0,work,work/(3),prefixed_8,0,2,work/(3)/0_im2.jpg
work/(3)::0,work,work/(3),prefixed_8,0,3,work/(3)/0_im3.jpg
work/(3)::0,work,work/(3),prefixed_8,0,4,work/(3)/0_im4.jpg
work/(3)::0,work,work/(3),prefixed_8,0,5,work/(3)/0_im5.jpg
work/(3)::0,work,work/(3),prefixed_8,0,6,work/(3)/0_im6.jpg
work/(3)::0,work,work/(3),prefixed_8,0,7,work/(3)/0_im7.jpg
work/(3)::0,work,work/(3),prefixed_8,0,8,work/(3)/0_im8.jpg
work/(3)::1,work,work/(3),prefixed_8,1,1,work/(3)/1_im1.jpg
work/(3)::1,work,work/(3),prefixed_8,1,2,work/(3)/1_im2.jpg
work/(3)::1,work,work/(3),prefixed_8,1,3,work/(3)/1_im3.jpg
work/(3)::1,work,work/(3),prefixed_8,1,4,work/(3)/1_im4.jpg
work/(3)::1,work,work/(3),prefixed_8,1,5,work/(3)/1_im5.jpg
work/(3)::1,work,work/(3),prefixed_8,1,6,work/(3)/1_im6.jpg
work/(3)::1,work,work/(3),prefixed_8,1,7,work/(3)/1_im7.jpg
work/(3)::1,work,work/(3),prefixed_8,1,8,work/(3)/1_im8.jpg
work/(3)::2,work,work/(3),prefixed_8,2,1,work/(3)/2_im1.jpg
work/(3)::2,work,work/(3),prefixed_8,2,2,work/(3)/2_im2.jpg
work/(3)::2,work,work/(3),prefixed_8,2,3,work/(3)/2_im3.jpg
work/(3)::2,work,work/(3),prefixed_8,2,4,work/(3)/2_im4.jpg
work/(3)::2,work,work/(3),prefixed_8,2,5,work/(3)/2_im5.jpg
work/(3)::2,work,work/(3),prefixed_8,2,6,work/(3)/2_im6.jpg
work/(3)::2,work,work/(3),prefixed_8,2,7,work/(3)/2_im7.jpg
work/(3)::2,work,work/(3),prefixed_8,2,8,work/(3)/2_im8.jpg
work/(3)::3,work,work/(3),prefixed_8,3,1,work/(3)/3_im1.jpg
work/(3)::3,work,work/(3),prefixed_8,3,2,work/(3)/3_im2.jpg
work/(3)::3,work,work/(3),prefixed_8,3,3,work/(3)/3_im3.jpg
work/(3)::3,work,work/(3),prefixed_8,3,4,work/(3)/3_im4.jpg
work/(3)::3,work,work/(3),prefixed_8,3,5,work/(3)/3_im5.jpg
work/(3)::3,work,work/(3),prefixed_8,3,6,work/(3)/3_im6.jpg
work/(3)::3,work,work/(3),prefixed_8,3,7,work/(3)/3_im7.jpg
work/(3)::3,work,work/(3),prefixed_8,3,8,work/(3)/3_im8.jpg
work/(3)::4,work,work/(3),prefixed_8,4,1,work/(3)/4_im1.jpg
work/(3)::4,work,work/(3),prefixed_8,4,2,work/(3)/4_im2.jpg
work/(3)::4,work,work/(3),prefixed_8,4,3,work/(3)/4_im3.jpg
work/(3)::4,work,work/(3),prefixed_8,4,4,work/(3)/4_im4.jpg
work/(3)::4,work,work/(3),prefixed_8,4,5,work/(3)/4_im5.jpg
work/(3)::4,work,work/(3),prefixed_8,4,6,work/(3)/4_im6.jpg
work/(3)::4,work,work/(3),prefixed_8,4,7,work/(3)/4_im7.jpg
work/(3)::4,work,work/(3),prefixed_8,4,8,work/(3)/4_im8.jpg
work/(30)::0,work,work/(30),prefixed_8,0,1,work/(30)/0_im1.jpg
work/(30)::0,work,work/(30),prefixed_8,0,2,work/(30)/0_im2.jpg
work/(30)::0,work,work/(30),prefixed_8,0,3,work/(30)/0_im3.jpg
work/(30)::0,work,work/(30),prefixed_8,0,4,work/(30)/0_im4.jpg
work/(30)::0,work,work/(30),prefixed_8,0,5,work/(30)/0_im5.jpg
work/(30)::0,work,work/(30),prefixed_8,0,6,work/(30)/0_im6.jpg
work/(30)::0,work,work/(30),prefixed_8,0,7,work/(30)/0_im7.jpg
work/(30)::0,work,work/(30),prefixed_8,0,8,work/(30)/0_im8.jpg
work/(30)::1,work,work/(30),prefixed_8,1,1,work/(30)/1_im1.jpg
work/(30)::1,work,work/(30),prefixed_8,1,2,work/(30)/1_im2.jpg
work/(30)::1,work,work/(30),prefixed_8,1,3,work/(30)/1_im3.jpg
work/(30)::1,work,work/(30),prefixed_8,1,4,work/(30)/1_im4.jpg
work/(30)::1,work,work/(30),prefixed_8,1,5,work/(30)/1_im5.jpg
work/(30)::1,work,work/(30),prefixed_8,1,6,work/(30)/1_im6.jpg
work/(30)::1,work,work/(30),prefixed_8,1,7,work/(30)/1_im7.jpg
work/(30)::1,work,work/(30),prefixed_8,1,8,work/(30)/1_im8.jpg
work/(31)::0,work,work/(31),prefixed_8,0,1,work/(31)/0_im1.jpg
work/(31)::0,work,work/(31),prefixed_8,0,2,work/(31)/0_im2.jpg
work/(31)::0,work,work/(31),prefixed_8,0,3,work/(31)/0_im3.jpg
work/(31)::0,work,work/(31),prefixed_8,0,4,work/(31)/0_im4.jpg
work/(31)::0,work,work/(31),prefixed_8,0,5,work/(31)/0_im5.jpg
work/(31)::0,work,work/(31),prefixed_8,0,6,work/(31)/0_im6.jpg
work/(31)::0,work,work/(31),prefixed_8,0,7,work/(31)/0_im7.jpg
work/(31)::0,work,work/(31),prefixed_8,0,8,work/(31)/0_im8.jpg
work/(31)::1,work,work/(31),prefixed_8,1,1,work/(31)/1_im1.jpg
work/(31)::1,work,work/(31),prefixed_8,1,2,work/(31)/1_im2.jpg
work/(31)::1,work,work/(31),prefixed_8,1,3,work/(31)/1_im3.jpg
work/(31)::1,work,work/(31),prefixed_8,1,4,work/(31)/1_im4.jpg
work/(31)::1,work,work/(31),prefixed_8,1,5,work/(31)/1_im5.jpg
work/(31)::1,work,work/(31),prefixed_8,1,6,work/(31)/1_im6.jpg
work/(31)::1,work,work/(31),prefixed_8,1,7,work/(31)/1_im7.jpg
work/(31)::1,work,work/(31),prefixed_8,1,8,work/(31)/1_im8.jpg
work/(32)::0,work,work/(32),prefixed_8,0,1,work/(32)/0_im1.jpg
work/(32)::0,work,work/(32),prefixed_8,0,2,work/(32)/0_im2.jpg
work/(32)::0,work,work/(32),prefixed_8,0,3,work/(32)/0_im3.jpg
work/(32)::0,work,work/(32),prefixed_8,0,4,work/(32)/0_im4.jpg
work/(32)::0,work,work/(32),prefixed_8,0,5,work/(32)/0_im5.jpg
work/(32)::0,work,work/(32),prefixed_8,0,6,work/(32)/0_im6.jpg
work/(32)::0,work,work/(32),prefixed_8,0,7,work/(32)/0_im7.jpg
work/(32)::0,work,work/(32),prefixed_8,0,8,work/(32)/0_im8.jpg
work/(32)::1,work,work/(32),prefixed_8,1,1,work/(32)/1_im1.jpg
work/(32)::1,work,work/(32),prefixed_8,1,2,work/(32)/1_im2.jpg
work/(32)::1,work,work/(32),prefixed_8,1,3,work/(32)/1_im3.jpg
work/(32)::1,work,work/(32),prefixed_8,1,4,work/(32)/1_im4.jpg
work/(32)::1,work,work/(32),prefixed_8,1,5,work/(32)/1_im5.jpg
work/(32)::1,work,work/(32),prefixed_8,1,6,work/(32)/1_im6.jpg
work/(32)::1,work,work/(32),prefixed_8,1,7,work/(32)/1_im7.jpg
work/(32)::1,work,work/(32),prefixed_8,1,8,work/(32)/1_im8.jpg
work/(33)::0,work,work/(33),prefixed_8,0,1,work/(33)/0_im1.jpg
work/(33)::0,work,work/(33),prefixed_8,0,2,work/(33)/0_im2.jpg
work/(33)::0,work,work/(33),prefixed_8,0,3,work/(33)/0_im3.jpg
work/(33)::0,work,work/(33),prefixed_8,0,4,work/(33)/0_im4.jpg
work/(33)::0,work,work/(33),prefixed_8,0,5,work/(33)/0_im5.jpg
work/(33)::0,work,work/(33),prefixed_8,0,6,work/(33)/0_im6.jpg
work/(33)::0,work,work/(33),prefixed_8,0,7,work/(33)/0_im7.jpg
work/(33)::0,work,work/(33),prefixed_8,0,8,work/(33)/0_im8.jpg
work/(33)::1,work,work/(33),prefixed_8,1,1,work/(33)/1_im1.jpg
work/(33)::1,work,work/(33),prefixed_8,1,2,work/(33)/1_im2.jpg
work/(33)::1,work,work/(33),prefixed_8,1,3,work/(33)/1_im3.jpg
work/(33)::1,work,work/(33),prefixed_8,1,4,work/(33)/1_im4.jpg
work/(33)::1,work,work/(33),prefixed_8,1,5,work/(33)/1_im5.jpg
work/(33)::1,work,work/(33),prefixed_8,1,6,work/(33)/1_im6.jpg
work/(33)::1,work,work/(33),prefixed_8,1,7,work/(33)/1_im7.jpg
work/(33)::1,work,work/(33),prefixed_8,1,8,work/(33)/1_im8.jpg
work/(33)::remaining,work,work/(33),remaining_8,remaining,1,work/(33)/0 (1).jpg
work/(33)::remaining,work,work/(33),remaining_8,remaining,2,work/(33)/0 (2).jpg
work/(33)::remaining,work,work/(33),remaining_8,remaining,3,work/(33)/0 (3).jpg
work/(33)::remaining,work,work/(33),remaining_8,remaining,4,work/(33)/0 (4).jpg
work/(33)::remaining,work,work/(33),remaining_8,remaining,5,work/(33)/0 (5).jpg
work/(33)::remaining,work,work/(33),remaining_8,remaining,6,work/(33)/0 (6).jpg
work/(33)::remaining,work,work/(33),remaining_8,remaining,7,work/(33)/0 (7).jpg
work/(33)::remaining,work,work/(33),remaining_8,remaining,8,work/(33)/0 (8).jpg
work/(34)::0,work,work/(34),prefixed_8,0,1,work/(34)/0_im1.jpg
work/(34)::0,work,work/(34),prefixed_8,0,2,work/(34)/0_im2.jpg
work/(34)::0,work,work/(34),prefixed_8,0,3,work/(34)/0_im3.jpg
work/(34)::0,work,work/(34),prefixed_8,0,4,work/(34)/0_im4.jpg
work/(34)::0,work,work/(34),prefixed_8,0,5,work/(34)/0_im5.jpg
work/(34)::0,work,work/(34),prefixed_8,0,6,work/(34)/0_im6.jpg
work/(34)::0,work,work/(34),prefixed_8,0,7,work/(34)/0_im7.jpg
work/(34)::0,work,work/(34),prefixed_8,0,8,work/(34)/0_im8.jpg
work/(34)::1,work,work/(34),prefixed_8,1,1,work/(34)/1_im1.jpg
work/(34)::1,work,work/(34),prefixed_8,1,2,work/(34)/1_im2.jpg
work/(34)::1,work,work/(34),prefixed_8,1,3,work/(34)/1_im3.jpg
work/(34)::1,work,work/(34),prefixed_8,1,4,work/(34)/1_im4.jpg
work/(34)::1,work,work/(34),prefixed_8,1,5,work/(34)/1_im5.jpg
work/(34)::1,work,work/(34),prefixed_8,1,6,work/(34)/1_im6.jpg
work/(34)::1,work,work/(34),prefixed_8,1,7,work/(34)/1_im7.jpg
work/(34)::1,work,work/(34),prefixed_8,1,8,work/(34)/1_im8.jpg
work/(35)::0,work,work/(35),prefixed_8,0,1,work/(35)/0_im1.jpg
work/(35)::0,work,work/(35),prefixed_8,0,2,work/(35)/0_im2.jpg
work/(35)::0,work,work/(35),prefixed_8,0,3,work/(35)/0_im3.jpg
work/(35)::0,work,work/(35),prefixed_8,0,4,work/(35)/0_im4.jpg
work/(35)::0,work,work/(35),prefixed_8,0,5,work/(35)/0_im5.jpg
work/(35)::0,work,work/(35),prefixed_8,0,6,work/(35)/0_im6.jpg
work/(35)::0,work,work/(35),prefixed_8,0,7,work/(35)/0_im7.jpg
work/(35)::0,work,work/(35),prefixed_8,0,8,work/(35)/0_im8.jpg
work/(35)::1,work,work/(35),prefixed_8,1,1,work/(35)/1_im1.jpg
work/(35)::1,work,work/(35),prefixed_8,1,2,work/(35)/1_im2.jpg
work/(35)::1,work,work/(35),prefixed_8,1,3,work/(35)/1_im3.jpg
work/(35)::1,work,work/(35),prefixed_8,1,4,work/(35)/1_im4.jpg
work/(35)::1,work,work/(35),prefixed_8,1,5,work/(35)/1_im5.jpg
work/(35)::1,work,work/(35),prefixed_8,1,6,work/(35)/1_im6.jpg
work/(35)::1,work,work/(35),prefixed_8,1,7,work/(35)/1_im7.jpg
work/(35)::1,work,work/(35),prefixed_8,1,8,work/(35)/1_im8.jpg
work/(35)::2,work,work/(35),prefixed_8,2,1,work/(35)/2_im1.jpg
work/(35)::2,work,work/(35),prefixed_8,2,2,work/(35)/2_im2.jpg
work/(35)::2,work,work/(35),prefixed_8,2,3,work/(35)/2_im3.jpg
work/(35)::2,work,work/(35),prefixed_8,2,4,work/(35)/2_im4.jpg
work/(35)::2,work,work/(35),prefixed_8,2,5,work/(35)/2_im5.jpg
work/(35)::2,work,work/(35),prefixed_8,2,6,work/(35)/2_im6.jpg
work/(35)::2,work,work/(35),prefixed_8,2,7,work/(35)/2_im7.jpg
work/(35)::2,work,work/(35),prefixed_8,2,8,work/(35)/2_im8.jpg
work/(35)::3,work,work/(35),prefixed_8,3,1,work/(35)/3_im1.jpg
work/(35)::3,work,work/(35),prefixed_8,3,2,work/(35)/3_im2.jpg
work/(35)::3,work,work/(35),prefixed_8,3,3,work/(35)/3_im3.jpg
work/(35)::3,work,work/(35),prefixed_8,3,4,work/(35)/3_im4.jpg
work/(35)::3,work,work/(35),prefixed_8,3,5,work/(35)/3_im5.jpg
work/(35)::3,work,work/(35),prefixed_8,3,6,work/(35)/3_im6.jpg
work/(35)::3,work,work/(35),prefixed_8,3,7,work/(35)/3_im7.jpg
work/(35)::3,work,work/(35),prefixed_8,3,8,work/(35)/3_im8.jpg
work/(35)::4,work,work/(35),prefixed_8,4,1,work/(35)/4_im1.jpg
work/(35)::4,work,work/(35),prefixed_8,4,2,work/(35)/4_im2.jpg
work/(35)::4,work,work/(35),prefixed_8,4,3,work/(35)/4_im3.jpg
work/(35)::4,work,work/(35),prefixed_8,4,4,work/(35)/4_im4.jpg
work/(35)::4,work,work/(35),prefixed_8,4,5,work/(35)/4_im5.jpg
work/(35)::4,work,work/(35),prefixed_8,4,6,work/(35)/4_im6.jpg
work/(35)::4,work,work/(35),prefixed_8,4,7,work/(35)/4_im7.jpg
work/(35)::4,work,work/(35),prefixed_8,4,8,work/(35)/4_im8.jpg
work/(4)::0,work,work/(4),prefixed_8,0,1,work/(4)/0_im1.jpg
work/(4)::0,work,work/(4),prefixed_8,0,2,work/(4)/0_im2.jpg
work/(4)::0,work,work/(4),prefixed_8,0,3,work/(4)/0_im3.jpg
work/(4)::0,work,work/(4),prefixed_8,0,4,work/(4)/0_im4.jpg
work/(4)::0,work,work/(4),prefixed_8,0,5,work/(4)/0_im5.jpg
work/(4)::0,work,work/(4),prefixed_8,0,6,work/(4)/0_im6.jpg
work/(4)::0,work,work/(4),prefixed_8,0,7,work/(4)/0_im7.jpg
work/(4)::0,work,work/(4),prefixed_8,0,8,work/(4)/0_im8.jpg
work/(4)::1,work,work/(4),prefixed_8,1,1,work/(4)/1_im1.jpg
work/(4)::1,work,work/(4),prefixed_8,1,2,work/(4)/1_im2.jpg
work/(4)::1,work,work/(4),prefixed_8,1,3,work/(4)/1_im3.jpg
work/(4)::1,work,work/(4),prefixed_8,1,4,work/(4)/1_im4.jpg
work/(4)::1,work,work/(4),prefixed_8,1,5,work/(4)/1_im5.jpg
work/(4)::1,work,work/(4),prefixed_8,1,6,work/(4)/1_im6.jpg
work/(4)::1,work,work/(4),prefixed_8,1,7,work/(4)/1_im7.jpg
work/(4)::1,work,work/(4),prefixed_8,1,8,work/(4)/1_im8.jpg
work/(4)::2,work,work/(4),prefixed_8,2,1,work/(4)/2_im1.jpg
work/(4)::2,work,work/(4),prefixed_8,2,2,work/(4)/2_im2.jpg
work/(4)::2,work,work/(4),prefixed_8,2,3,work/(4)/2_im3.jpg
work/(4)::2,work,work/(4),prefixed_8,2,4,work/(4)/2_im4.jpg
work/(4)::2,work,work/(4),prefixed_8,2,5,work/(4)/2_im5.jpg
work/(4)::2,work,work/(4),prefixed_8,2,6,work/(4)/2_im6.jpg
work/(4)::2,work,work/(4),prefixed_8,2,7,work/(4)/2_im7.jpg
work/(4)::2,work,work/(4),prefixed_8,2,8,work/(4)/2_im8.jpg
work/(4)::3,work,work/(4),prefixed_8,3,1,work/(4)/3_im1.jpg
work/(4)::3,work,work/(4),prefixed_8,3,2,work/(4)/3_im2.jpg
work/(4)::3,work,work/(4),prefixed_8,3,3,work/(4)/3_im3.jpg
work/(4)::3,work,work/(4),prefixed_8,3,4,work/(4)/3_im4.jpg
work/(4)::3,work,work/(4),prefixed_8,3,5,work/(4)/3_im5.jpg
work/(4)::3,work,work/(4),prefixed_8,3,6,work/(4)/3_im6.jpg
work/(4)::3,work,work/(4),prefixed_8,3,7,work/(4)/3_im7.jpg
work/(4)::3,work,work/(4),prefixed_8,3,8,work/(4)/3_im8.jpg
work/(4)::4,work,work/(4),prefixed_8,4,1,work/(4)/4_im1.jpg
work/(4)::4,work,work/(4),prefixed_8,4,2,work/(4)/4_im2.jpg
work/(4)::4,work,work/(4),prefixed_8,4,3,work/(4)/4_im3.jpg
work/(4)::4,work,work/(4),prefixed_8,4,4,work/(4)/4_im4.jpg
work/(4)::4,work,work/(4),prefixed_8,4,5,work/(4)/4_im5.jpg
work/(4)::4,work,work/(4),prefixed_8,4,6,work/(4)/4_im6.jpg
work/(4)::4,work,work/(4),prefixed_8,4,7,work/(4)/4_im7.jpg
work/(4)::4,work,work/(4),prefixed_8,4,8,work/(4)/4_im8.jpg
work/(4)::5,work,work/(4),prefixed_8,5,1,work/(4)/5_im1.jpg
work/(4)::5,work,work/(4),prefixed_8,5,2,work/(4)/5_im2.jpg
work/(4)::5,work,work/(4),prefixed_8,5,3,work/(4)/5_im3.jpg
work/(4)::5,work,work/(4),prefixed_8,5,4,work/(4)/5_im4.jpg
work/(4)::5,work,work/(4),prefixed_8,5,5,work/(4)/5_im5.jpg
work/(4)::5,work,work/(4),prefixed_8,5,6,work/(4)/5_im6.jpg
work/(4)::5,work,work/(4),prefixed_8,5,7,work/(4)/5_im7.jpg
work/(4)::5,work,work/(4),prefixed_8,5,8,work/(4)/5_im8.jpg
work/(4)::6,work,work/(4),prefixed_8,6,1,work/(4)/6_im1.jpg
work/(4)::6,work,work/(4),prefixed_8,6,2,work/(4)/6_im2.jpg
work/(4)::6,work,work/(4),prefixed_8,6,3,work/(4)/6_im3.jpg
work/(4)::6,work,work/(4),prefixed_8,6,4,work/(4)/6_im4.jpg
work/(4)::6,work,work/(4),prefixed_8,6,5,work/(4)/6_im5.jpg
work/(4)::6,work,work/(4),prefixed_8,6,6,work/(4)/6_im6.jpg
work/(4)::6,work,work/(4),prefixed_8,6,7,work/(4)/6_im7.jpg
work/(4)::6,work,work/(4),prefixed_8,6,8,work/(4)/6_im8.jpg
work/(4)::7,work,work/(4),prefixed_8,7,1,work/(4)/7_im1.jpg
work/(4)::7,work,work/(4),prefixed_8,7,2,work/(4)/7_im2.jpg
work/(4)::7,work,work/(4),prefixed_8,7,3,work/(4)/7_im3.jpg
work/(4)::7,work,work/(4),prefixed_8,7,4,work/(4)/7_im4.jpg
work/(4)::7,work,work/(4),prefixed_8,7,5,work/(4)/7_im5.jpg
work/(4)::7,work,work/(4),prefixed_8,7,6,work/(4)/7_im6.jpg
work/(4)::7,work,work/(4),prefixed_8,7,7,work/(4)/7_im7.jpg
work/(4)::7,work,work/(4),prefixed_8,7,8,work/(4)/7_im8.jpg
work/(4)::8,work,work/(4),prefixed_8,8,1,work/(4)/8_im1.jpg
work/(4)::8,work,work/(4),prefixed_8,8,2,work/(4)/8_im2.jpg
work/(4)::8,work,work/(4),prefixed_8,8,3,work/(4)/8_im3.jpg
work/(4)::8,work,work/(4),prefixed_8,8,4,work/(4)/8_im4.jpg
work/(4)::8,work,work/(4),prefixed_8,8,5,work/(4)/8_im5.jpg
work/(4)::8,work,work/(4),prefixed_8,8,6,work/(4)/8_im6.jpg
work/(4)::8,work,work/(4),prefixed_8,8,7,work/(4)/8_im7.jpg
work/(4)::8,work,work/(4),prefixed_8,8,8,work/(4)/8_im8.jpg
work/(5)::0,work,work/(5),prefixed_8,0,1,work/(5)/0_im1.jpg
work/(5)::0,work,work/(5),prefixed_8,0,2,work/(5)/0_im2.jpg
work/(5)::0,work,work/(5),prefixed_8,0,3,work/(5)/0_im3.jpg
work/(5)::0,work,work/(5),prefixed_8,0,4,work/(5)/0_im4.jpg
work/(5)::0,work,work/(5),prefixed_8,0,5,work/(5)/0_im5.jpg
work/(5)::0,work,work/(5),prefixed_8,0,6,work/(5)/0_im6.jpg
work/(5)::0,work,work/(5),prefixed_8,0,7,work/(5)/0_im7.jpg
work/(5)::0,work,work/(5),prefixed_8,0,8,work/(5)/0_im8.jpg
work/(5)::1,work,work/(5),prefixed_8,1,1,work/(5)/1_im1.jpg
work/(5)::1,work,work/(5),prefixed_8,1,2,work/(5)/1_im2.jpg
work/(5)::1,work,work/(5),prefixed_8,1,3,work/(5)/1_im3.jpg
work/(5)::1,work,work/(5),prefixed_8,1,4,work/(5)/1_im4.jpg
work/(5)::1,work,work/(5),prefixed_8,1,5,work/(5)/1_im5.jpg
work/(5)::1,work,work/(5),prefixed_8,1,6,work/(5)/1_im6.jpg
work/(5)::1,work,work/(5),prefixed_8,1,7,work/(5)/1_im7.jpg
work/(5)::1,work,work/(5),prefixed_8,1,8,work/(5)/1_im8.jpg
work/(6)::0,work,work/(6),prefixed_8,0,1,work/(6)/0_im1.jpg
work/(6)::0,work,work/(6),prefixed_8,0,2,work/(6)/0_im2.jpg
work/(6)::0,work,work/(6),prefixed_8,0,3,work/(6)/0_im3.jpg
work/(6)::0,work,work/(6),prefixed_8,0,4,work/(6)/0_im4.jpg
work/(6)::0,work,work/(6),prefixed_8,0,5,work/(6)/0_im5.jpg
work/(6)::0,work,work/(6),prefixed_8,0,6,work/(6)/0_im6.jpg
work/(6)::0,work,work/(6),prefixed_8,0,7,work/(6)/0_im7.jpg
work/(6)::0,work,work/(6),prefixed_8,0,8,work/(6)/0_im8.jpg
work/(6)::1,work,work/(6),prefixed_8,1,1,work/(6)/1_im1.jpg
work/(6)::1,work,work/(6),prefixed_8,1,2,work/(6)/1_im2.jpg
work/(6)::1,work,work/(6),prefixed_8,1,3,work/(6)/1_im3.jpg
work/(6)::1,work,work/(6),prefixed_8,1,4,work/(6)/1_im4.jpg
work/(6)::1,work,work/(6),prefixed_8,1,5,work/(6)/1_im5.jpg
work/(6)::1,work,work/(6),prefixed_8,1,6,work/(6)/1_im6.jpg
work/(6)::1,work,work/(6),prefixed_8,1,7,work/(6)/1_im7.jpg
work/(6)::1,work,work/(6),prefixed_8,1,8,work/(6)/1_im8.jpg
work/(6)::2,work,work/(6),prefixed_8,2,1,work/(6)/2_im1.jpg
work/(6)::2,work,work/(6),prefixed_8,2,2,work/(6)/2_im2.jpg
work/(6)::2,work,work/(6),prefixed_8,2,3,work/(6)/2_im3.jpg
work/(6)::2,work,work/(6),prefixed_8,2,4,work/(6)/2_im4.jpg
work/(6)::2,work,work/(6),prefixed_8,2,5,work/(6)/2_im5.jpg
work/(6)::2,work,work/(6),prefixed_8,2,6,work/(6)/2_im6.jpg
work/(6)::2,work,work/(6),prefixed_8,2,7,work/(6)/2_im7.jpg
work/(6)::2,work,work/(6),prefixed_8,2,8,work/(6)/2_im8.jpg
work/(6)::3,work,work/(6),prefixed_8,3,1,work/(6)/3_im1.jpg
work/(6)::3,work,work/(6),prefixed_8,3,2,work/(6)/3_im2.jpg
work/(6)::3,work,work/(6),prefixed_8,3,3,work/(6)/3_im3.jpg
work/(6)::3,work,work/(6),prefixed_8,3,4,work/(6)/3_im4.jpg
work/(6)::3,work,work/(6),prefixed_8,3,5,work/(6)/3_im5.jpg
work/(6)::3,work,work/(6),prefixed_8,3,6,work/(6)/3_im6.jpg
work/(6)::3,work,work/(6),prefixed_8,3,7,work/(6)/3_im7.jpg
work/(6)::3,work,work/(6),prefixed_8,3,8,work/(6)/3_im8.jpg
work/(6)::4,work,work/(6),prefixed_8,4,1,work/(6)/4_im1.jpg
work/(6)::4,work,work/(6),prefixed_8,4,2,work/(6)/4_im2.jpg
work/(6)::4,work,work/(6),prefixed_8,4,3,work/(6)/4_im3.jpg
work/(6)::4,work,work/(6),prefixed_8,4,4,work/(6)/4_im4.jpg
work/(6)::4,work,work/(6),prefixed_8,4,5,work/(6)/4_im5.jpg
work/(6)::4,work,work/(6),prefixed_8,4,6,work/(6)/4_im6.jpg
work/(6)::4,work,work/(6),prefixed_8,4,7,work/(6)/4_im7.jpg
work/(6)::4,work,work/(6),prefixed_8,4,8,work/(6)/4_im8.jpg
work/(6)::5,work,work/(6),prefixed_8,5,1,work/(6)/5_im1.jpg
work/(6)::5,work,work/(6),prefixed_8,5,2,work/(6)/5_im2.jpg
work/(6)::5,work,work/(6),prefixed_8,5,3,work/(6)/5_im3.jpg
work/(6)::5,work,work/(6),prefixed_8,5,4,work/(6)/5_im4.jpg
work/(6)::5,work,work/(6),prefixed_8,5,5,work/(6)/5_im5.jpg
work/(6)::5,work,work/(6),prefixed_8,5,6,work/(6)/5_im6.jpg
work/(6)::5,work,work/(6),prefixed_8,5,7,work/(6)/5_im7.jpg
work/(6)::5,work,work/(6),prefixed_8,5,8,work/(6)/5_im8.jpg
work/(6)::6,work,work/(6),prefixed_8,6,1,work/(6)/6_im1.jpg
work/(6)::6,work,work/(6),prefixed_8,6,2,work/(6)/6_im2.jpg
work/(6)::6,work,work/(6),prefixed_8,6,3,work/(6)/6_im3.jpg
work/(6)::6,work,work/(6),prefixed_8,6,4,work/(6)/6_im4.jpg
work/(6)::6,work,work/(6),prefixed_8,6,5,work/(6)/6_im5.jpg
work/(6)::6,work,work/(6),prefixed_8,6,6,work/(6)/6_im6.jpg
work/(6)::6,work,work/(6),prefixed_8,6,7,work/(6)/6_im7.jpg
work/(6)::6,work,work/(6),prefixed_8,6,8,work/(6)/6_im8.jpg
work/(6)::7,work,work/(6),prefixed_8,7,1,work/(6)/7_im1.jpg
work/(6)::7,work,work/(6),prefixed_8,7,2,work/(6)/7_im2.jpg
work/(6)::7,work,work/(6),prefixed_8,7,3,work/(6)/7_im3.jpg
work/(6)::7,work,work/(6),prefixed_8,7,4,work/(6)/7_im4.jpg
work/(6)::7,work,work/(6),prefixed_8,7,5,work/(6)/7_im5.jpg
work/(6)::7,work,work/(6),prefixed_8,7,6,work/(6)/7_im6.jpg
work/(6)::7,work,work/(6),prefixed_8,7,7,work/(6)/7_im7.jpg
work/(6)::7,work,work/(6),prefixed_8,7,8,work/(6)/7_im8.jpg
work/(7)::0,work,work/(7),prefixed_8,0,1,work/(7)/0_im1.jpg
work/(7)::0,work,work/(7),prefixed_8,0,2,work/(7)/0_im2.jpg
work/(7)::0,work,work/(7),prefixed_8,0,3,work/(7)/0_im3.jpg
work/(7)::0,work,work/(7),prefixed_8,0,4,work/(7)/0_im4.jpg
work/(7)::0,work,work/(7),prefixed_8,0,5,work/(7)/0_im5.jpg
work/(7)::0,work,work/(7),prefixed_8,0,6,work/(7)/0_im6.jpg
work/(7)::0,work,work/(7),prefixed_8,0,7,work/(7)/0_im7.jpg
work/(7)::0,work,work/(7),prefixed_8,0,8,work/(7)/0_im8.jpg
work/(7)::1,work,work/(7),prefixed_8,1,1,work/(7)/1_im1.jpg
work/(7)::1,work,work/(7),prefixed_8,1,2,work/(7)/1_im2.jpg
work/(7)::1,work,work/(7),prefixed_8,1,3,work/(7)/1_im3.jpg
work/(7)::1,work,work/(7),prefixed_8,1,4,work/(7)/1_im4.jpg
work/(7)::1,work,work/(7),prefixed_8,1,5,work/(7)/1_im5.jpg
work/(7)::1,work,work/(7),prefixed_8,1,6,work/(7)/1_im6.jpg
work/(7)::1,work,work/(7),prefixed_8,1,7,work/(7)/1_im7.jpg
work/(7)::1,work,work/(7),prefixed_8,1,8,work/(7)/1_im8.jpg
work/(7)::2,work,work/(7),prefixed_8,2,1,work/(7)/2_im1.jpg
work/(7)::2,work,work/(7),prefixed_8,2,2,work/(7)/2_im2.jpg
work/(7)::2,work,work/(7),prefixed_8,2,3,work/(7)/2_im3.jpg
work/(7)::2,work,work/(7),prefixed_8,2,4,work/(7)/2_im4.jpg
work/(7)::2,work,work/(7),prefixed_8,2,5,work/(7)/2_im5.jpg
work/(7)::2,work,work/(7),prefixed_8,2,6,work/(7)/2_im6.jpg
work/(7)::2,work,work/(7),prefixed_8,2,7,work/(7)/2_im7.jpg
work/(7)::2,work,work/(7),prefixed_8,2,8,work/(7)/2_im8.jpg
work/(7)::3,work,work/(7),prefixed_8,3,1,work/(7)/3_im1.jpg
work/(7)::3,work,work/(7),prefixed_8,3,2,work/(7)/3_im2.jpg
work/(7)::3,work,work/(7),prefixed_8,3,3,work/(7)/3_im3.jpg
work/(7)::3,work,work/(7),prefixed_8,3,4,work/(7)/3_im4.jpg
work/(7)::3,work,work/(7),prefixed_8,3,5,work/(7)/3_im5.jpg
work/(7)::3,work,work/(7),prefixed_8,3,6,work/(7)/3_im6.jpg
work/(7)::3,work,work/(7),prefixed_8,3,7,work/(7)/3_im7.jpg
work/(7)::3,work,work/(7),prefixed_8,3,8,work/(7)/3_im8.jpg
work/(7)::4,work,work/(7),prefixed_8,4,1,work/(7)/4_im1.jpg
work/(7)::4,work,work/(7),prefixed_8,4,2,work/(7)/4_im2.jpg
work/(7)::4,work,work/(7),prefixed_8,4,3,work/(7)/4_im3.jpg
work/(7)::4,work,work/(7),prefixed_8,4,4,work/(7)/4_im4.jpg
work/(7)::4,work,work/(7),prefixed_8,4,5,work/(7)/4_im5.jpg
work/(7)::4,work,work/(7),prefixed_8,4,6,work/(7)/4_im6.jpg
work/(7)::4,work,work/(7),prefixed_8,4,7,work/(7)/4_im7.jpg
work/(7)::4,work,work/(7),prefixed_8,4,8,work/(7)/4_im8.jpg
work/(7)::5,work,work/(7),prefixed_8,5,1,work/(7)/5_im1.jpg
work/(7)::5,work,work/(7),prefixed_8,5,2,work/(7)/5_im2.jpg
work/(7)::5,work,work/(7),prefixed_8,5,3,work/(7)/5_im3.jpg
work/(7)::5,work,work/(7),prefixed_8,5,4,work/(7)/5_im4.jpg
work/(7)::5,work,work/(7),prefixed_8,5,5,work/(7)/5_im5.jpg
work/(7)::5,work,work/(7),prefixed_8,5,6,work/(7)/5_im6.jpg
work/(7)::5,work,work/(7),prefixed_8,5,7,work/(7)/5_im7.jpg
work/(7)::5,work,work/(7),prefixed_8,5,8,work/(7)/5_im8.jpg
work/(9)::0,work,work/(9),prefixed_8,0,1,work/(9)/0_im1.jpg
work/(9)::0,work,work/(9),prefixed_8,0,2,work/(9)/0_im2.jpg
work/(9)::0,work,work/(9),prefixed_8,0,3,work/(9)/0_im3.jpg
work/(9)::0,work,work/(9),prefixed_8,0,4,work/(9)/0_im4.jpg
work/(9)::0,work,work/(9),prefixed_8,0,5,work/(9)/0_im5.jpg
work/(9)::0,work,work/(9),prefixed_8,0,6,work/(9)/0_im6.jpg
work/(9)::0,work,work/(9),prefixed_8,0,7,work/(9)/0_im7.jpg
work/(9)::0,work,work/(9),prefixed_8,0,8,work/(9)/0_im8.jpg
work/(9)::1,work,work/(9),prefixed_8,1,1,work/(9)/1_im1.jpg
work/(9)::1,work,work/(9),prefixed_8,1,2,work/(9)/1_im2.jpg
work/(9)::1,work,work/(9),prefixed_8,1,3,work/(9)/1_im3.jpg
work/(9)::1,work,work/(9),prefixed_8,1,4,work/(9)/1_im4.jpg
work/(9)::1,work,work/(9),prefixed_8,1,5,work/(9)/1_im5.jpg
work/(9)::1,work,work/(9),prefixed_8,1,6,work/(9)/1_im6.jpg
work/(9)::1,work,work/(9),prefixed_8,1,7,work/(9)/1_im7.jpg
work/(9)::1,work,work/(9),prefixed_8,1,8,work/(9)/1_im8.jpg
work/(9)::2,work,work/(9),prefixed_8,2,1,work/(9)/2_im1.jpg
work/(9)::2,work,work/(9),prefixed_8,2,2,work/(9)/2_im2.jpg
work/(9)::2,work,work/(9),prefixed_8,2,3,work/(9)/2_im3.jpg
work/(9)::2,work,work/(9),prefixed_8,2,4,work/(9)/2_im4.jpg
work/(9)::2,work,work/(9),prefixed_8,2,5,work/(9)/2_im5.jpg
work/(9)::2,work,work/(9),prefixed_8,2,6,work/(9)/2_im6.jpg
work/(9)::2,work,work/(9),prefixed_8,2,7,work/(9)/2_im7.jpg
work/(9)::2,work,work/(9),prefixed_8,2,8,work/(9)/2_im8.jpg
work/(9)::3,work,work/(9),prefixed_8,3,1,work/(9)/3_im1.jpg
work/(9)::3,work,work/(9),prefixed_8,3,2,work/(9)/3_im2.jpg
work/(9)::3,work,work/(9),prefixed_8,3,3,work/(9)/3_im3.jpg
work/(9)::3,work,work/(9),prefixed_8,3,4,work/(9)/3_im4.jpg
work/(9)::3,work,work/(9),prefixed_8,3,5,work/(9)/3_im5.jpg
work/(9)::3,work,work/(9),prefixed_8,3,6,work/(9)/3_im6.jpg
work/(9)::3,work,work/(9),prefixed_8,3,7,work/(9)/3_im7.jpg
work/(9)::3,work,work/(9),prefixed_8,3,8,work/(9)/3_im8.jpg
work/(9)::4,work,work/(9),prefixed_8,4,1,work/(9)/4_im1.jpg
work/(9)::4,work,work/(9),prefixed_8,4,2,work/(9)/4_im2.jpg
work/(9)::4,work,work/(9),prefixed_8,4,3,work/(9)/4_im3.jpg
work/(9)::4,work,work/(9),prefixed_8,4,4,work/(9)/4_im4.jpg
work/(9)::4,work,work/(9),prefixed_8,4,5,work/(9)/4_im5.jpg
work/(9)::4,work,work/(9),prefixed_8,4,6,work/(9)/4_im6.jpg
work/(9)::4,work,work/(9),prefixed_8,4,7,work/(9)/4_im7.jpg
work/(9)::4,work,work/(9),prefixed_8,4,8,work/(9)/4_im8.jpg
work/(9)::5,work,work/(9),prefixed_8,5,1,work/(9)/5_im1.jpg
work/(9)::5,work,work/(9),prefixed_8,5,2,work/(9)/5_im2.jpg
work/(9)::5,work,work/(9),prefixed_8,5,3,work/(9)/5_im3.jpg
work/(9)::5,work,work/(9),prefixed_8,5,4,work/(9)/5_im4.jpg
work/(9)::5,work,work/(9),prefixed_8,5,5,work/(9)/5_im5.jpg
work/(9)::5,work,work/(9),prefixed_8,5,6,work/(9)/5_im6.jpg
work/(9)::5,work,work/(9),prefixed_8,5,7,work/(9)/5_im7.jpg
work/(9)::5,work,work/(9),prefixed_8,5,8,work/(9)/5_im8.jpg
work/(9)::6,work,work/(9),prefixed_8,6,1,work/(9)/6_im1.jpg
work/(9)::6,work,work/(9),prefixed_8,6,2,work/(9)/6_im2.jpg
work/(9)::6,work,work/(9),prefixed_8,6,3,work/(9)/6_im3.jpg
work/(9)::6,work,work/(9),prefixed_8,6,4,work/(9)/6_im4.jpg
work/(9)::6,work,work/(9),prefixed_8,6,5,work/(9)/6_im5.jpg
work/(9)::6,work,work/(9),prefixed_8,6,6,work/(9)/6_im6.jpg
work/(9)::6,work,work/(9),prefixed_8,6,7,work/(9)/6_im7.jpg
work/(9)::6,work,work/(9),prefixed_8,6,8,work/(9)/6_im8.jpg
work/(9)::7,work,work/(9),prefixed_8,7,1,work/(9)/7_im1.jpg
work/(9)::7,work,work/(9),prefixed_8,7,2,work/(9)/7_im2.jpg
work/(9)::7,work,work/(9),prefixed_8,7,3,work/(9)/7_im3.jpg
work/(9)::7,work,work/(9),prefixed_8,7,4,work/(9)/7_im4.jpg
work/(9)::7,work,work/(9),prefixed_8,7,5,work/(9)/7_im5.jpg
work/(9)::7,work,work/(9),prefixed_8,7,6,work/(9)/7_im6.jpg
work/(9)::7,work,work/(9),prefixed_8,7,7,work/(9)/7_im7.jpg
work/(9)::7,work,work/(9),prefixed_8,7,8,work/(9)/7_im8.jpg
work/1032::folder,work,work/1032,folder_8,folder,1,work/1032/im1.jpg
work/1032::folder,work,work/1032,folder_8,folder,2,work/1032/im2.jpg
work/1032::folder,work,work/1032,folder_8,folder,3,work/1032/im3.jpg
work/1032::folder,work,work/1032,folder_8,folder,4,work/1032/im4.jpg
work/1032::folder,work,work/1032,folder_8,folder,5,work/1032/im5.jpg
work/1032::folder,work,work/1032,folder_8,folder,6,work/1032/im6.jpg
work/1032::folder,work,work/1032,folder_8,folder,7,work/1032/im7.jpg
work/1032::folder,work,work/1032,folder_8,folder,8,work/1032/im8.jpg
work/129::folder,work,work/129,folder_8,folder,1,work/129/im1.jpg
work/129::folder,work,work/129,folder_8,folder,2,work/129/im2.jpg
work/129::folder,work,work/129,folder_8,folder,3,work/129/im3.jpg
work/129::folder,work,work/129,folder_8,folder,4,work/129/im4.jpg
work/129::folder,work,work/129,folder_8,folder,5,work/129/im5.jpg
work/129::folder,work,work/129,folder_8,folder,6,work/129/im6.jpg
work/129::folder,work,work/129,folder_8,folder,7,work/129/im7.jpg
work/129::folder,work,work/129,folder_8,folder,8,work/129/im8.jpg
work/133_1::folder,work,work/133_1,folder_8,folder,1,work/133_1/im1.jpg
work/133_1::folder,work,work/133_1,folder_8,folder,2,work/133_1/im2.jpg
work/133_1::folder,work,work/133_1,folder_8,folder,3,work/133_1/im3.jpg
work/133_1::folder,work,work/133_1,folder_8,folder,4,work/133_1/im4.jpg
work/133_1::folder,work,work/133_1,folder_8,folder,5,work/133_1/im5.jpg
work/133_1::folder,work,work/133_1,folder_8,folder,6,work/133_1/im6.jpg
work/133_1::folder,work,work/133_1,folder_8,folder,7,work/133_1/im7.jpg
work/133_1::folder,work,work/133_1,folder_8,folder,8,work/133_1/im8.jpg
work/134::folder,work,work/134,folder_8,folder,1,work/134/im1.jpg
work/134::folder,work,work/134,folder_8,folder,2,work/134/im2.jpg
work/134::folder,work,work/134,folder_8,folder,3,work/134/im3.jpg
work/134::folder,work,work/134,folder_8,folder,4,work/134/im4.jpg
work/134::folder,work,work/134,folder_8,folder,5,work/134/im5.jpg
work/134::folder,work,work/134,folder_8,folder,6,work/134/im6.jpg
work/134::folder,work,work/134,folder_8,folder,7,work/134/im7.jpg
work/134::folder,work,work/134,folder_8,folder,8,work/134/im8.jpg
work/135::folder,work,work/135,folder_8,folder,1,work/135/im1.jpg
work/135::folder,work,work/135,folder_8,folder,2,work/135/im2.jpg
work/135::folder,work,work/135,folder_8,folder,3,work/135/im3.jpg
work/135::folder,work,work/135,folder_8,folder,4,work/135/im4.jpg
work/135::folder,work,work/135,folder_8,folder,5,work/135/im5.jpg
work/135::folder,work,work/135,folder_8,folder,6,work/135/im6.jpg
work/135::folder,work,work/135,folder_8,folder,7,work/135/im7.jpg
work/135::folder,work,work/135,folder_8,folder,8,work/135/im8.jpg
work/163::folder,work,work/163,folder_8,folder,1,work/163/im1.jpg
work/163::folder,work,work/163,folder_8,folder,2,work/163/im2.jpg
work/163::folder,work,work/163,folder_8,folder,3,work/163/im3.jpg
work/163::folder,work,work/163,folder_8,folder,4,work/163/im4.jpg
work/163::folder,work,work/163,folder_8,folder,5,work/163/im5.jpg
work/163::folder,work,work/163,folder_8,folder,6,work/163/im6.jpg
work/163::folder,work,work/163,folder_8,folder,7,work/163/im7.jpg
work/163::folder,work,work/163,folder_8,folder,8,work/163/im8.jpg
work/19_1::folder,work,work/19_1,folder_8,folder,1,work/19_1/im1.jpg
work/19_1::folder,work,work/19_1,folder_8,folder,2,work/19_1/im2.jpg
work/19_1::folder,work,work/19_1,folder_8,folder,3,work/19_1/im3.jpg
work/19_1::folder,work,work/19_1,folder_8,folder,4,work/19_1/im4.jpg
work/19_1::folder,work,work/19_1,folder_8,folder,5,work/19_1/im5.jpg
work/19_1::folder,work,work/19_1,folder_8,folder,6,work/19_1/im6.jpg
work/19_1::folder,work,work/19_1,folder_8,folder,7,work/19_1/im7.jpg
work/19_1::folder,work,work/19_1,folder_8,folder,8,work/19_1/im8.jpg
work/1_1::folder,work,work/1_1,folder_8,folder,1,work/1_1/im1.jpg
work/1_1::folder,work,work/1_1,folder_8,folder,2,work/1_1/im2.jpg
work/1_1::folder,work,work/1_1,folder_8,folder,3,work/1_1/im3.jpg
work/1_1::folder,work,work/1_1,folder_8,folder,4,work/1_1/im4.jpg
work/1_1::folder,work,work/1_1,folder_8,folder,5,work/1_1/im5.jpg
work/1_1::folder,work,work/1_1,folder_8,folder,6,work/1_1/im6.jpg
work/1_1::folder,work,work/1_1,folder_8,folder,7,work/1_1/im7.jpg
work/1_1::folder,work,work/1_1,folder_8,folder,8,work/1_1/im8.jpg
work/22::folder,work,work/22,folder_8,folder,1,work/22/im1.jpg
work/22::folder,work,work/22,folder_8,folder,2,work/22/im2.jpg
work/22::folder,work,work/22,folder_8,folder,3,work/22/im3.jpg
work/22::folder,work,work/22,folder_8,folder,4,work/22/im4.jpg
work/22::folder,work,work/22,folder_8,folder,5,work/22/im5.jpg
work/22::folder,work,work/22,folder_8,folder,6,work/22/im6.jpg
work/22::folder,work,work/22,folder_8,folder,7,work/22/im7.jpg
work/22::folder,work,work/22,folder_8,folder,8,work/22/im8.jpg
work/258::folder,work,work/258,folder_8,folder,1,work/258/im1.jpg
work/258::folder,work,work/258,folder_8,folder,2,work/258/im2.jpg
work/258::folder,work,work/258,folder_8,folder,3,work/258/im3.jpg
work/258::folder,work,work/258,folder_8,folder,4,work/258/im4.jpg
work/258::folder,work,work/258,folder_8,folder,5,work/258/im5.jpg
work/258::folder,work,work/258,folder_8,folder,6,work/258/im6.jpg
work/258::folder,work,work/258,folder_8,folder,7,work/258/im7.jpg
work/258::folder,work,work/258,folder_8,folder,8,work/258/im8.jpg
work/25_1::folder,work,work/25_1,folder_8,folder,1,work/25_1/im1.jpg
work/25_1::folder,work,work/25_1,folder_8,folder,2,work/25_1/im2.jpg
work/25_1::folder,work,work/25_1,folder_8,folder,3,work/25_1/im3.jpg
work/25_1::folder,work,work/25_1,folder_8,folder,4,work/25_1/im4.jpg
work/25_1::folder,work,work/25_1,folder_8,folder,5,work/25_1/im5.jpg
work/25_1::folder,work,work/25_1,folder_8,folder,6,work/25_1/im6.jpg
work/25_1::folder,work,work/25_1,folder_8,folder,7,work/25_1/im7.jpg
work/25_1::folder,work,work/25_1,folder_8,folder,8,work/25_1/im8.jpg
work/29::folder,work,work/29,folder_8,folder,1,work/29/im1.jpg
work/29::folder,work,work/29,folder_8,folder,2,work/29/im2.jpg
work/29::folder,work,work/29,folder_8,folder,3,work/29/im3.jpg
work/29::folder,work,work/29,folder_8,folder,4,work/29/im4.jpg
work/29::folder,work,work/29,folder_8,folder,5,work/29/im5.jpg
work/29::folder,work,work/29,folder_8,folder,6,work/29/im6.jpg
work/29::folder,work,work/29,folder_8,folder,7,work/29/im7.jpg
work/29::folder,work,work/29,folder_8,folder,8,work/29/im8.jpg
work/30_1::folder,work,work/30_1,folder_8,folder,1,work/30_1/im1.jpg
work/30_1::folder,work,work/30_1,folder_8,folder,2,work/30_1/im2.jpg
work/30_1::folder,work,work/30_1,folder_8,folder,3,work/30_1/im3.jpg
work/30_1::folder,work,work/30_1,folder_8,folder,4,work/30_1/im4.jpg
work/30_1::folder,work,work/30_1,folder_8,folder,5,work/30_1/im5.jpg
work/30_1::folder,work,work/30_1,folder_8,folder,6,work/30_1/im6.jpg
work/30_1::folder,work,work/30_1,folder_8,folder,7,work/30_1/im7.jpg
work/30_1::folder,work,work/30_1,folder_8,folder,8,work/30_1/im8.jpg
work/33_1::folder,work,work/33_1,folder_8,folder,1,work/33_1/im1.jpg
work/33_1::folder,work,work/33_1,folder_8,folder,2,work/33_1/im2.jpg
work/33_1::folder,work,work/33_1,folder_8,folder,3,work/33_1/im3.jpg
work/33_1::folder,work,work/33_1,folder_8,folder,4,work/33_1/im4.jpg
work/33_1::folder,work,work/33_1,folder_8,folder,5,work/33_1/im5.jpg
work/33_1::folder,work,work/33_1,folder_8,folder,6,work/33_1/im6.jpg
work/33_1::folder,work,work/33_1,folder_8,folder,7,work/33_1/im7.jpg
work/33_1::folder,work,work/33_1,folder_8,folder,8,work/33_1/im8.jpg
work/34_1::folder,work,work/34_1,folder_8,folder,1,work/34_1/im1.jpg
work/34_1::folder,work,work/34_1,folder_8,folder,2,work/34_1/im2.jpg
work/34_1::folder,work,work/34_1,folder_8,folder,3,work/34_1/im3.jpg
work/34_1::folder,work,work/34_1,folder_8,folder,4,work/34_1/im4.jpg
work/34_1::folder,work,work/34_1,folder_8,folder,5,work/34_1/im5.jpg
work/34_1::folder,work,work/34_1,folder_8,folder,6,work/34_1/im6.jpg
work/34_1::folder,work,work/34_1,folder_8,folder,7,work/34_1/im7.jpg
work/34_1::folder,work,work/34_1,folder_8,folder,8,work/34_1/im8.jpg
work/35_1::folder,work,work/35_1,folder_8,folder,1,work/35_1/im1.jpg
work/35_1::folder,work,work/35_1,folder_8,folder,2,work/35_1/im2.jpg
work/35_1::folder,work,work/35_1,folder_8,folder,3,work/35_1/im3.jpg
work/35_1::folder,work,work/35_1,folder_8,folder,4,work/35_1/im4.jpg
work/35_1::folder,work,work/35_1,folder_8,folder,5,work/35_1/im5.jpg
work/35_1::folder,work,work/35_1,folder_8,folder,6,work/35_1/im6.jpg
work/35_1::folder,work,work/35_1,folder_8,folder,7,work/35_1/im7.jpg
work/35_1::folder,work,work/35_1,folder_8,folder,8,work/35_1/im8.jpg
work/44_1::folder,work,work/44_1,folder_8,folder,1,work/44_1/im1.jpg
work/44_1::folder,work,work/44_1,folder_8,folder,2,work/44_1/im2.jpg
work/44_1::folder,work,work/44_1,folder_8,folder,3,work/44_1/im3.jpg
work/44_1::folder,work,work/44_1,folder_8,folder,4,work/44_1/im4.jpg
work/44_1::folder,work,work/44_1,folder_8,folder,5,work/44_1/im5.jpg
work/44_1::folder,work,work/44_1,folder_8,folder,6,work/44_1/im6.jpg
work/44_1::folder,work,work/44_1,folder_8,folder,7,work/44_1/im7.jpg
work/44_1::folder,work,work/44_1,folder_8,folder,8,work/44_1/im8.jpg
work/45_1::folder,work,work/45_1,folder_8,folder,1,work/45_1/im1.jpg
work/45_1::folder,work,work/45_1,folder_8,folder,2,work/45_1/im2.jpg
work/45_1::folder,work,work/45_1,folder_8,folder,3,work/45_1/im3.jpg
work/45_1::folder,work,work/45_1,folder_8,folder,4,work/45_1/im4.jpg
work/45_1::folder,work,work/45_1,folder_8,folder,5,work/45_1/im5.jpg
work/45_1::folder,work,work/45_1,folder_8,folder,6,work/45_1/im6.jpg
work/45_1::folder,work,work/45_1,folder_8,folder,7,work/45_1/im7.jpg
work/45_1::folder,work,work/45_1,folder_8,folder,8,work/45_1/im8.jpg
work/51::folder,work,work/51,folder_8,folder,1,work/51/im1.jpg
work/51::folder,work,work/51,folder_8,folder,2,work/51/im2.jpg
work/51::folder,work,work/51,folder_8,folder,3,work/51/im3.jpg
work/51::folder,work,work/51,folder_8,folder,4,work/51/im4.jpg
work/51::folder,work,work/51,folder_8,folder,5,work/51/im5.jpg
work/51::folder,work,work/51,folder_8,folder,6,work/51/im6.jpg
work/51::folder,work,work/51,folder_8,folder,7,work/51/im7.jpg
work/51::folder,work,work/51,folder_8,folder,8,work/51/im8.jpg
work/57_1::folder,work,work/57_1,folder_8,folder,1,work/57_1/im1.jpg
work/57_1::folder,work,work/57_1,folder_8,folder,2,work/57_1/im2.jpg
work/57_1::folder,work,work/57_1,folder_8,folder,3,work/57_1/im3.jpg
work/57_1::folder,work,work/57_1,folder_8,folder,4,work/57_1/im4.jpg
work/57_1::folder,work,work/57_1,folder_8,folder,5,work/57_1/im5.jpg
work/57_1::folder,work,work/57_1,folder_8,folder,6,work/57_1/im6.jpg
work/57_1::folder,work,work/57_1,folder_8,folder,7,work/57_1/im7.jpg
work/57_1::folder,work,work/57_1,folder_8,folder,8,work/57_1/im8.jpg
work/753::folder,work,work/753,folder_8,folder,1,work/753/im1.jpg
work/753::folder,work,work/753,folder_8,folder,2,work/753/im2.jpg
work/753::folder,work,work/753,folder_8,folder,3,work/753/im3.jpg
work/753::folder,work,work/753,folder_8,folder,4,work/753/im4.jpg
work/753::folder,work,work/753,folder_8,folder,5,work/753/im5.jpg
work/753::folder,work,work/753,folder_8,folder,6,work/753/im6.jpg
work/753::folder,work,work/753,folder_8,folder,7,work/753/im7.jpg
work/753::folder,work,work/753,folder_8,folder,8,work/753/im8.jpg
work/track_000372::folder,work,work/track_000372,folder_8,folder,1,work/track_000372/im000001_00-23-11.jpg
work/track_000372::folder,work,work/track_000372,folder_8,folder,2,work/track_000372/im000002_00-23-11.jpg
work/track_000372::folder,work,work/track_000372,folder_8,folder,3,work/track_000372/im000003_00-23-11.jpg
work/track_000372::folder,work,work/track_000372,folder_8,folder,4,work/track_000372/im000004_00-23-12.jpg
work/track_000372::folder,work,work/track_000372,folder_8,folder,5,work/track_000372/im000005_00-23-12.jpg
work/track_000372::folder,work,work/track_000372,folder_8,folder,6,work/track_000372/im000006_00-23-12.jpg
work/track_000372::folder,work,work/track_000372,folder_8,folder,7,work/track_000372/im000007_00-23-12.jpg
work/track_000372::folder,work,work/track_000372,folder_8,folder,8,work/track_000372/im000008_00-23-12.jpg
work/track_001093::folder,work,work/track_001093,folder_8,folder,1,work/track_001093/im000001_00-38-20.jpg
work/track_001093::folder,work,work/track_001093,folder_8,folder,2,work/track_001093/im000002_00-38-20.jpg
work/track_001093::folder,work,work/track_001093,folder_8,folder,3,work/track_001093/im000003_00-38-20.jpg
work/track_001093::folder,work,work/track_001093,folder_8,folder,4,work/track_001093/im000004_00-38-20.jpg
work/track_001093::folder,work,work/track_001093,folder_8,folder,5,work/track_001093/im000005_00-38-20.jpg
work/track_001093::folder,work,work/track_001093,folder_8,folder,6,work/track_001093/im000006_00-38-20.jpg
work/track_001093::folder,work,work/track_001093,folder_8,folder,7,work/track_001093/im000007_00-38-20.jpg
work/track_001093::folder,work,work/track_001093,folder_8,folder,8,work/track_001093/im000008_00-38-21.jpg
