label,folder_rel,file_name,rel_path,width,height,mode,aspect_ratio,area,outlier_reason
inaction,inaction/(11),0_im1.jpg,inaction/(11)/0_im1.jpg,63,161,RGB,0.391304347826087,10143,small_width
inaction,inaction/(4),0_im1.jpg,inaction/(4)/0_im1.jpg,53,110,RGB,0.4818181818181818,5830,small_width
inaction,inaction/(4),0_im2.jpg,inaction/(4)/0_im2.jpg,54,111,RGB,0.4864864864864865,5994,small_width
inaction,inaction/(4),0_im3.jpg,inaction/(4)/0_im3.jpg,54,111,RGB,0.4864864864864865,5994,small_width
inaction,inaction/(4),0_im4.jpg,inaction/(4)/0_im4.jpg,54,112,RGB,0.48214285714285715,6048,small_width
inaction,inaction/(4),0_im5.jpg,inaction/(4)/0_im5.jpg,52,113,RGB,0.46017699115044247,5876,small_width
inaction,inaction/(4),0_im6.jpg,inaction/(4)/0_im6.jpg,54,114,RGB,0.47368421052631576,6156,small_width
inaction,inaction/(4),0_im7.jpg,inaction/(4)/0_im7.jpg,54,109,RGB,0.4954128440366973,5886,small_width
inaction,inaction/(4),1_im1.jpg,inaction/(4)/1_im1.jpg,54,109,RGB,0.4954128440366973,5886,small_width
inaction,inaction/(4),1_im8.jpg,inaction/(4)/1_im8.jpg,63,113,RGB,0.5575221238938053,7119,small_width
inaction,inaction/(4),2_im1.jpg,inaction/(4)/2_im1.jpg,56,114,RGB,0.49122807017543857,6384,small_width
inaction,inaction/(4),2_im2.jpg,inaction/(4)/2_im2.jpg,59,113,RGB,0.5221238938053098,6667,small_width
inaction,inaction/(4),2_im3.jpg,inaction/(4)/2_im3.jpg,60,113,RGB,0.5309734513274337,6780,small_width
inaction,inaction/(4),2_im4.jpg,inaction/(4)/2_im4.jpg,60,114,RGB,0.5263157894736842,6840,small_width
inaction,inaction/(4),2_im5.jpg,inaction/(4)/2_im5.jpg,59,111,RGB,0.5315315315315315,6549,small_width
inaction,inaction/(4),2_im6.jpg,inaction/(4)/2_im6.jpg,51,113,RGB,0.45132743362831856,5763,small_width
inaction,inaction/(4),2_im7.jpg,inaction/(4)/2_im7.jpg,54,113,RGB,0.4778761061946903,6102,small_width
inaction,inaction/(4),2_im8.jpg,inaction/(4)/2_im8.jpg,54,113,RGB,0.4778761061946903,6102,small_width
inaction,inaction/692,im1.jpg,inaction/692/im1.jpg,48,123,RGB,0.3902439024390244,5904,small_width
inaction,inaction/692,im2.jpg,inaction/692/im2.jpg,47,125,RGB,0.376,5875,small_width
inaction,inaction/692,im3.jpg,inaction/692/im3.jpg,48,121,RGB,0.39669421487603307,5808,small_width
inaction,inaction/692,im4.jpg,inaction/692/im4.jpg,47,121,RGB,0.3884297520661157,5687,small_width
inaction,inaction/692,im5.jpg,inaction/692/im5.jpg,46,119,RGB,0.3865546218487395,5474,small_width
inaction,inaction/692,im6.jpg,inaction/692/im6.jpg,48,121,RGB,0.39669421487603307,5808,small_width
inaction,inaction/692,im7.jpg,inaction/692/im7.jpg,48,121,RGB,0.39669421487603307,5808,small_width
inaction,inaction/692,im8.jpg,inaction/692/im8.jpg,49,121,RGB,0.4049586776859504,5929,small_width
inaction,inaction/tr_21312312,im000095_00-25-38.jpg,inaction/tr_21312312/im000095_00-25-38.jpg,47,122,RGB,0.38524590163934425,5734,small_width
inaction,inaction/tr_21312312,im000096_00-25-38.jpg,inaction/tr_21312312/im000096_00-25-38.jpg,47,122,RGB,0.38524590163934425,5734,small_width
inaction,inaction/tr_21312312,im000097_00-25-38.jpg,inaction/tr_21312312/im000097_00-25-38.jpg,47,122,RGB,0.38524590163934425,5734,small_width
inaction,inaction/tr_21312312,im000098_00-25-38.jpg,inaction/tr_21312312/im000098_00-25-38.jpg,47,122,RGB,0.38524590163934425,5734,small_width
inaction,inaction/tr_21312312,im000099_00-25-39.jpg,inaction/tr_21312312/im000099_00-25-39.jpg,45,122,RGB,0.36885245901639346,5490,small_width
inaction,inaction/tr_21312312,im000100_00-25-39.jpg,inaction/tr_21312312/im000100_00-25-39.jpg,45,122,RGB,0.36885245901639346,5490,small_width
inaction,inaction/tr_21312312,im000101_00-25-39.jpg,inaction/tr_21312312/im000101_00-25-39.jpg,47,122,RGB,0.38524590163934425,5734,small_width
inaction,inaction/tr_21312312,im000102_00-25-39.jpg,inaction/tr_21312312/im000102_00-25-39.jpg,47,122,RGB,0.38524590163934425,5734,small_width
inaction,inaction/tr_21312312,im000103_00-25-39.jpg,inaction/tr_21312312/im000103_00-25-39.jpg,46,122,RGB,0.3770491803278688,5612,small_width
inaction,inaction/tr_21312312,im000104_00-25-39.jpg,inaction/tr_21312312/im000104_00-25-39.jpg,46,122,RGB,0.3770491803278688,5612,small_width
inaction,inaction/tr_21312312,im000105_00-25-39.jpg,inaction/tr_21312312/im000105_00-25-39.jpg,46,122,RGB,0.3770491803278688,5612,small_width
inaction,inaction/tr_21312312,im000106_00-25-39.jpg,inaction/tr_21312312/im000106_00-25-39.jpg,46,122,RGB,0.3770491803278688,5612,small_width
inaction,inaction/tr_21312312,im000107_00-25-39.jpg,inaction/tr_21312312/im000107_00-25-39.jpg,47,121,RGB,0.3884297520661157,5687,small_width
inaction,inaction/tr_21312312,im000108_00-25-39.jpg,inaction/tr_21312312/im000108_00-25-39.jpg,47,121,RGB,0.3884297520661157,5687,small_width
inaction,inaction/tr_21312312,im000109_00-25-39.jpg,inaction/tr_21312312/im000109_00-25-39.jpg,46,122,RGB,0.3770491803278688,5612,small_width
inaction,inaction/tr_21312312,im000110_00-25-39.jpg,inaction/tr_21312312/im000110_00-25-39.jpg,47,122,RGB,0.38524590163934425,5734,small_width
inaction,inaction/tr_21312312,im000111_00-25-40.jpg,inaction/tr_21312312/im000111_00-25-40.jpg,45,122,RGB,0.36885245901639346,5490,small_width
inaction,inaction/tr_21312312,im000112_00-25-40.jpg,inaction/tr_21312312/im000112_00-25-40.jpg,45,122,RGB,0.36885245901639346,5490,small_width
inaction,inaction/tr_21312312,im000113_00-25-40.jpg,inaction/tr_21312312/im000113_00-25-40.jpg,45,122,RGB,0.36885245901639346,5490,small_width
inaction,inaction/tr_21312312,im000114_00-25-40.jpg,inaction/tr_21312312/im000114_00-25-40.jpg,45,121,RGB,0.371900826446281,5445,small_width
inaction,inaction/tr_21312312,im000115_00-25-40.jpg,inaction/tr_21312312/im000115_00-25-40.jpg,46,122,RGB,0.3770491803278688,5612,small_width
inaction,inaction/tr_21312312,im000116_00-25-40.jpg,inaction/tr_21312312/im000116_00-25-40.jpg,51,122,RGB,0.4180327868852459,6222,small_width
inaction,inaction/tr_21312312,im000117_00-25-40.jpg,inaction/tr_21312312/im000117_00-25-40.jpg,52,121,RGB,0.4297520661157025,6292,small_width
inaction,inaction/tr_21312312,im000118_00-25-40.jpg,inaction/tr_21312312/im000118_00-25-40.jpg,51,122,RGB,0.4180327868852459,6222,small_width
inaction,inaction/tr_21312312,im000119_00-25-40.jpg,inaction/tr_21312312/im000119_00-25-40.jpg,52,122,RGB,0.4262295081967213,6344,small_width
inaction,inaction/tr_21312312,im000120_00-25-40.jpg,inaction/tr_21312312/im000120_00-25-40.jpg,50,122,RGB,0.4098360655737705,6100,small_width
inaction,inaction/tr_21312312,im000121_00-25-40.jpg,inaction/tr_21312312/im000121_00-25-40.jpg,53,122,RGB,0.4344262295081967,6466,small_width
inaction,inaction/tr_21312312,im000122_00-25-40.jpg,inaction/tr_21312312/im000122_00-25-40.jpg,57,123,RGB,0.4634146341463415,7011,small_width
inaction,inaction/tr_21312312,im000123_00-25-41.jpg,inaction/tr_21312312/im000123_00-25-41.jpg,51,122,RGB,0.4180327868852459,6222,small_width
inaction,inaction/tr_21312312,im000124_00-25-41.jpg,inaction/tr_21312312/im000124_00-25-41.jpg,53,122,RGB,0.4344262295081967,6466,small_width
inaction,inaction/tr_21312312,im000125_00-25-41.jpg,inaction/tr_21312312/im000125_00-25-41.jpg,54,122,RGB,0.4426229508196721,6588,small_width
inaction,inaction/tr_21312312,im000126_00-25-41.jpg,inaction/tr_21312312/im000126_00-25-41.jpg,55,123,RGB,0.44715447154471544,6765,small_width
inaction,inaction/tr_21312312,im000127_00-25-41.jpg,inaction/tr_21312312/im000127_00-25-41.jpg,53,123,RGB,0.43089430894308944,6519,small_width
inaction,inaction/tr_21312312,im000128_00-25-41.jpg,inaction/tr_21312312/im000128_00-25-41.jpg,51,123,RGB,0.4146341463414634,6273,small_width
inaction,inaction/tr_21312312,im000129_00-25-41.jpg,inaction/tr_21312312/im000129_00-25-41.jpg,50,123,RGB,0.4065040650406504,6150,small_width
inaction,inaction/tr_21312312,im000130_00-25-41.jpg,inaction/tr_21312312/im000130_00-25-41.jpg,49,122,RGB,0.4016393442622951,5978,small_width
inaction,inaction/tr_21312312,im000131_00-25-41.jpg,inaction/tr_21312312/im000131_00-25-41.jpg,47,121,RGB,0.3884297520661157,5687,small_width
inaction,inaction/tr_21312312,im000132_00-25-41.jpg,inaction/tr_21312312/im000132_00-25-41.jpg,50,121,RGB,0.4132231404958678,6050,small_width
inaction,inaction/tr_21312312,im000133_00-25-41.jpg,inaction/tr_21312312/im000133_00-25-41.jpg,54,121,RGB,0.4462809917355372,6534,small_width
inaction,inaction/tr_21312312,im000134_00-25-41.jpg,inaction/tr_21312312/im000134_00-25-41.jpg,61,122,RGB,0.5,7442,small_width
inaction,inaction/tr_21312312,im000135_00-25-42.jpg,inaction/tr_21312312/im000135_00-25-42.jpg,62,122,RGB,0.5081967213114754,7564,small_width
inaction,inaction/tr_21312312,im000139_00-25-42.jpg,inaction/tr_21312312/im000139_00-25-42.jpg,60,122,RGB,0.4918032786885246,7320,small_width
inaction,inaction/tr_21312312,im000140_00-25-42.jpg,inaction/tr_21312312/im000140_00-25-42.jpg,60,122,RGB,0.4918032786885246,7320,small_width
inaction,inaction/tr_21312312,im000141_00-25-42.jpg,inaction/tr_21312312/im000141_00-25-42.jpg,61,122,RGB,0.5,7442,small_width
inaction,inaction/tr_21312312,im000142_00-25-42.jpg,inaction/tr_21312312/im000142_00-25-42.jpg,60,122,RGB,0.4918032786885246,7320,small_width
inaction,inaction/tr_21312312,im000143_00-25-42.jpg,inaction/tr_21312312/im000143_00-25-42.jpg,61,122,RGB,0.5,7442,small_width
inaction,inaction/tr_21312312,im000144_00-25-42.jpg,inaction/tr_21312312/im000144_00-25-42.jpg,60,122,RGB,0.4918032786885246,7320,small_width
inaction,inaction/tr_21312312,im000145_00-25-42.jpg,inaction/tr_21312312/im000145_00-25-42.jpg,60,122,RGB,0.4918032786885246,7320,small_width
inaction,inaction/tr_21312312,im000146_00-25-42.jpg,inaction/tr_21312312/im000146_00-25-42.jpg,61,122,RGB,0.5,7442,small_width
inaction,inaction/tr_21312312,im000147_00-25-43.jpg,inaction/tr_21312312/im000147_00-25-43.jpg,58,121,RGB,0.4793388429752066,7018,small_width
inaction,inaction/tr_21312312,im000148_00-25-43.jpg,inaction/tr_21312312/im000148_00-25-43.jpg,58,121,RGB,0.4793388429752066,7018,small_width
inaction,inaction/tr_21312312,im000149_00-25-43.jpg,inaction/tr_21312312/im000149_00-25-43.jpg,58,122,RGB,0.47540983606557374,7076,small_width
inaction,inaction/tr_21312312,im000150_00-25-43.jpg,inaction/tr_21312312/im000150_00-25-43.jpg,57,122,RGB,0.4672131147540984,6954,small_width
inaction,inaction/tr_21312312,im000151_00-25-43.jpg,inaction/tr_21312312/im000151_00-25-43.jpg,62,124,RGB,0.5,7688,small_width
inaction,inaction/tr_21312312,im000152_00-25-43.jpg,inaction/tr_21312312/im000152_00-25-43.jpg,62,122,RGB,0.5081967213114754,7564,small_width
inaction,inaction/tr_21312312,im000153_00-25-43.jpg,inaction/tr_21312312/im000153_00-25-43.jpg,61,124,RGB,0.49193548387096775,7564,small_width
inaction,inaction/tr_21312312,im000154_00-25-43.jpg,inaction/tr_21312312/im000154_00-25-43.jpg,62,123,RGB,0.5040650406504065,7626,small_width
inaction,inaction/tr_21312312,im000155_00-25-43.jpg,inaction/tr_21312312/im000155_00-25-43.jpg,57,122,RGB,0.4672131147540984,6954,small_width
inaction,inaction/tr_21312312,im000156_00-25-43.jpg,inaction/tr_21312312/im000156_00-25-43.jpg,58,122,RGB,0.47540983606557374,7076,small_width
inaction,inaction/tr_21312312,im000157_00-25-43.jpg,inaction/tr_21312312/im000157_00-25-43.jpg,58,121,RGB,0.4793388429752066,7018,small_width
inaction,inaction/tr_21312312,im000158_00-25-43.jpg,inaction/tr_21312312/im000158_00-25-43.jpg,57,121,RGB,0.47107438016528924,6897,small_width
inaction,inaction/tr_21312312,im000159_00-25-44.jpg,inaction/tr_21312312/im000159_00-25-44.jpg,60,123,RGB,0.4878048780487805,7380,small_width
inaction,inaction/tr_21312312,im000160_00-25-44.jpg,inaction/tr_21312312/im000160_00-25-44.jpg,60,123,RGB,0.4878048780487805,7380,small_width
inaction,inaction/tr_21312312,im000161_00-25-44.jpg,inaction/tr_21312312/im000161_00-25-44.jpg,58,122,RGB,0.47540983606557374,7076,small_width
inaction,inaction/tr_21312312,im000162_00-25-44.jpg,inaction/tr_21312312/im000162_00-25-44.jpg,58,122,RGB,0.47540983606557374,7076,small_width
inaction,inaction/tr_21312312,im000163_00-25-44.jpg,inaction/tr_21312312/im000163_00-25-44.jpg,55,121,RGB,0.45454545454545453,6655,small_width
inaction,inaction/tr_21312312,im000164_00-25-44.jpg,inaction/tr_21312312/im000164_00-25-44.jpg,57,121,RGB,0.47107438016528924,6897,small_width
inaction,inaction/tr_21312312,im000165_00-25-44.jpg,inaction/tr_21312312/im000165_00-25-44.jpg,56,121,RGB,0.4628099173553719,6776,small_width
inaction,inaction/tr_21312312,im000166_00-25-44.jpg,inaction/tr_21312312/im000166_00-25-44.jpg,56,121,RGB,0.4628099173553719,6776,small_width
inaction,inaction/tr_21312312,im000167_00-25-44.jpg,inaction/tr_21312312/im000167_00-25-44.jpg,58,122,RGB,0.47540983606557374,7076,small_width
inaction,inaction/tr_21312312,im000168_00-25-44.jpg,inaction/tr_21312312/im000168_00-25-44.jpg,59,121,RGB,0.48760330578512395,7139,small_width
inaction,inaction/tr_21312312,im000169_00-25-44.jpg,inaction/tr_21312312/im000169_00-25-44.jpg,59,121,RGB,0.48760330578512395,7139,small_width
inaction,inaction/tr_21312312,im000170_00-25-44.jpg,inaction/tr_21312312/im000170_00-25-44.jpg,58,122,RGB,0.47540983606557374,7076,small_width
inaction,inaction/tr_21312312,im000171_00-25-45.jpg,inaction/tr_21312312/im000171_00-25-45.jpg,57,122,RGB,0.4672131147540984,6954,small_width
inaction,inaction/tr_21312312,im000172_00-25-45.jpg,inaction/tr_21312312/im000172_00-25-45.jpg,56,122,RGB,0.45901639344262296,6832,small_width
inaction,inaction/tr_21312312,im000173_00-25-45.jpg,inaction/tr_21312312/im000173_00-25-45.jpg,57,122,RGB,0.4672131147540984,6954,small_width
inaction,inaction/tr_21312312,im000174_00-25-45.jpg,inaction/tr_21312312/im000174_00-25-45.jpg,58,122,RGB,0.47540983606557374,7076,small_width
inaction,inaction/tr_21312312,im000175_00-25-45.jpg,inaction/tr_21312312/im000175_00-25-45.jpg,57,122,RGB,0.4672131147540984,6954,small_width
inaction,inaction/tr_21312312,im000176_00-25-45.jpg,inaction/tr_21312312/im000176_00-25-45.jpg,62,121,RGB,0.512396694214876,7502,small_width
inaction,inaction/tr_21312312,im000177_00-25-45.jpg,inaction/tr_21312312/im000177_00-25-45.jpg,62,122,RGB,0.5081967213114754,7564,small_width
inaction,inaction/tr_21312312,im000178_00-25-45.jpg,inaction/tr_21312312/im000178_00-25-45.jpg,62,120,RGB,0.5166666666666667,7440,small_width
inaction,inaction/tr_21312312,im000179_00-25-45.jpg,inaction/tr_21312312/im000179_00-25-45.jpg,60,122,RGB,0.4918032786885246,7320,small_width
inaction,inaction/tr_21312312,im000180_00-25-45.jpg,inaction/tr_21312312/im000180_00-25-45.jpg,55,122,RGB,0.45081967213114754,6710,small_width
inaction,inaction/tr_21312312,im000181_00-25-45.jpg,inaction/tr_21312312/im000181_00-25-45.jpg,53,122,RGB,0.4344262295081967,6466,small_width
inaction,inaction/tr_21312312,im000182_00-25-45.jpg,inaction/tr_21312312/im000182_00-25-45.jpg,52,121,RGB,0.4297520661157025,6292,small_width
inaction,inaction/tr_21312312,im000183_00-25-46.jpg,inaction/tr_21312312/im000183_00-25-46.jpg,55,117,RGB,0.4700854700854701,6435,small_width
inaction,inaction/tr_21312312,im000184_00-25-46.jpg,inaction/tr_21312312/im000184_00-25-46.jpg,54,119,RGB,0.453781512605042,6426,small_width
inaction,inaction/tr_21312312,im000185_00-25-46.jpg,inaction/tr_21312312/im000185_00-25-46.jpg,53,119,RGB,0.44537815126050423,6307,small_width
inaction,inaction/tr_21312312,im000186_00-25-46.jpg,inaction/tr_21312312/im000186_00-25-46.jpg,54,118,RGB,0.4576271186440678,6372,small_width
inaction,inaction/tr_21312312,im000187_00-25-46.jpg,inaction/tr_21312312/im000187_00-25-46.jpg,52,121,RGB,0.4297520661157025,6292,small_width
inaction,inaction/tr_21312312,im000188_00-25-46.jpg,inaction/tr_21312312/im000188_00-25-46.jpg,50,120,RGB,0.4166666666666667,6000,small_width
inaction,inaction/tr_21312312,im000189_00-25-46.jpg,inaction/tr_21312312/im000189_00-25-46.jpg,50,120,RGB,0.4166666666666667,6000,small_width
inaction,inaction/tr_21312312,im000190_00-25-46.jpg,inaction/tr_21312312/im000190_00-25-46.jpg,50,120,RGB,0.4166666666666667,6000,small_width
inaction,inaction/tr_21312312,im000191_00-25-47.jpg,inaction/tr_21312312/im000191_00-25-47.jpg,47,120,RGB,0.39166666666666666,5640,small_width
inaction,inaction/tr_21312312,im000192_00-25-47.jpg,inaction/tr_21312312/im000192_00-25-47.jpg,48,121,RGB,0.39669421487603307,5808,small_width
inaction,inaction/tr_21312312,im000193_00-25-47.jpg,inaction/tr_21312312/im000193_00-25-47.jpg,48,120,RGB,0.4,5760,small_width
inaction,inaction/tr_21312312,im000194_00-25-47.jpg,inaction/tr_21312312/im000194_00-25-47.jpg,47,121,RGB,0.3884297520661157,5687,small_width
inaction,inaction/tr_21312312,im000195_00-25-47.jpg,inaction/tr_21312312/im000195_00-25-47.jpg,47,120,RGB,0.39166666666666666,5640,small_width
inaction,inaction/tr_21312312,im000196_00-25-47.jpg,inaction/tr_21312312/im000196_00-25-47.jpg,47,121,RGB,0.3884297520661157,5687,small_width
inaction,inaction/tr_21312312,im000197_00-25-47.jpg,inaction/tr_21312312/im000197_00-25-47.jpg,47,119,RGB,0.3949579831932773,5593,small_width
inaction,inaction/tr_21312312,im000198_00-25-47.jpg,inaction/tr_21312312/im000198_00-25-47.jpg,47,119,RGB,0.3949579831932773,5593,small_width
inaction,inaction/tr_21312312,im000199_00-25-47.jpg,inaction/tr_21312312/im000199_00-25-47.jpg,48,119,RGB,0.40336134453781514,5712,small_width
inaction,inaction/tr_21312312,im000200_00-25-47.jpg,inaction/tr_21312312/im000200_00-25-47.jpg,49,119,RGB,0.4117647058823529,5831,small_width
inaction,inaction/tr_21312312,im000201_00-25-47.jpg,inaction/tr_21312312/im000201_00-25-47.jpg,49,119,RGB,0.4117647058823529,5831,small_width
inaction,inaction/tr_21312312,im000202_00-25-47.jpg,inaction/tr_21312312/im000202_00-25-47.jpg,48,119,RGB,0.40336134453781514,5712,small_width
inaction,inaction/tr_21312312,im000203_00-25-48.jpg,inaction/tr_21312312/im000203_00-25-48.jpg,48,119,RGB,0.40336134453781514,5712,small_width
inaction,inaction/tr_21312312,im000204_00-25-48.jpg,inaction/tr_21312312/im000204_00-25-48.jpg,48,120,RGB,0.4,5760,small_width
inaction,inaction/tr_21312312,im000205_00-25-48.jpg,inaction/tr_21312312/im000205_00-25-48.jpg,47,120,RGB,0.39166666666666666,5640,small_width
inaction,inaction/tr_21312312,im000206_00-25-48.jpg,inaction/tr_21312312/im000206_00-25-48.jpg,47,120,RGB,0.39166666666666666,5640,small_width
inaction,inaction/tr_21312312,im000207_00-25-48.jpg,inaction/tr_21312312/im000207_00-25-48.jpg,47,119,RGB,0.3949579831932773,5593,small_width
inaction,inaction/tr_21312312,im000208_00-25-48.jpg,inaction/tr_21312312/im000208_00-25-48.jpg,47,120,RGB,0.39166666666666666,5640,small_width
inaction,inaction/tr_21312312,im000209_00-25-48.jpg,inaction/tr_21312312/im000209_00-25-48.jpg,47,120,RGB,0.39166666666666666,5640,small_width
inaction,inaction/tr_21312312,im000210_00-25-48.jpg,inaction/tr_21312312/im000210_00-25-48.jpg,47,120,RGB,0.39166666666666666,5640,small_width
inaction,inaction/tr_21312312,im000211_00-25-48.jpg,inaction/tr_21312312/im000211_00-25-48.jpg,48,120,RGB,0.4,5760,small_width
inaction,inaction/tr_21312312,im000212_00-25-48.jpg,inaction/tr_21312312/im000212_00-25-48.jpg,48,120,RGB,0.4,5760,small_width
inaction,inaction/tr_21312312,im000213_00-25-48.jpg,inaction/tr_21312312/im000213_00-25-48.jpg,47,120,RGB,0.39166666666666666,5640,small_width
inaction,inaction/tr_21312312,im000214_00-25-48.jpg,inaction/tr_21312312/im000214_00-25-48.jpg,47,120,RGB,0.39166666666666666,5640,small_width
inaction,inaction/tr_21312312,im000215_00-25-49.jpg,inaction/tr_21312312/im000215_00-25-49.jpg,47,120,RGB,0.39166666666666666,5640,small_width
inaction,inaction/tr_21312312,im000216_00-25-49.jpg,inaction/tr_21312312/im000216_00-25-49.jpg,47,120,RGB,0.39166666666666666,5640,small_width
inaction,inaction/tr_21312312,im000217_00-25-49.jpg,inaction/tr_21312312/im000217_00-25-49.jpg,48,120,RGB,0.4,5760,small_width
inaction,inaction/tr_21312312,im000218_00-25-49.jpg,inaction/tr_21312312/im000218_00-25-49.jpg,48,120,RGB,0.4,5760,small_width
inaction,inaction/tr_21312312,im000219_00-25-49.jpg,inaction/tr_21312312/im000219_00-25-49.jpg,47,120,RGB,0.39166666666666666,5640,small_width
inaction,inaction/tr_21312312,im000220_00-25-49.jpg,inaction/tr_21312312/im000220_00-25-49.jpg,47,120,RGB,0.39166666666666666,5640,small_width
inaction,inaction/tr_21312312,im000221_00-25-49.jpg,inaction/tr_21312312/im000221_00-25-49.jpg,47,120,RGB,0.39166666666666666,5640,small_width
inaction,inaction/tr_21312312,im000222_00-25-49.jpg,inaction/tr_21312312/im000222_00-25-49.jpg,47,120,RGB,0.39166666666666666,5640,small_width
inaction,inaction/tr_21312312,im000223_00-25-49.jpg,inaction/tr_21312312/im000223_00-25-49.jpg,49,119,RGB,0.4117647058823529,5831,small_width
inaction,inaction/tr_21312312,im000224_00-25-49.jpg,inaction/tr_21312312/im000224_00-25-49.jpg,48,119,RGB,0.40336134453781514,5712,small_width
inaction,inaction/tr_21312312,im000225_00-25-49.jpg,inaction/tr_21312312/im000225_00-25-49.jpg,48,119,RGB,0.40336134453781514,5712,small_width
inaction,inaction/tr_21312312,im000226_00-25-49.jpg,inaction/tr_21312312/im000226_00-25-49.jpg,48,119,RGB,0.40336134453781514,5712,small_width
inaction,inaction/tr_21312312,im000227_00-25-50.jpg,inaction/tr_21312312/im000227_00-25-50.jpg,56,123,RGB,0.45528455284552843,6888,small_width
inaction,inaction/tr_21312312,im000228_00-25-50.jpg,inaction/tr_21312312/im000228_00-25-50.jpg,55,124,RGB,0.4435483870967742,6820,small_width
inaction,inaction/tr_21312312,im000229_00-25-50.jpg,inaction/tr_21312312/im000229_00-25-50.jpg,55,125,RGB,0.44,6875,small_width
inaction,inaction/tr_21312312,im000230_00-25-50.jpg,inaction/tr_21312312/im000230_00-25-50.jpg,56,125,RGB,0.448,7000,small_width
inaction,inaction/tr_21312312,im000231_00-25-50.jpg,inaction/tr_21312312/im000231_00-25-50.jpg,54,125,RGB,0.432,6750,small_width
inaction,inaction/tr_21312312,im000232_00-25-50.jpg,inaction/tr_21312312/im000232_00-25-50.jpg,54,125,RGB,0.432,6750,small_width
inaction,inaction/tr_21312312,im000233_00-25-50.jpg,inaction/tr_21312312/im000233_00-25-50.jpg,54,125,RGB,0.432,6750,small_width
inaction,inaction/tr_21312312,im000234_00-25-50.jpg,inaction/tr_21312312/im000234_00-25-50.jpg,54,125,RGB,0.432,6750,small_width
inaction,inaction/tr_21312312,im000235_00-25-50.jpg,inaction/tr_21312312/im000235_00-25-50.jpg,57,123,RGB,0.4634146341463415,7011,small_width
inaction,inaction/tr_21312312,im000236_00-25-50.jpg,inaction/tr_21312312/im000236_00-25-50.jpg,56,123,RGB,0.45528455284552843,6888,small_width
inaction,inaction/tr_21312312,im000237_00-25-50.jpg,inaction/tr_21312312/im000237_00-25-50.jpg,56,123,RGB,0.45528455284552843,6888,small_width
inaction,inaction/tr_21312312,im000238_00-25-50.jpg,inaction/tr_21312312/im000238_00-25-50.jpg,55,124,RGB,0.4435483870967742,6820,small_width
inaction,inaction/tr_21312312,im000239_00-25-51.jpg,inaction/tr_21312312/im000239_00-25-51.jpg,54,124,RGB,0.43548387096774194,6696,small_width
inaction,inaction/tr_21312312,im000240_00-25-51.jpg,inaction/tr_21312312/im000240_00-25-51.jpg,56,124,RGB,0.45161290322580644,6944,small_width
inaction,inaction/tr_21312312,im000241_00-25-51.jpg,inaction/tr_21312312/im000241_00-25-51.jpg,54,123,RGB,0.43902439024390244,6642,small_width
inaction,inaction/tr_21312312,im000242_00-25-51.jpg,inaction/tr_21312312/im000242_00-25-51.jpg,53,123,RGB,0.43089430894308944,6519,small_width
inaction,inaction/tr_21312312,im000243_00-25-51.jpg,inaction/tr_21312312/im000243_00-25-51.jpg,53,124,RGB,0.4274193548387097,6572,small_width
inaction,inaction/tr_21312312,im000244_00-25-51.jpg,inaction/tr_21312312/im000244_00-25-51.jpg,53,124,RGB,0.4274193548387097,6572,small_width
inaction,inaction/tr_21312312,im000245_00-25-51.jpg,inaction/tr_21312312/im000245_00-25-51.jpg,51,124,RGB,0.4112903225806452,6324,small_width
inaction,inaction/tr_21312312,im000246_00-25-51.jpg,inaction/tr_21312312/im000246_00-25-51.jpg,53,125,RGB,0.424,6625,small_width
inaction,inaction/tr_21312312,im000247_00-25-51.jpg,inaction/tr_21312312/im000247_00-25-51.jpg,53,124,RGB,0.4274193548387097,6572,small_width
inaction,inaction/tr_21312312,im000248_00-25-51.jpg,inaction/tr_21312312/im000248_00-25-51.jpg,54,123,RGB,0.43902439024390244,6642,small_width
inaction,inaction/tr_21312312,im000249_00-25-51.jpg,inaction/tr_21312312/im000249_00-25-51.jpg,54,124,RGB,0.43548387096774194,6696,small_width
inaction,inaction/tr_21312312,im000250_00-25-51.jpg,inaction/tr_21312312/im000250_00-25-51.jpg,53,124,RGB,0.4274193548387097,6572,small_width
inaction,inaction/tr_21312312,im000251_00-25-52.jpg,inaction/tr_21312312/im000251_00-25-52.jpg,53,125,RGB,0.424,6625,small_width
inaction,inaction/tr_21312312,im000252_00-25-52.jpg,inaction/tr_21312312/im000252_00-25-52.jpg,53,124,RGB,0.4274193548387097,6572,small_width
inaction,inaction/tr_21312312,im000253_00-25-52.jpg,inaction/tr_21312312/im000253_00-25-52.jpg,53,125,RGB,0.424,6625,small_width
inaction,inaction/tr_21312312,im000254_00-25-52.jpg,inaction/tr_21312312/im000254_00-25-52.jpg,54,125,RGB,0.432,6750,small_width
inaction,inaction/tr_21312312,im000255_00-25-52.jpg,inaction/tr_21312312/im000255_00-25-52.jpg,55,125,RGB,0.44,6875,small_width
inaction,inaction/tr_21312312,im000256_00-25-52.jpg,inaction/tr_21312312/im000256_00-25-52.jpg,56,124,RGB,0.45161290322580644,6944,small_width
inaction,inaction/tr_21312312,im000257_00-25-52.jpg,inaction/tr_21312312/im000257_00-25-52.jpg,57,126,RGB,0.4523809523809524,7182,small_width
inaction,inaction/tr_21312312,im000258_00-25-52.jpg,inaction/tr_21312312/im000258_00-25-52.jpg,58,125,RGB,0.464,7250,small_width
inaction,inaction/tr_21312312,im000259_00-25-52.jpg,inaction/tr_21312312/im000259_00-25-52.jpg,59,125,RGB,0.472,7375,small_width
inaction,inaction/tr_21312312,im000260_00-25-52.jpg,inaction/tr_21312312/im000260_00-25-52.jpg,60,125,RGB,0.48,7500,small_width
inaction,inaction/tr_21312312,im000261_00-25-52.jpg,inaction/tr_21312312/im000261_00-25-52.jpg,61,125,RGB,0.488,7625,small_width
inaction,inaction/tr_21312312,im000262_00-25-52.jpg,inaction/tr_21312312/im000262_00-25-52.jpg,61,124,RGB,0.49193548387096775,7564,small_width
inaction,inaction/tr_21312312,im000263_00-25-53.jpg,inaction/tr_21312312/im000263_00-25-53.jpg,61,123,RGB,0.4959349593495935,7503,small_width
inaction,inaction/tr_21312312,im000264_00-25-53.jpg,inaction/tr_21312312/im000264_00-25-53.jpg,60,123,RGB,0.4878048780487805,7380,small_width
inaction,inaction/tr_21312312,im000265_00-25-53.jpg,inaction/tr_21312312/im000265_00-25-53.jpg,57,122,RGB,0.4672131147540984,6954,small_width
inaction,inaction/tr_21312312,im000266_00-25-53.jpg,inaction/tr_21312312/im000266_00-25-53.jpg,55,123,RGB,0.44715447154471544,6765,small_width
inaction,inaction/tr_21312312,im000267_00-25-53.jpg,inaction/tr_21312312/im000267_00-25-53.jpg,52,123,RGB,0.42276422764227645,6396,small_width
inaction,inaction/tr_21312312,im000268_00-25-53.jpg,inaction/tr_21312312/im000268_00-25-53.jpg,53,124,RGB,0.4274193548387097,6572,small_width
inaction,inaction/tr_21312312,im000269_00-25-53.jpg,inaction/tr_21312312/im000269_00-25-53.jpg,51,123,RGB,0.4146341463414634,6273,small_width
inaction,inaction/tr_21312312,im000270_00-25-53.jpg,inaction/tr_21312312/im000270_00-25-53.jpg,49,122,RGB,0.4016393442622951,5978,small_width
inaction,inaction/tr_21312312,im000271_00-25-53.jpg,inaction/tr_21312312/im000271_00-25-53.jpg,52,117,RGB,0.4444444444444444,6084,small_width
inaction,inaction/tr_21312312,im000272_00-25-53.jpg,inaction/tr_21312312/im000272_00-25-53.jpg,50,117,RGB,0.42735042735042733,5850,small_width
inaction,inaction/tr_21312312,im000273_00-25-53.jpg,inaction/tr_21312312/im000273_00-25-53.jpg,50,118,RGB,0.423728813559322,5900,small_width
inaction,inaction/tr_21312312,im000274_00-25-53.jpg,inaction/tr_21312312/im000274_00-25-53.jpg,50,118,RGB,0.423728813559322,5900,small_width
inaction,inaction/tr_21312312,im000275_00-25-54.jpg,inaction/tr_21312312/im000275_00-25-54.jpg,49,118,RGB,0.4152542372881356,5782,small_width
inaction,inaction/tr_21312312,im000276_00-25-54.jpg,inaction/tr_21312312/im000276_00-25-54.jpg,48,119,RGB,0.40336134453781514,5712,small_width
inaction,inaction/tr_21312312,im000277_00-25-54.jpg,inaction/tr_21312312/im000277_00-25-54.jpg,48,120,RGB,0.4,5760,small_width
inaction,inaction/tr_21312312,im000278_00-25-54.jpg,inaction/tr_21312312/im000278_00-25-54.jpg,48,120,RGB,0.4,5760,small_width
inaction,inaction/tr_21312312,im000279_00-25-54.jpg,inaction/tr_21312312/im000279_00-25-54.jpg,47,118,RGB,0.3983050847457627,5546,small_width
inaction,inaction/tr_21312312,im000280_00-25-54.jpg,inaction/tr_21312312/im000280_00-25-54.jpg,46,120,RGB,0.38333333333333336,5520,small_width
inaction,inaction/tr_21312312,im000281_00-25-54.jpg,inaction/tr_21312312/im000281_00-25-54.jpg,49,120,RGB,0.4083333333333333,5880,small_width
inaction,inaction/tr_21312312,im000282_00-25-54.jpg,inaction/tr_21312312/im000282_00-25-54.jpg,49,120,RGB,0.4083333333333333,5880,small_width
inaction,inaction/tr_21312312,im000283_00-25-54.jpg,inaction/tr_21312312/im000283_00-25-54.jpg,50,119,RGB,0.42016806722689076,5950,small_width
inaction,inaction/tr_21312312,im000284_00-25-54.jpg,inaction/tr_21312312/im000284_00-25-54.jpg,50,120,RGB,0.4166666666666667,6000,small_width
inaction,inaction/tr_21312312,im000285_00-25-54.jpg,inaction/tr_21312312/im000285_00-25-54.jpg,51,120,RGB,0.425,6120,small_width
inaction,inaction/tr_21312312,im000286_00-25-54.jpg,inaction/tr_21312312/im000286_00-25-54.jpg,51,120,RGB,0.425,6120,small_width
inaction,inaction/tr_21312312,im000287_00-25-55.jpg,inaction/tr_21312312/im000287_00-25-55.jpg,49,121,RGB,0.4049586776859504,5929,small_width
inaction,inaction/tr_21312312,im000288_00-25-55.jpg,inaction/tr_21312312/im000288_00-25-55.jpg,49,121,RGB,0.4049586776859504,5929,small_width
inaction,inaction/tr_21312312,im000289_00-25-55.jpg,inaction/tr_21312312/im000289_00-25-55.jpg,49,121,RGB,0.4049586776859504,5929,small_width
inaction,inaction/tr_21312312,im000290_00-25-55.jpg,inaction/tr_21312312/im000290_00-25-55.jpg,49,121,RGB,0.4049586776859504,5929,small_width
inaction,inaction/tr_21312312,im000291_00-25-55.jpg,inaction/tr_21312312/im000291_00-25-55.jpg,48,121,RGB,0.39669421487603307,5808,small_width
inaction,inaction/tr_21312312,im000292_00-25-55.jpg,inaction/tr_21312312/im000292_00-25-55.jpg,47,120,RGB,0.39166666666666666,5640,small_width
inaction,inaction/tr_21312312,im000293_00-25-55.jpg,inaction/tr_21312312/im000293_00-25-55.jpg,48,121,RGB,0.39669421487603307,5808,small_width
inaction,inaction/tr_21312312,im000294_00-25-55.jpg,inaction/tr_21312312/im000294_00-25-55.jpg,47,121,RGB,0.3884297520661157,5687,small_width
inaction,inaction/tr_21312312,im000295_00-25-55.jpg,inaction/tr_21312312/im000295_00-25-55.jpg,47,120,RGB,0.39166666666666666,5640,small_width
inaction,inaction/tr_21312312,im000296_00-25-55.jpg,inaction/tr_21312312/im000296_00-25-55.jpg,47,120,RGB,0.39166666666666666,5640,small_width
inaction,inaction/tr_21312312,im000297_00-25-55.jpg,inaction/tr_21312312/im000297_00-25-55.jpg,46,120,RGB,0.38333333333333336,5520,small_width
inaction,inaction/tr_21312312,im000298_00-25-55.jpg,inaction/tr_21312312/im000298_00-25-55.jpg,46,121,RGB,0.38016528925619836,5566,small_width
inaction,inaction/tr_21312312,im000299_00-25-56.jpg,inaction/tr_21312312/im000299_00-25-56.jpg,46,121,RGB,0.38016528925619836,5566,small_width
inaction,inaction/tr_21312312,im000300_00-25-56.jpg,inaction/tr_21312312/im000300_00-25-56.jpg,46,120,RGB,0.38333333333333336,5520,small_width
inaction,inaction/tr_21312312,im000301_00-25-56.jpg,inaction/tr_21312312/im000301_00-25-56.jpg,46,120,RGB,0.38333333333333336,5520,small_width
inaction,inaction/tr_21312312,im000302_00-25-56.jpg,inaction/tr_21312312/im000302_00-25-56.jpg,46,120,RGB,0.38333333333333336,5520,small_width
inaction,inaction/tr_21312312,im000303_00-25-56.jpg,inaction/tr_21312312/im000303_00-25-56.jpg,47,120,RGB,0.39166666666666666,5640,small_width
inaction,inaction/tr_21312312,im000304_00-25-56.jpg,inaction/tr_21312312/im000304_00-25-56.jpg,47,120,RGB,0.39166666666666666,5640,small_width
inaction,inaction/tr_21312312,im000305_00-25-56.jpg,inaction/tr_21312312/im000305_00-25-56.jpg,47,120,RGB,0.39166666666666666,5640,small_width
inaction,inaction/tr_21312312,im000306_00-25-56.jpg,inaction/tr_21312312/im000306_00-25-56.jpg,46,120,RGB,0.38333333333333336,5520,small_width
inaction,inaction/tr_21312312,im000307_00-25-56.jpg,inaction/tr_21312312/im000307_00-25-56.jpg,48,120,RGB,0.4,5760,small_width
inaction,inaction/tr_21312312,im000308_00-25-56.jpg,inaction/tr_21312312/im000308_00-25-56.jpg,48,120,RGB,0.4,5760,small_width
inaction,inaction/tr_21312312,im000309_00-25-56.jpg,inaction/tr_21312312/im000309_00-25-56.jpg,48,120,RGB,0.4,5760,small_width
inaction,inaction/tr_21312312,im000310_00-25-56.jpg,inaction/tr_21312312/im000310_00-25-56.jpg,48,120,RGB,0.4,5760,small_width
inaction,inaction/tr_21312312,im000311_00-25-57.jpg,inaction/tr_21312312/im000311_00-25-57.jpg,48,120,RGB,0.4,5760,small_width
inaction,inaction/tr_21312312,im000312_00-25-57.jpg,inaction/tr_21312312/im000312_00-25-57.jpg,48,120,RGB,0.4,5760,small_width
inaction,inaction/tr_21312312,im000313_00-25-57.jpg,inaction/tr_21312312/im000313_00-25-57.jpg,48,120,RGB,0.4,5760,small_width
inaction,inaction/tr_21312312,im000314_00-25-57.jpg,inaction/tr_21312312/im000314_00-25-57.jpg,48,120,RGB,0.4,5760,small_width
inaction,inaction/tr_21312312,im000315_00-25-57.jpg,inaction/tr_21312312/im000315_00-25-57.jpg,47,120,RGB,0.39166666666666666,5640,small_width
inaction,inaction/tr_21312312,im000316_00-25-57.jpg,inaction/tr_21312312/im000316_00-25-57.jpg,46,120,RGB,0.38333333333333336,5520,small_width
inaction,inaction/tr_21312312,im000317_00-25-57.jpg,inaction/tr_21312312/im000317_00-25-57.jpg,47,120,RGB,0.39166666666666666,5640,small_width
inaction,inaction/tr_21312312,im000318_00-25-57.jpg,inaction/tr_21312312/im000318_00-25-57.jpg,48,120,RGB,0.4,5760,small_width
inaction,inaction/tr_21312312,im000319_00-25-57.jpg,inaction/tr_21312312/im000319_00-25-57.jpg,47,120,RGB,0.39166666666666666,5640,small_width
inaction,inaction/tr_21312312,im000320_00-25-57.jpg,inaction/tr_21312312/im000320_00-25-57.jpg,47,120,RGB,0.39166666666666666,5640,small_width
inaction,inaction/tr_21312312,im000321_00-25-57.jpg,inaction/tr_21312312/im000321_00-25-57.jpg,47,120,RGB,0.39166666666666666,5640,small_width
inaction,inaction/tr_21312312,im000322_00-25-57.jpg,inaction/tr_21312312/im000322_00-25-57.jpg,47,120,RGB,0.39166666666666666,5640,small_width
inaction,inaction/tr_21312312,im000323_00-25-58.jpg,inaction/tr_21312312/im000323_00-25-58.jpg,47,120,RGB,0.39166666666666666,5640,small_width
inaction,inaction/tr_21312312,im000324_00-25-58.jpg,inaction/tr_21312312/im000324_00-25-58.jpg,47,120,RGB,0.39166666666666666,5640,small_width
inaction,inaction/tr_21312312,im000325_00-25-58.jpg,inaction/tr_21312312/im000325_00-25-58.jpg,47,120,RGB,0.39166666666666666,5640,small_width
inaction,inaction/tr_21312312,im000326_00-25-58.jpg,inaction/tr_21312312/im000326_00-25-58.jpg,48,121,RGB,0.39669421487603307,5808,small_width
inaction,inaction/tr_21312312,im000327_00-25-58.jpg,inaction/tr_21312312/im000327_00-25-58.jpg,59,120,RGB,0.49166666666666664,7080,small_width
inaction,inaction/tr_21312312,im000328_00-25-58.jpg,inaction/tr_21312312/im000328_00-25-58.jpg,60,120,RGB,0.5,7200,small_width
inaction,inaction/tr_21312312,im000329_00-25-58.jpg,inaction/tr_21312312/im000329_00-25-58.jpg,61,119,RGB,0.5126050420168067,7259,small_width
inaction,inaction/tr_21312312,im000330_00-25-58.jpg,inaction/tr_21312312/im000330_00-25-58.jpg,60,119,RGB,0.5042016806722689,7140,small_width
inaction,inaction/tr_21312312,im000331_00-25-58.jpg,inaction/tr_21312312/im000331_00-25-58.jpg,61,121,RGB,0.5041322314049587,7381,small_width
inaction,inaction/tr_21312312,im000332_00-25-58.jpg,inaction/tr_21312312/im000332_00-25-58.jpg,61,121,RGB,0.5041322314049587,7381,small_width
inaction,inaction/tr_21312312,im000333_00-25-58.jpg,inaction/tr_21312312/im000333_00-25-58.jpg,61,121,RGB,0.5041322314049587,7381,small_width
inaction,inaction/tr_21312312,im000334_00-25-58.jpg,inaction/tr_21312312/im000334_00-25-58.jpg,60,121,RGB,0.49586776859504134,7260,small_width
inaction,inaction/tr_21312312,im000335_00-25-59.jpg,inaction/tr_21312312/im000335_00-25-59.jpg,59,120,RGB,0.49166666666666664,7080,small_width
inaction,inaction/tr_21312312,im000336_00-25-59.jpg,inaction/tr_21312312/im000336_00-25-59.jpg,59,120,RGB,0.49166666666666664,7080,small_width
inaction,inaction/tr_21312312,im000337_00-25-59.jpg,inaction/tr_21312312/im000337_00-25-59.jpg,59,121,RGB,0.48760330578512395,7139,small_width
inaction,inaction/tr_21312312,im000338_00-25-59.jpg,inaction/tr_21312312/im000338_00-25-59.jpg,59,120,RGB,0.49166666666666664,7080,small_width
inaction,inaction/tr_21312312,im000339_00-25-59.jpg,inaction/tr_21312312/im000339_00-25-59.jpg,59,119,RGB,0.4957983193277311,7021,small_width
inaction,inaction/tr_21312312,im000340_00-25-59.jpg,inaction/tr_21312312/im000340_00-25-59.jpg,59,119,RGB,0.4957983193277311,7021,small_width
inaction,inaction/tr_21312312,im000341_00-25-59.jpg,inaction/tr_21312312/im000341_00-25-59.jpg,60,119,RGB,0.5042016806722689,7140,small_width
inaction,inaction/tr_21312312,im000342_00-25-59.jpg,inaction/tr_21312312/im000342_00-25-59.jpg,59,119,RGB,0.4957983193277311,7021,small_width
inaction,inaction/tr_21312312,im000343_00-25-59.jpg,inaction/tr_21312312/im000343_00-25-59.jpg,61,120,RGB,0.5083333333333333,7320,small_width
inaction,inaction/tr_21312312,im000344_00-25-59.jpg,inaction/tr_21312312/im000344_00-25-59.jpg,62,119,RGB,0.5210084033613446,7378,small_width
inaction,inaction/tr_21312312,im000345_00-25-59.jpg,inaction/tr_21312312/im000345_00-25-59.jpg,60,119,RGB,0.5042016806722689,7140,small_width
inaction,inaction/tr_21312312,im000346_00-25-59.jpg,inaction/tr_21312312/im000346_00-25-59.jpg,60,120,RGB,0.5,7200,small_width
inaction,inaction/tr_21312312,im000347_00-26-00.jpg,inaction/tr_21312312/im000347_00-26-00.jpg,61,120,RGB,0.5083333333333333,7320,small_width
inaction,inaction/tr_21312312,im000348_00-26-00.jpg,inaction/tr_21312312/im000348_00-26-00.jpg,62,120,RGB,0.5166666666666667,7440,small_width
inaction,inaction/tr_21312312,im000349_00-26-00.jpg,inaction/tr_21312312/im000349_00-26-00.jpg,62,120,RGB,0.5166666666666667,7440,small_width
inaction,inaction/tr_21312312,im000350_00-26-00.jpg,inaction/tr_21312312/im000350_00-26-00.jpg,62,120,RGB,0.5166666666666667,7440,small_width
inaction,inaction/tr_21312312,im000351_00-26-00.jpg,inaction/tr_21312312/im000351_00-26-00.jpg,61,120,RGB,0.5083333333333333,7320,small_width
inaction,inaction/tr_21312312,im000352_00-26-00.jpg,inaction/tr_21312312/im000352_00-26-00.jpg,61,120,RGB,0.5083333333333333,7320,small_width
inaction,inaction/tr_21312312,im000353_00-26-00.jpg,inaction/tr_21312312/im000353_00-26-00.jpg,61,120,RGB,0.5083333333333333,7320,small_width
inaction,inaction/tr_21312312,im000354_00-26-00.jpg,inaction/tr_21312312/im000354_00-26-00.jpg,61,120,RGB,0.5083333333333333,7320,small_width
inaction,inaction/tr_21312312,im000355_00-26-00.jpg,inaction/tr_21312312/im000355_00-26-00.jpg,63,121,RGB,0.5206611570247934,7623,small_width
inaction,inaction/tr_21312312,im000356_00-26-00.jpg,inaction/tr_21312312/im000356_00-26-00.jpg,63,120,RGB,0.525,7560,small_width
inaction,inaction/tr_21312312,im000357_00-26-00.jpg,inaction/tr_21312312/im000357_00-26-00.jpg,62,120,RGB,0.5166666666666667,7440,small_width
inaction,inaction/tr_21312312,im000358_00-26-00.jpg,inaction/tr_21312312/im000358_00-26-00.jpg,62,120,RGB,0.5166666666666667,7440,small_width
inaction,inaction/tr_21312312,im000359_00-26-01.jpg,inaction/tr_21312312/im000359_00-26-01.jpg,61,122,RGB,0.5,7442,small_width
inaction,inaction/tr_21312312,im000360_00-26-01.jpg,inaction/tr_21312312/im000360_00-26-01.jpg,60,121,RGB,0.49586776859504134,7260,small_width
inaction,inaction/tr_21312312,im000361_00-26-01.jpg,inaction/tr_21312312/im000361_00-26-01.jpg,61,120,RGB,0.5083333333333333,7320,small_width
inaction,inaction/tr_21312312,im000362_00-26-01.jpg,inaction/tr_21312312/im000362_00-26-01.jpg,58,121,RGB,0.4793388429752066,7018,small_width
inaction,inaction/tr_21312312,im000363_00-26-01.jpg,inaction/tr_21312312/im000363_00-26-01.jpg,57,121,RGB,0.47107438016528924,6897,small_width
inaction,inaction/tr_21312312,im000364_00-26-01.jpg,inaction/tr_21312312/im000364_00-26-01.jpg,56,121,RGB,0.4628099173553719,6776,small_width
inaction,inaction/tr_21312312,im000365_00-26-01.jpg,inaction/tr_21312312/im000365_00-26-01.jpg,54,122,RGB,0.4426229508196721,6588,small_width
inaction,inaction/tr_21312312,im000366_00-26-01.jpg,inaction/tr_21312312/im000366_00-26-01.jpg,53,122,RGB,0.4344262295081967,6466,small_width
inaction,inaction/tr_21312312,im000367_00-26-01.jpg,inaction/tr_21312312/im000367_00-26-01.jpg,52,124,RGB,0.41935483870967744,6448,small_width
inaction,inaction/tr_21312312,im000368_00-26-01.jpg,inaction/tr_21312312/im000368_00-26-01.jpg,52,124,RGB,0.41935483870967744,6448,small_width
inaction,inaction/tr_21312312,im000369_00-26-01.jpg,inaction/tr_21312312/im000369_00-26-01.jpg,51,124,RGB,0.4112903225806452,6324,small_width
inaction,inaction/tr_21312312,im000370_00-26-01.jpg,inaction/tr_21312312/im000370_00-26-01.jpg,51,124,RGB,0.4112903225806452,6324,small_width
inaction,inaction/tr_21312312,im000371_00-26-02.jpg,inaction/tr_21312312/im000371_00-26-02.jpg,52,122,RGB,0.4262295081967213,6344,small_width
inaction,inaction/tr_21312312,im000372_00-26-02.jpg,inaction/tr_21312312/im000372_00-26-02.jpg,52,122,RGB,0.4262295081967213,6344,small_width
inaction,inaction/tr_21312312,im000373_00-26-02.jpg,inaction/tr_21312312/im000373_00-26-02.jpg,52,122,RGB,0.4262295081967213,6344,small_width
inaction,inaction/tr_21312312,im000374_00-26-02.jpg,inaction/tr_21312312/im000374_00-26-02.jpg,52,123,RGB,0.42276422764227645,6396,small_width
inaction,inaction/tr_21312312,im000375_00-26-02.jpg,inaction/tr_21312312/im000375_00-26-02.jpg,53,124,RGB,0.4274193548387097,6572,small_width
inaction,inaction/tr_21312312,im000376_00-26-02.jpg,inaction/tr_21312312/im000376_00-26-02.jpg,52,124,RGB,0.41935483870967744,6448,small_width
inaction,inaction/tr_21312312,im000377_00-26-02.jpg,inaction/tr_21312312/im000377_00-26-02.jpg,52,124,RGB,0.41935483870967744,6448,small_width
inaction,inaction/tr_21312312,im000378_00-26-02.jpg,inaction/tr_21312312/im000378_00-26-02.jpg,52,124,RGB,0.41935483870967744,6448,small_width
inaction,inaction/tr_21312312,im000379_00-26-02.jpg,inaction/tr_21312312/im000379_00-26-02.jpg,51,123,RGB,0.4146341463414634,6273,small_width
inaction,inaction/tr_21312312,im000380_00-26-02.jpg,inaction/tr_21312312/im000380_00-26-02.jpg,51,123,RGB,0.4146341463414634,6273,small_width
inaction,inaction/tr_21312312,im000381_00-26-02.jpg,inaction/tr_21312312/im000381_00-26-02.jpg,51,123,RGB,0.4146341463414634,6273,small_width
inaction,inaction/tr_21312312,im000382_00-26-02.jpg,inaction/tr_21312312/im000382_00-26-02.jpg,51,123,RGB,0.4146341463414634,6273,small_width
inaction,inaction/tr_21312312,im000383_00-26-03.jpg,inaction/tr_21312312/im000383_00-26-03.jpg,52,124,RGB,0.41935483870967744,6448,small_width
inaction,inaction/tr_21312312,im000384_00-26-03.jpg,inaction/tr_21312312/im000384_00-26-03.jpg,52,124,RGB,0.41935483870967744,6448,small_width
inaction,inaction/tr_21312312,im000385_00-26-03.jpg,inaction/tr_21312312/im000385_00-26-03.jpg,52,124,RGB,0.41935483870967744,6448,small_width
inaction,inaction/tr_21312312,im000386_00-26-03.jpg,inaction/tr_21312312/im000386_00-26-03.jpg,52,124,RGB,0.41935483870967744,6448,small_width
inaction,inaction/tr_21312312,im000387_00-26-03.jpg,inaction/tr_21312312/im000387_00-26-03.jpg,52,122,RGB,0.4262295081967213,6344,small_width
inaction,inaction/tr_21312312,im000388_00-26-03.jpg,inaction/tr_21312312/im000388_00-26-03.jpg,52,123,RGB,0.42276422764227645,6396,small_width
inaction,inaction/tr_21312312,im000389_00-26-03.jpg,inaction/tr_21312312/im000389_00-26-03.jpg,52,123,RGB,0.42276422764227645,6396,small_width
inaction,inaction/tr_21312312,im000390_00-26-03.jpg,inaction/tr_21312312/im000390_00-26-03.jpg,52,123,RGB,0.42276422764227645,6396,small_width
inaction,inaction/tr_21312312,im000391_00-26-03.jpg,inaction/tr_21312312/im000391_00-26-03.jpg,51,122,RGB,0.4180327868852459,6222,small_width
inaction,inaction/tr_21312312,im000392_00-26-03.jpg,inaction/tr_21312312/im000392_00-26-03.jpg,51,122,RGB,0.4180327868852459,6222,small_width
inaction,inaction/tr_21312312,im000393_00-26-03.jpg,inaction/tr_21312312/im000393_00-26-03.jpg,51,122,RGB,0.4180327868852459,6222,small_width
inaction,inaction/tr_21312312,im000394_00-26-03.jpg,inaction/tr_21312312/im000394_00-26-03.jpg,51,122,RGB,0.4180327868852459,6222,small_width
inaction,inaction/tr_21312312,im000395_00-26-04.jpg,inaction/tr_21312312/im000395_00-26-04.jpg,52,122,RGB,0.4262295081967213,6344,small_width
inaction,inaction/tr_21312312,im000396_00-26-04.jpg,inaction/tr_21312312/im000396_00-26-04.jpg,51,122,RGB,0.4180327868852459,6222,small_width
inaction,inaction/tr_21312312,im000397_00-26-04.jpg,inaction/tr_21312312/im000397_00-26-04.jpg,51,122,RGB,0.4180327868852459,6222,small_width
inaction,inaction/tr_21312312,im000398_00-26-04.jpg,inaction/tr_21312312/im000398_00-26-04.jpg,51,122,RGB,0.4180327868852459,6222,small_width
inaction,inaction/tr_21312312,im000399_00-26-04.jpg,inaction/tr_21312312/im000399_00-26-04.jpg,51,122,RGB,0.4180327868852459,6222,small_width
inaction,inaction/tr_21312312,im000400_00-26-04.jpg,inaction/tr_21312312/im000400_00-26-04.jpg,51,122,RGB,0.4180327868852459,6222,small_width
inaction,inaction/tr_21312312,im000401_00-26-04.jpg,inaction/tr_21312312/im000401_00-26-04.jpg,51,122,RGB,0.4180327868852459,6222,small_width
inaction,inaction/tr_21312312,im000402_00-26-04.jpg,inaction/tr_21312312/im000402_00-26-04.jpg,51,123,RGB,0.4146341463414634,6273,small_width
inaction,inaction/tr_21312312,im000403_00-26-04.jpg,inaction/tr_21312312/im000403_00-26-04.jpg,52,122,RGB,0.4262295081967213,6344,small_width
inaction,inaction/tr_21312312,im000404_00-26-04.jpg,inaction/tr_21312312/im000404_00-26-04.jpg,52,123,RGB,0.42276422764227645,6396,small_width
inaction,inaction/tr_21312312,im000405_00-26-04.jpg,inaction/tr_21312312/im000405_00-26-04.jpg,52,123,RGB,0.42276422764227645,6396,small_width
inaction,inaction/tr_21312312,im000406_00-26-04.jpg,inaction/tr_21312312/im000406_00-26-04.jpg,52,123,RGB,0.42276422764227645,6396,small_width
inaction,inaction/tr_21312312,im000407_00-26-05.jpg,inaction/tr_21312312/im000407_00-26-05.jpg,52,123,RGB,0.42276422764227645,6396,small_width
inaction,inaction/tr_21312312,im000408_00-26-05.jpg,inaction/tr_21312312/im000408_00-26-05.jpg,52,123,RGB,0.42276422764227645,6396,small_width
inaction,inaction/tr_21312312,im000409_00-26-05.jpg,inaction/tr_21312312/im000409_00-26-05.jpg,52,123,RGB,0.42276422764227645,6396,small_width
inaction,inaction/tr_21312312,im000410_00-26-05.jpg,inaction/tr_21312312/im000410_00-26-05.jpg,52,123,RGB,0.42276422764227645,6396,small_width
inaction,inaction/tr_21312312,im000411_00-26-05.jpg,inaction/tr_21312312/im000411_00-26-05.jpg,51,123,RGB,0.4146341463414634,6273,small_width
inaction,inaction/tr_21312312,im000412_00-26-05.jpg,inaction/tr_21312312/im000412_00-26-05.jpg,51,122,RGB,0.4180327868852459,6222,small_width
inaction,inaction/tr_21312312,im000413_00-26-05.jpg,inaction/tr_21312312/im000413_00-26-05.jpg,51,123,RGB,0.4146341463414634,6273,small_width
inaction,inaction/tr_21312312,im000414_00-26-05.jpg,inaction/tr_21312312/im000414_00-26-05.jpg,51,122,RGB,0.4180327868852459,6222,small_width
inaction,inaction/tr_21312312,im000415_00-26-05.jpg,inaction/tr_21312312/im000415_00-26-05.jpg,52,122,RGB,0.4262295081967213,6344,small_width
inaction,inaction/tr_21312312,im000416_00-26-05.jpg,inaction/tr_21312312/im000416_00-26-05.jpg,53,122,RGB,0.4344262295081967,6466,small_width
inaction,inaction/tr_21312312,im000417_00-26-05.jpg,inaction/tr_21312312/im000417_00-26-05.jpg,53,122,RGB,0.4344262295081967,6466,small_width
inaction,inaction/tr_21312312,im000418_00-26-05.jpg,inaction/tr_21312312/im000418_00-26-05.jpg,53,122,RGB,0.4344262295081967,6466,small_width
inaction,inaction/tr_21312312,im000419_00-26-06.jpg,inaction/tr_21312312/im000419_00-26-06.jpg,54,121,RGB,0.4462809917355372,6534,small_width
inaction,inaction/tr_21312312,im000420_00-26-06.jpg,inaction/tr_21312312/im000420_00-26-06.jpg,52,121,RGB,0.4297520661157025,6292,small_width
inaction,inaction/tr_21312312,im000421_00-26-06.jpg,inaction/tr_21312312/im000421_00-26-06.jpg,52,121,RGB,0.4297520661157025,6292,small_width
inaction,inaction/tr_21312312,im000422_00-26-06.jpg,inaction/tr_21312312/im000422_00-26-06.jpg,52,121,RGB,0.4297520661157025,6292,small_width
inaction,inaction/tr_21312312,im000423_00-26-06.jpg,inaction/tr_21312312/im000423_00-26-06.jpg,52,122,RGB,0.4262295081967213,6344,small_width
inaction,inaction/tr_21312312,im000424_00-26-06.jpg,inaction/tr_21312312/im000424_00-26-06.jpg,52,123,RGB,0.42276422764227645,6396,small_width
inaction,inaction/tr_21312312,im000425_00-26-06.jpg,inaction/tr_21312312/im000425_00-26-06.jpg,52,123,RGB,0.42276422764227645,6396,small_width
inaction,inaction/tr_21312312,im000426_00-26-06.jpg,inaction/tr_21312312/im000426_00-26-06.jpg,52,123,RGB,0.42276422764227645,6396,small_width
inaction,inaction/tr_21312312,im000427_00-26-06.jpg,inaction/tr_21312312/im000427_00-26-06.jpg,53,123,RGB,0.43089430894308944,6519,small_width
inaction,inaction/tr_21312312,im000428_00-26-06.jpg,inaction/tr_21312312/im000428_00-26-06.jpg,53,122,RGB,0.4344262295081967,6466,small_width
inaction,inaction/tr_21312312,im000429_00-26-06.jpg,inaction/tr_21312312/im000429_00-26-06.jpg,52,122,RGB,0.4262295081967213,6344,small_width
inaction,inaction/tr_21312312,im000430_00-26-06.jpg,inaction/tr_21312312/im000430_00-26-06.jpg,53,122,RGB,0.4344262295081967,6466,small_width
inaction,inaction/tr_21312312,im000431_00-26-07.jpg,inaction/tr_21312312/im000431_00-26-07.jpg,52,121,RGB,0.4297520661157025,6292,small_width
inaction,inaction/tr_21312312,im000432_00-26-07.jpg,inaction/tr_21312312/im000432_00-26-07.jpg,52,122,RGB,0.4262295081967213,6344,small_width
inaction,inaction/tr_21312312,im000433_00-26-07.jpg,inaction/tr_21312312/im000433_00-26-07.jpg,52,122,RGB,0.4262295081967213,6344,small_width
inaction,inaction/tr_21312312,im000434_00-26-07.jpg,inaction/tr_21312312/im000434_00-26-07.jpg,52,122,RGB,0.4262295081967213,6344,small_width
inaction,inaction/tr_21312312,im000435_00-26-07.jpg,inaction/tr_21312312/im000435_00-26-07.jpg,52,121,RGB,0.4297520661157025,6292,small_width
inaction,inaction/tr_21312312,im000436_00-26-07.jpg,inaction/tr_21312312/im000436_00-26-07.jpg,52,121,RGB,0.4297520661157025,6292,small_width
inaction,inaction/tr_21312312,im000437_00-26-07.jpg,inaction/tr_21312312/im000437_00-26-07.jpg,51,121,RGB,0.4214876033057851,6171,small_width
inaction,inaction/tr_21312312,im000438_00-26-07.jpg,inaction/tr_21312312/im000438_00-26-07.jpg,51,122,RGB,0.4180327868852459,6222,small_width
inaction,inaction/tr_21312312,im000439_00-26-07.jpg,inaction/tr_21312312/im000439_00-26-07.jpg,52,123,RGB,0.42276422764227645,6396,small_width
inaction,inaction/tr_21312312,im000440_00-26-07.jpg,inaction/tr_21312312/im000440_00-26-07.jpg,52,123,RGB,0.42276422764227645,6396,small_width
inaction,inaction/tr_21312312,im000441_00-26-07.jpg,inaction/tr_21312312/im000441_00-26-07.jpg,52,123,RGB,0.42276422764227645,6396,small_width
inaction,inaction/tr_21312312,im000442_00-26-07.jpg,inaction/tr_21312312/im000442_00-26-07.jpg,52,125,RGB,0.416,6500,small_width
inaction,inaction/tr_21312312,im000443_00-26-08.jpg,inaction/tr_21312312/im000443_00-26-08.jpg,52,124,RGB,0.41935483870967744,6448,small_width
inaction,inaction/tr_21312312,im000444_00-26-08.jpg,inaction/tr_21312312/im000444_00-26-08.jpg,52,124,RGB,0.41935483870967744,6448,small_width
inaction,inaction/tr_21312312,im000445_00-26-08.jpg,inaction/tr_21312312/im000445_00-26-08.jpg,52,124,RGB,0.41935483870967744,6448,small_width
inaction,inaction/tr_21312312,im000446_00-26-08.jpg,inaction/tr_21312312/im000446_00-26-08.jpg,52,124,RGB,0.41935483870967744,6448,small_width
inaction,inaction/tr_21312312,im000447_00-26-08.jpg,inaction/tr_21312312/im000447_00-26-08.jpg,52,123,RGB,0.42276422764227645,6396,small_width
inaction,inaction/tr_21312312,im000448_00-26-08.jpg,inaction/tr_21312312/im000448_00-26-08.jpg,52,124,RGB,0.41935483870967744,6448,small_width
inaction,inaction/tr_21312312,im000449_00-26-08.jpg,inaction/tr_21312312/im000449_00-26-08.jpg,52,124,RGB,0.41935483870967744,6448,small_width
inaction,inaction/tr_21312312,im000450_00-26-08.jpg,inaction/tr_21312312/im000450_00-26-08.jpg,52,124,RGB,0.41935483870967744,6448,small_width
inaction,inaction/tr_21312312,im000451_00-26-08.jpg,inaction/tr_21312312/im000451_00-26-08.jpg,52,123,RGB,0.42276422764227645,6396,small_width
inaction,inaction/tr_21312312,im000452_00-26-08.jpg,inaction/tr_21312312/im000452_00-26-08.jpg,52,123,RGB,0.42276422764227645,6396,small_width
inaction,inaction/tr_21312312,im000453_00-26-08.jpg,inaction/tr_21312312/im000453_00-26-08.jpg,52,123,RGB,0.42276422764227645,6396,small_width
inaction,inaction/tr_21312312,im000454_00-26-08.jpg,inaction/tr_21312312/im000454_00-26-08.jpg,52,123,RGB,0.42276422764227645,6396,small_width
inaction,inaction/tr_21312312,im000455_00-26-09.jpg,inaction/tr_21312312/im000455_00-26-09.jpg,52,124,RGB,0.41935483870967744,6448,small_width
inaction,inaction/tr_21312312,im000456_00-26-09.jpg,inaction/tr_21312312/im000456_00-26-09.jpg,52,124,RGB,0.41935483870967744,6448,small_width
inaction,inaction/tr_21312312,im000457_00-26-09.jpg,inaction/tr_21312312/im000457_00-26-09.jpg,52,124,RGB,0.41935483870967744,6448,small_width
inaction,inaction/tr_21312312,im000458_00-26-09.jpg,inaction/tr_21312312/im000458_00-26-09.jpg,53,125,RGB,0.424,6625,small_width
inaction,inaction/tr_21312312,im000459_00-26-09.jpg,inaction/tr_21312312/im000459_00-26-09.jpg,54,123,RGB,0.43902439024390244,6642,small_width
inaction,inaction/tr_21312312,im000460_00-26-09.jpg,inaction/tr_21312312/im000460_00-26-09.jpg,54,121,RGB,0.4462809917355372,6534,small_width
inaction,inaction/tr_21312312,im000461_00-26-09.jpg,inaction/tr_21312312/im000461_00-26-09.jpg,55,120,RGB,0.4583333333333333,6600,small_width
inaction,inaction/tr_21312312,im000462_00-26-09.jpg,inaction/tr_21312312/im000462_00-26-09.jpg,59,117,RGB,0.5042735042735043,6903,small_width
inaction,inaction/tr_21312312,im000463_00-26-09.jpg,inaction/tr_21312312/im000463_00-26-09.jpg,59,115,RGB,0.5130434782608696,6785,small_width
inaction,inaction/tr_21312312,im000464_00-26-09.jpg,inaction/tr_21312312/im000464_00-26-09.jpg,55,115,RGB,0.4782608695652174,6325,small_width
inaction,inaction/tr_21312312,im000465_00-26-09.jpg,inaction/tr_21312312/im000465_00-26-09.jpg,51,116,RGB,0.4396551724137931,5916,small_width
inaction,inaction/tr_21312312,im000466_00-26-09.jpg,inaction/tr_21312312/im000466_00-26-09.jpg,50,119,RGB,0.42016806722689076,5950,small_width
inaction,inaction/tr_21312312,im000467_00-26-10.jpg,inaction/tr_21312312/im000467_00-26-10.jpg,46,119,RGB,0.3865546218487395,5474,small_width
inaction,inaction/tr_21312312,im000468_00-26-10.jpg,inaction/tr_21312312/im000468_00-26-10.jpg,46,118,RGB,0.3898305084745763,5428,small_width
inaction,inaction/tr_21312312,im000469_00-26-10.jpg,inaction/tr_21312312/im000469_00-26-10.jpg,46,118,RGB,0.3898305084745763,5428,small_width
inaction,inaction/tr_21312312,im000470_00-26-10.jpg,inaction/tr_21312312/im000470_00-26-10.jpg,46,119,RGB,0.3865546218487395,5474,small_width
inaction,inaction/tr_21312312,im000471_00-26-10.jpg,inaction/tr_21312312/im000471_00-26-10.jpg,49,117,RGB,0.4188034188034188,5733,small_width
inaction,inaction/tr_21312312,im000472_00-26-10.jpg,inaction/tr_21312312/im000472_00-26-10.jpg,48,118,RGB,0.4067796610169492,5664,small_width
inaction,inaction/tr_21312312,im000473_00-26-10.jpg,inaction/tr_21312312/im000473_00-26-10.jpg,52,117,RGB,0.4444444444444444,6084,small_width
inaction,inaction/tr_21312312,im000474_00-26-10.jpg,inaction/tr_21312312/im000474_00-26-10.jpg,52,114,RGB,0.45614035087719296,5928,small_width
inaction,inaction/tr_21312312,im000475_00-26-10.jpg,inaction/tr_21312312/im000475_00-26-10.jpg,53,114,RGB,0.4649122807017544,6042,small_width
inaction,inaction/tr_21312312,im000476_00-26-10.jpg,inaction/tr_21312312/im000476_00-26-10.jpg,52,115,RGB,0.45217391304347826,5980,small_width
inaction,inaction/tr_21312312,im000477_00-26-10.jpg,inaction/tr_21312312/im000477_00-26-10.jpg,50,115,RGB,0.43478260869565216,5750,small_width
inaction,inaction/tr_21312312,im000478_00-26-10.jpg,inaction/tr_21312312/im000478_00-26-10.jpg,50,115,RGB,0.43478260869565216,5750,small_width
inaction,inaction/tr_21312312,im000479_00-26-11.jpg,inaction/tr_21312312/im000479_00-26-11.jpg,49,116,RGB,0.4224137931034483,5684,small_width
inaction,inaction/tr_21312312,im000480_00-26-11.jpg,inaction/tr_21312312/im000480_00-26-11.jpg,49,116,RGB,0.4224137931034483,5684,small_width
inaction,inaction/tr_21312312,im000481_00-26-11.jpg,inaction/tr_21312312/im000481_00-26-11.jpg,49,116,RGB,0.4224137931034483,5684,small_width
inaction,inaction/tr_21312312,im000482_00-26-11.jpg,inaction/tr_21312312/im000482_00-26-11.jpg,49,116,RGB,0.4224137931034483,5684,small_width
inaction,inaction/tr_21312312,im000483_00-26-11.jpg,inaction/tr_21312312/im000483_00-26-11.jpg,49,115,RGB,0.4260869565217391,5635,small_width
inaction,inaction/tr_21312312,im000484_00-26-11.jpg,inaction/tr_21312312/im000484_00-26-11.jpg,49,115,RGB,0.4260869565217391,5635,small_width
inaction,inaction/tr_21312312,im000485_00-26-11.jpg,inaction/tr_21312312/im000485_00-26-11.jpg,49,115,RGB,0.4260869565217391,5635,small_width
inaction,inaction/tr_21312312,im000486_00-26-11.jpg,inaction/tr_21312312/im000486_00-26-11.jpg,49,115,RGB,0.4260869565217391,5635,small_width
inaction,inaction/tr_21312312,im000487_00-26-11.jpg,inaction/tr_21312312/im000487_00-26-11.jpg,49,114,RGB,0.4298245614035088,5586,small_width
inaction,inaction/tr_21312312,im000488_00-26-11.jpg,inaction/tr_21312312/im000488_00-26-11.jpg,49,114,RGB,0.4298245614035088,5586,small_width
inaction,inaction/tr_21312312,im000489_00-26-11.jpg,inaction/tr_21312312/im000489_00-26-11.jpg,49,114,RGB,0.4298245614035088,5586,small_width
inaction,inaction/tr_21312312,im000490_00-26-11.jpg,inaction/tr_21312312/im000490_00-26-11.jpg,49,114,RGB,0.4298245614035088,5586,small_width
inaction,inaction/tr_21312312,im000491_00-26-12.jpg,inaction/tr_21312312/im000491_00-26-12.jpg,48,116,RGB,0.41379310344827586,5568,small_width
inaction,inaction/tr_21312312,im000492_00-26-12.jpg,inaction/tr_21312312/im000492_00-26-12.jpg,48,116,RGB,0.41379310344827586,5568,small_width
inaction,inaction/tr_21312312,im000493_00-26-12.jpg,inaction/tr_21312312/im000493_00-26-12.jpg,49,116,RGB,0.4224137931034483,5684,small_width
inaction,inaction/tr_21312312,im000494_00-26-12.jpg,inaction/tr_21312312/im000494_00-26-12.jpg,48,116,RGB,0.41379310344827586,5568,small_width
inaction,inaction/tr_21312312,im000495_00-26-12.jpg,inaction/tr_21312312/im000495_00-26-12.jpg,50,115,RGB,0.43478260869565216,5750,small_width
inaction,inaction/tr_21312312,im000496_00-26-12.jpg,inaction/tr_21312312/im000496_00-26-12.jpg,50,115,RGB,0.43478260869565216,5750,small_width
inaction,inaction/tr_21312312,im000497_00-26-12.jpg,inaction/tr_21312312/im000497_00-26-12.jpg,50,115,RGB,0.43478260869565216,5750,small_width
inaction,inaction/tr_21312312,im000498_00-26-12.jpg,inaction/tr_21312312/im000498_00-26-12.jpg,50,115,RGB,0.43478260869565216,5750,small_width
inaction,inaction/tr_21312312,im000499_00-26-12.jpg,inaction/tr_21312312/im000499_00-26-12.jpg,48,115,RGB,0.41739130434782606,5520,small_width
inaction,inaction/tr_21312312,im000500_00-26-12.jpg,inaction/tr_21312312/im000500_00-26-12.jpg,49,115,RGB,0.4260869565217391,5635,small_width
inaction,inaction/tr_21312312,im000501_00-26-12.jpg,inaction/tr_21312312/im000501_00-26-12.jpg,48,116,RGB,0.41379310344827586,5568,small_width
inaction,inaction/tr_21312312,im000502_00-26-12.jpg,inaction/tr_21312312/im000502_00-26-12.jpg,48,116,RGB,0.41379310344827586,5568,small_width
inaction,inaction/tr_21312312,im000503_00-26-13.jpg,inaction/tr_21312312/im000503_00-26-13.jpg,49,116,RGB,0.4224137931034483,5684,small_width
inaction,inaction/tr_21312312,im000504_00-26-13.jpg,inaction/tr_21312312/im000504_00-26-13.jpg,49,117,RGB,0.4188034188034188,5733,small_width
inaction,inaction/tr_21312312,im000505_00-26-13.jpg,inaction/tr_21312312/im000505_00-26-13.jpg,50,117,RGB,0.42735042735042733,5850,small_width
inaction,inaction/tr_21312312,im000506_00-26-13.jpg,inaction/tr_21312312/im000506_00-26-13.jpg,49,116,RGB,0.4224137931034483,5684,small_width
inaction,inaction/tr_21312312,im000507_00-26-13.jpg,inaction/tr_21312312/im000507_00-26-13.jpg,49,117,RGB,0.4188034188034188,5733,small_width
inaction,inaction/tr_21312312,im000508_00-26-13.jpg,inaction/tr_21312312/im000508_00-26-13.jpg,50,117,RGB,0.42735042735042733,5850,small_width
inaction,inaction/tr_21312312,im000509_00-26-13.jpg,inaction/tr_21312312/im000509_00-26-13.jpg,50,117,RGB,0.42735042735042733,5850,small_width
inaction,inaction/tr_21312312,im000510_00-26-13.jpg,inaction/tr_21312312/im000510_00-26-13.jpg,51,117,RGB,0.4358974358974359,5967,small_width
inaction,inaction/tr_21312312,im000511_00-26-13.jpg,inaction/tr_21312312/im000511_00-26-13.jpg,52,116,RGB,0.4482758620689655,6032,small_width
inaction,inaction/tr_21312312,im000512_00-26-13.jpg,inaction/tr_21312312/im000512_00-26-13.jpg,51,116,RGB,0.4396551724137931,5916,small_width
inaction,inaction/tr_21312312,im000513_00-26-13.jpg,inaction/tr_21312312/im000513_00-26-13.jpg,52,117,RGB,0.4444444444444444,6084,small_width
inaction,inaction/tr_21312312,im000514_00-26-13.jpg,inaction/tr_21312312/im000514_00-26-13.jpg,54,116,RGB,0.46551724137931033,6264,small_width
inaction,inaction/tr_21312312,im000515_00-26-14.jpg,inaction/tr_21312312/im000515_00-26-14.jpg,52,115,RGB,0.45217391304347826,5980,small_width
inaction,inaction/tr_21312312,im000516_00-26-14.jpg,inaction/tr_21312312/im000516_00-26-14.jpg,54,115,RGB,0.46956521739130436,6210,small_width
inaction,inaction/tr_21312312,im000517_00-26-14.jpg,inaction/tr_21312312/im000517_00-26-14.jpg,55,115,RGB,0.4782608695652174,6325,small_width
inaction,inaction/tr_21312312,im000518_00-26-14.jpg,inaction/tr_21312312/im000518_00-26-14.jpg,57,115,RGB,0.4956521739130435,6555,small_width
inaction,inaction/tr_21312312,im000519_00-26-14.jpg,inaction/tr_21312312/im000519_00-26-14.jpg,56,114,RGB,0.49122807017543857,6384,small_width
inaction,inaction/tr_21312312,im000520_00-26-14.jpg,inaction/tr_21312312/im000520_00-26-14.jpg,57,114,RGB,0.5,6498,small_width
inaction,inaction/tr_9991,im000001_00-28-57.jpg,inaction/tr_9991/im000001_00-28-57.jpg,51,83,RGB,0.6144578313253012,4233,small_width
inaction,inaction/tr_9991,im000002_00-28-57.jpg,inaction/tr_9991/im000002_00-28-57.jpg,52,81,RGB,0.6419753086419753,4212,small_width
inaction,inaction/tr_9991,im000003_00-28-57.jpg,inaction/tr_9991/im000003_00-28-57.jpg,53,82,RGB,0.6463414634146342,4346,small_width
inaction,inaction/tr_9991,im000004_00-28-57.jpg,inaction/tr_9991/im000004_00-28-57.jpg,55,79,RGB,0.6962025316455697,4345,small_width
inaction,inaction/tr_9991,im000005_00-28-57.jpg,inaction/tr_9991/im000005_00-28-57.jpg,55,78,RGB,0.7051282051282052,4290,small_width
inaction,inaction/tr_9991,im000006_00-28-57.jpg,inaction/tr_9991/im000006_00-28-57.jpg,54,80,RGB,0.675,4320,small_width
inaction,inaction/tr_9991,im000007_00-28-58.jpg,inaction/tr_9991/im000007_00-28-58.jpg,54,83,RGB,0.6506024096385542,4482,small_width
inaction,inaction/tr_9991,im000008_00-28-58.jpg,inaction/tr_9991/im000008_00-28-58.jpg,54,85,RGB,0.6352941176470588,4590,small_width
inaction,inaction/tr_9991,im000009_00-28-58.jpg,inaction/tr_9991/im000009_00-28-58.jpg,54,86,RGB,0.627906976744186,4644,small_width
inaction,inaction/tr_9991,im000010_00-28-58.jpg,inaction/tr_9991/im000010_00-28-58.jpg,55,86,RGB,0.6395348837209303,4730,small_width
inaction,inaction/tr_9991,im000011_00-28-58.jpg,inaction/tr_9991/im000011_00-28-58.jpg,57,84,RGB,0.6785714285714286,4788,small_width
inaction,inaction/tr_9991,im000012_00-28-58.jpg,inaction/tr_9991/im000012_00-28-58.jpg,57,84,RGB,0.6785714285714286,4788,small_width
inaction,inaction/tr_9991,im000013_00-28-58.jpg,inaction/tr_9991/im000013_00-28-58.jpg,57,83,RGB,0.6867469879518072,4731,small_width
inaction,inaction/tr_9991,im000014_00-28-58.jpg,inaction/tr_9991/im000014_00-28-58.jpg,57,84,RGB,0.6785714285714286,4788,small_width
inaction,inaction/tr_9991,im000015_00-28-58.jpg,inaction/tr_9991/im000015_00-28-58.jpg,56,83,RGB,0.6746987951807228,4648,small_width
inaction,inaction/tr_9991,im000016_00-28-58.jpg,inaction/tr_9991/im000016_00-28-58.jpg,56,83,RGB,0.6746987951807228,4648,small_width
inaction,inaction/tr_9991,im000017_00-28-58.jpg,inaction/tr_9991/im000017_00-28-58.jpg,56,83,RGB,0.6746987951807228,4648,small_width
inaction,inaction/tr_9991,im000018_00-28-58.jpg,inaction/tr_9991/im000018_00-28-58.jpg,56,83,RGB,0.6746987951807228,4648,small_width
inaction,inaction/tr_9991,im000019_00-28-59.jpg,inaction/tr_9991/im000019_00-28-59.jpg,57,82,RGB,0.6951219512195121,4674,small_width
inaction,inaction/tr_9991,im000020_00-28-59.jpg,inaction/tr_9991/im000020_00-28-59.jpg,57,83,RGB,0.6867469879518072,4731,small_width
inaction,inaction/tr_9991,im000021_00-28-59.jpg,inaction/tr_9991/im000021_00-28-59.jpg,57,83,RGB,0.6867469879518072,4731,small_width
inaction,inaction/tr_9991,im000022_00-28-59.jpg,inaction/tr_9991/im000022_00-28-59.jpg,57,83,RGB,0.6867469879518072,4731,small_width
inaction,inaction/tr_9991,im000023_00-28-59.jpg,inaction/tr_9991/im000023_00-28-59.jpg,57,83,RGB,0.6867469879518072,4731,small_width
inaction,inaction/tr_9991,im000024_00-28-59.jpg,inaction/tr_9991/im000024_00-28-59.jpg,57,83,RGB,0.6867469879518072,4731,small_width
inaction,inaction/tr_9991,im000025_00-28-59.jpg,inaction/tr_9991/im000025_00-28-59.jpg,57,83,RGB,0.6867469879518072,4731,small_width
inaction,inaction/tr_9991,im000026_00-28-59.jpg,inaction/tr_9991/im000026_00-28-59.jpg,57,83,RGB,0.6867469879518072,4731,small_width
inaction,inaction/tr_9991,im000027_00-28-59.jpg,inaction/tr_9991/im000027_00-28-59.jpg,58,82,RGB,0.7073170731707317,4756,small_width
inaction,inaction/tr_9991,im000028_00-28-59.jpg,inaction/tr_9991/im000028_00-28-59.jpg,56,83,RGB,0.6746987951807228,4648,small_width
inaction,inaction/tr_9991,im000029_00-28-59.jpg,inaction/tr_9991/im000029_00-28-59.jpg,56,83,RGB,0.6746987951807228,4648,small_width
inaction,inaction/tr_9991,im000030_00-28-59.jpg,inaction/tr_9991/im000030_00-28-59.jpg,56,83,RGB,0.6746987951807228,4648,small_width
inaction,inaction/tr_9991,im000031_00-29-00.jpg,inaction/tr_9991/im000031_00-29-00.jpg,56,82,RGB,0.6829268292682927,4592,small_width
inaction,inaction/tr_9991,im000032_00-29-00.jpg,inaction/tr_9991/im000032_00-29-00.jpg,56,82,RGB,0.6829268292682927,4592,small_width
inaction,inaction/tr_9991,im000033_00-29-00.jpg,inaction/tr_9991/im000033_00-29-00.jpg,56,83,RGB,0.6746987951807228,4648,small_width
inaction,inaction/tr_9991,im000034_00-29-00.jpg,inaction/tr_9991/im000034_00-29-00.jpg,56,83,RGB,0.6746987951807228,4648,small_width
inaction,inaction/tr_9991,im000035_00-29-00.jpg,inaction/tr_9991/im000035_00-29-00.jpg,56,83,RGB,0.6746987951807228,4648,small_width
inaction,inaction/tr_9991,im000036_00-29-00.jpg,inaction/tr_9991/im000036_00-29-00.jpg,56,83,RGB,0.6746987951807228,4648,small_width
inaction,inaction/tr_9991,im000037_00-29-00.jpg,inaction/tr_9991/im000037_00-29-00.jpg,56,83,RGB,0.6746987951807228,4648,small_width
inaction,inaction/tr_9991,im000038_00-29-00.jpg,inaction/tr_9991/im000038_00-29-00.jpg,56,83,RGB,0.6746987951807228,4648,small_width
inaction,inaction/tr_9991,im000039_00-29-00.jpg,inaction/tr_9991/im000039_00-29-00.jpg,56,83,RGB,0.6746987951807228,4648,small_width
inaction,inaction/tr_9991,im000040_00-29-00.jpg,inaction/tr_9991/im000040_00-29-00.jpg,57,83,RGB,0.6867469879518072,4731,small_width
inaction,inaction/tr_9991,im000041_00-29-00.jpg,inaction/tr_9991/im000041_00-29-00.jpg,57,83,RGB,0.6867469879518072,4731,small_width
inaction,inaction/tr_9991,im000042_00-29-00.jpg,inaction/tr_9991/im000042_00-29-00.jpg,57,83,RGB,0.6867469879518072,4731,small_width
inaction,inaction/tr_9991,im000043_00-29-01.jpg,inaction/tr_9991/im000043_00-29-01.jpg,57,83,RGB,0.6867469879518072,4731,small_width
inaction,inaction/tr_9991,im000044_00-29-01.jpg,inaction/tr_9991/im000044_00-29-01.jpg,56,83,RGB,0.6746987951807228,4648,small_width
inaction,inaction/tr_9991,im000045_00-29-01.jpg,inaction/tr_9991/im000045_00-29-01.jpg,56,83,RGB,0.6746987951807228,4648,small_width
inaction,inaction/tr_9991,im000046_00-29-01.jpg,inaction/tr_9991/im000046_00-29-01.jpg,56,83,RGB,0.6746987951807228,4648,small_width
inaction,inaction/tr_9991,im000047_00-29-01.jpg,inaction/tr_9991/im000047_00-29-01.jpg,56,82,RGB,0.6829268292682927,4592,small_width
inaction,inaction/tr_9991,im000048_00-29-01.jpg,inaction/tr_9991/im000048_00-29-01.jpg,56,82,RGB,0.6829268292682927,4592,small_width
inaction,inaction/tr_9991,im000049_00-29-01.jpg,inaction/tr_9991/im000049_00-29-01.jpg,56,82,RGB,0.6829268292682927,4592,small_width
inaction,inaction/tr_9991,im000050_00-29-01.jpg,inaction/tr_9991/im000050_00-29-01.jpg,56,82,RGB,0.6829268292682927,4592,small_width
inaction,inaction/tr_9991,im000051_00-29-01.jpg,inaction/tr_9991/im000051_00-29-01.jpg,57,82,RGB,0.6951219512195121,4674,small_width
inaction,inaction/tr_9991,im000052_00-29-01.jpg,inaction/tr_9991/im000052_00-29-01.jpg,57,82,RGB,0.6951219512195121,4674,small_width
inaction,inaction/tr_9991,im000053_00-29-01.jpg,inaction/tr_9991/im000053_00-29-01.jpg,57,82,RGB,0.6951219512195121,4674,small_width
inaction,inaction/tr_9991,im000054_00-29-01.jpg,inaction/tr_9991/im000054_00-29-01.jpg,57,83,RGB,0.6867469879518072,4731,small_width
inaction,inaction/tr_9991,im000055_00-29-02.jpg,inaction/tr_9991/im000055_00-29-02.jpg,57,83,RGB,0.6867469879518072,4731,small_width
inaction,inaction/tr_9991,im000056_00-29-02.jpg,inaction/tr_9991/im000056_00-29-02.jpg,57,81,RGB,0.7037037037037037,4617,small_width
inaction,inaction/tr_9991,im000057_00-29-02.jpg,inaction/tr_9991/im000057_00-29-02.jpg,56,82,RGB,0.6829268292682927,4592,small_width
inaction,inaction/tr_9991,im000058_00-29-02.jpg,inaction/tr_9991/im000058_00-29-02.jpg,56,81,RGB,0.691358024691358,4536,small_width
inaction,inaction/tr_9991,im000059_00-29-02.jpg,inaction/tr_9991/im000059_00-29-02.jpg,57,83,RGB,0.6867469879518072,4731,small_width
inaction,inaction/tr_9991,im000060_00-29-02.jpg,inaction/tr_9991/im000060_00-29-02.jpg,57,83,RGB,0.6867469879518072,4731,small_width
inaction,inaction/tr_9991,im000061_00-29-02.jpg,inaction/tr_9991/im000061_00-29-02.jpg,57,83,RGB,0.6867469879518072,4731,small_width
inaction,inaction/tr_9991,im000062_00-29-02.jpg,inaction/tr_9991/im000062_00-29-02.jpg,57,83,RGB,0.6867469879518072,4731,small_width
inaction,inaction/tr_9991,im000063_00-29-02.jpg,inaction/tr_9991/im000063_00-29-02.jpg,57,83,RGB,0.6867469879518072,4731,small_width
inaction,inaction/tr_9991,im000064_00-29-02.jpg,inaction/tr_9991/im000064_00-29-02.jpg,57,83,RGB,0.6867469879518072,4731,small_width
inaction,inaction/tr_9991,im000065_00-29-02.jpg,inaction/tr_9991/im000065_00-29-02.jpg,57,83,RGB,0.6867469879518072,4731,small_width
inaction,inaction/tr_9991,im000066_00-29-02.jpg,inaction/tr_9991/im000066_00-29-02.jpg,57,83,RGB,0.6867469879518072,4731,small_width
inaction,inaction/tr_9991,im000067_00-29-03.jpg,inaction/tr_9991/im000067_00-29-03.jpg,57,82,RGB,0.6951219512195121,4674,small_width
inaction,inaction/tr_9991,im000068_00-29-03.jpg,inaction/tr_9991/im000068_00-29-03.jpg,57,82,RGB,0.6951219512195121,4674,small_width
inaction,inaction/tr_9991,im000069_00-29-03.jpg,inaction/tr_9991/im000069_00-29-03.jpg,57,82,RGB,0.6951219512195121,4674,small_width
inaction,inaction/tr_9991,im000070_00-29-03.jpg,inaction/tr_9991/im000070_00-29-03.jpg,57,81,RGB,0.7037037037037037,4617,small_width
inaction,inaction/tr_9991,im000071_00-29-03.jpg,inaction/tr_9991/im000071_00-29-03.jpg,56,82,RGB,0.6829268292682927,4592,small_width
inaction,inaction/tr_9991,im000072_00-29-03.jpg,inaction/tr_9991/im000072_00-29-03.jpg,56,82,RGB,0.6829268292682927,4592,small_width
inaction,inaction/tr_9991,im000073_00-29-03.jpg,inaction/tr_9991/im000073_00-29-03.jpg,56,82,RGB,0.6829268292682927,4592,small_width
inaction,inaction/tr_9991,im000074_00-29-03.jpg,inaction/tr_9991/im000074_00-29-03.jpg,56,82,RGB,0.6829268292682927,4592,small_width
inaction,inaction/tr_9991,im000075_00-29-03.jpg,inaction/tr_9991/im000075_00-29-03.jpg,56,81,RGB,0.691358024691358,4536,small_width
inaction,inaction/tr_9991,im000076_00-29-03.jpg,inaction/tr_9991/im000076_00-29-03.jpg,55,82,RGB,0.6707317073170732,4510,small_width
inaction,inaction/tr_9991,im000077_00-29-03.jpg,inaction/tr_9991/im000077_00-29-03.jpg,56,81,RGB,0.691358024691358,4536,small_width
inaction,inaction/tr_9991,im000078_00-29-03.jpg,inaction/tr_9991/im000078_00-29-03.jpg,56,81,RGB,0.691358024691358,4536,small_width
inaction,inaction/tr_9991,im000079_00-29-04.jpg,inaction/tr_9991/im000079_00-29-04.jpg,57,82,RGB,0.6951219512195121,4674,small_width
inaction,inaction/tr_9991,im000080_00-29-04.jpg,inaction/tr_9991/im000080_00-29-04.jpg,57,82,RGB,0.6951219512195121,4674,small_width
inaction,inaction/tr_9991,im000081_00-29-04.jpg,inaction/tr_9991/im000081_00-29-04.jpg,57,82,RGB,0.6951219512195121,4674,small_width
inaction,inaction/tr_9991,im000082_00-29-04.jpg,inaction/tr_9991/im000082_00-29-04.jpg,57,82,RGB,0.6951219512195121,4674,small_width
inaction,inaction/tr_9991,im000083_00-29-04.jpg,inaction/tr_9991/im000083_00-29-04.jpg,58,82,RGB,0.7073170731707317,4756,small_width
inaction,inaction/tr_9991,im000084_00-29-04.jpg,inaction/tr_9991/im000084_00-29-04.jpg,57,83,RGB,0.6867469879518072,4731,small_width
inaction,inaction/tr_9991,im000085_00-29-04.jpg,inaction/tr_9991/im000085_00-29-04.jpg,57,84,RGB,0.6785714285714286,4788,small_width
inaction,inaction/tr_9991,im000086_00-29-04.jpg,inaction/tr_9991/im000086_00-29-04.jpg,58,84,RGB,0.6904761904761905,4872,small_width
inaction,inaction/tr_9991,im000087_00-29-04.jpg,inaction/tr_9991/im000087_00-29-04.jpg,58,85,RGB,0.6823529411764706,4930,small_width
inaction,inaction/tr_9991,im000088_00-29-04.jpg,inaction/tr_9991/im000088_00-29-04.jpg,59,85,RGB,0.6941176470588235,5015,small_width
inaction,inaction/tr_9991,im000089_00-29-04.jpg,inaction/tr_9991/im000089_00-29-04.jpg,59,87,RGB,0.6781609195402298,5133,small_width
inaction,inaction/tr_9991,im000090_00-00-21.jpg,inaction/tr_9991/im000090_00-00-21.jpg,45,118,RGB,0.3813559322033898,5310,small_width
inaction,inaction/tr_9991,im000090_00-29-04.jpg,inaction/tr_9991/im000090_00-29-04.jpg,59,87,RGB,0.6781609195402298,5133,small_width
inaction,inaction/tr_9991,im000091_00-00-21.jpg,inaction/tr_9991/im000091_00-00-21.jpg,43,117,RGB,0.36752136752136755,5031,small_width
inaction,inaction/tr_9991,im000091_00-29-05.jpg,inaction/tr_9991/im000091_00-29-05.jpg,61,88,RGB,0.6931818181818182,5368,small_width
inaction,inaction/tr_9991,im000092_00-00-21.jpg,inaction/tr_9991/im000092_00-00-21.jpg,44,117,RGB,0.37606837606837606,5148,small_width
inaction,inaction/tr_9991,im000092_00-29-05.jpg,inaction/tr_9991/im000092_00-29-05.jpg,61,87,RGB,0.7011494252873564,5307,small_width
inaction,inaction/tr_9991,im000093_00-00-21.jpg,inaction/tr_9991/im000093_00-00-21.jpg,43,117,RGB,0.36752136752136755,5031,small_width
inaction,inaction/tr_9991,im000093_00-29-05.jpg,inaction/tr_9991/im000093_00-29-05.jpg,62,88,RGB,0.7045454545454546,5456,small_width
inaction,inaction/tr_9991,im000094_00-00-21.jpg,inaction/tr_9991/im000094_00-00-21.jpg,44,117,RGB,0.37606837606837606,5148,small_width
inaction,inaction/tr_9991,im000094_00-29-05.jpg,inaction/tr_9991/im000094_00-29-05.jpg,62,87,RGB,0.7126436781609196,5394,small_width
inaction,inaction/tr_9991,im000095_00-00-21.jpg,inaction/tr_9991/im000095_00-00-21.jpg,44,117,RGB,0.37606837606837606,5148,small_width
inaction,inaction/tr_9991,im000095_00-29-05.jpg,inaction/tr_9991/im000095_00-29-05.jpg,62,86,RGB,0.7209302325581395,5332,small_width
inaction,inaction/tr_9991,im000096_00-00-21.jpg,inaction/tr_9991/im000096_00-00-21.jpg,44,117,RGB,0.37606837606837606,5148,small_width
inaction,inaction/tr_9991,im000096_00-29-05.jpg,inaction/tr_9991/im000096_00-29-05.jpg,62,86,RGB,0.7209302325581395,5332,small_width
inaction,inaction/tr_9991,im000097_00-00-21.jpg,inaction/tr_9991/im000097_00-00-21.jpg,44,117,RGB,0.37606837606837606,5148,small_width
inaction,inaction/tr_9991,im000097_00-29-05.jpg,inaction/tr_9991/im000097_00-29-05.jpg,62,86,RGB,0.7209302325581395,5332,small_width
inaction,inaction/tr_9991,im000098_00-00-21.jpg,inaction/tr_9991/im000098_00-00-21.jpg,44,118,RGB,0.3728813559322034,5192,small_width
inaction,inaction/tr_9991,im000098_00-29-05.jpg,inaction/tr_9991/im000098_00-29-05.jpg,62,85,RGB,0.7294117647058823,5270,small_width
inaction,inaction/tr_9991,im000099_00-00-22.jpg,inaction/tr_9991/im000099_00-00-22.jpg,45,118,RGB,0.3813559322033898,5310,small_width
inaction,inaction/tr_9991,im000099_00-29-05.jpg,inaction/tr_9991/im000099_00-29-05.jpg,60,85,RGB,0.7058823529411765,5100,small_width
inaction,inaction/tr_9991,im000100_00-00-22.jpg,inaction/tr_9991/im000100_00-00-22.jpg,45,118,RGB,0.3813559322033898,5310,small_width
inaction,inaction/tr_9991,im000100_00-29-05.jpg,inaction/tr_9991/im000100_00-29-05.jpg,60,85,RGB,0.7058823529411765,5100,small_width
inaction,inaction/tr_9991,im000101_00-00-22.jpg,inaction/tr_9991/im000101_00-00-22.jpg,45,118,RGB,0.3813559322033898,5310,small_width
inaction,inaction/tr_9991,im000101_00-29-05.jpg,inaction/tr_9991/im000101_00-29-05.jpg,60,85,RGB,0.7058823529411765,5100,small_width
inaction,inaction/tr_9991,im000102_00-00-22.jpg,inaction/tr_9991/im000102_00-00-22.jpg,45,118,RGB,0.3813559322033898,5310,small_width
inaction,inaction/tr_9991,im000102_00-29-05.jpg,inaction/tr_9991/im000102_00-29-05.jpg,60,85,RGB,0.7058823529411765,5100,small_width
inaction,inaction/tr_9991,im000103_00-00-22.jpg,inaction/tr_9991/im000103_00-00-22.jpg,44,118,RGB,0.3728813559322034,5192,small_width
inaction,inaction/tr_9991,im000103_00-29-06.jpg,inaction/tr_9991/im000103_00-29-06.jpg,61,85,RGB,0.7176470588235294,5185,small_width
inaction,inaction/tr_9991,im000104_00-00-22.jpg,inaction/tr_9991/im000104_00-00-22.jpg,44,118,RGB,0.3728813559322034,5192,small_width
inaction,inaction/tr_9991,im000104_00-29-06.jpg,inaction/tr_9991/im000104_00-29-06.jpg,61,85,RGB,0.7176470588235294,5185,small_width
inaction,inaction/tr_9991,im000105_00-00-22.jpg,inaction/tr_9991/im000105_00-00-22.jpg,44,118,RGB,0.3728813559322034,5192,small_width
inaction,inaction/tr_9991,im000105_00-29-06.jpg,inaction/tr_9991/im000105_00-29-06.jpg,61,85,RGB,0.7176470588235294,5185,small_width
inaction,inaction/tr_9991,im000106_00-00-22.jpg,inaction/tr_9991/im000106_00-00-22.jpg,44,118,RGB,0.3728813559322034,5192,small_width
inaction,inaction/tr_9991,im000106_00-29-06.jpg,inaction/tr_9991/im000106_00-29-06.jpg,61,84,RGB,0.7261904761904762,5124,small_width
inaction,inaction/tr_9991,im000107_00-00-22.jpg,inaction/tr_9991/im000107_00-00-22.jpg,44,118,RGB,0.3728813559322034,5192,small_width
inaction,inaction/tr_9991,im000107_00-29-06.jpg,inaction/tr_9991/im000107_00-29-06.jpg,61,85,RGB,0.7176470588235294,5185,small_width
inaction,inaction/tr_9991,im000108_00-00-22.jpg,inaction/tr_9991/im000108_00-00-22.jpg,44,118,RGB,0.3728813559322034,5192,small_width
inaction,inaction/tr_9991,im000108_00-29-06.jpg,inaction/tr_9991/im000108_00-29-06.jpg,61,85,RGB,0.7176470588235294,5185,small_width
inaction,inaction/tr_9991,im000109_00-00-22.jpg,inaction/tr_9991/im000109_00-00-22.jpg,44,118,RGB,0.3728813559322034,5192,small_width
inaction,inaction/tr_9991,im000109_00-29-06.jpg,inaction/tr_9991/im000109_00-29-06.jpg,60,84,RGB,0.7142857142857143,5040,small_width
inaction,inaction/tr_9991,im000110_00-00-22.jpg,inaction/tr_9991/im000110_00-00-22.jpg,44,118,RGB,0.3728813559322034,5192,small_width
inaction,inaction/tr_9991,im000110_00-29-06.jpg,inaction/tr_9991/im000110_00-29-06.jpg,60,83,RGB,0.7228915662650602,4980,small_width
inaction,inaction/tr_9991,im000111_00-00-23.jpg,inaction/tr_9991/im000111_00-00-23.jpg,44,117,RGB,0.37606837606837606,5148,small_width
inaction,inaction/tr_9991,im000111_00-29-06.jpg,inaction/tr_9991/im000111_00-29-06.jpg,57,83,RGB,0.6867469879518072,4731,small_width
inaction,inaction/tr_9991,im000112_00-00-23.jpg,inaction/tr_9991/im000112_00-00-23.jpg,44,117,RGB,0.37606837606837606,5148,small_width
inaction,inaction/tr_9991,im000112_00-29-06.jpg,inaction/tr_9991/im000112_00-29-06.jpg,57,83,RGB,0.6867469879518072,4731,small_width
inaction,inaction/tr_9991,im000113_00-00-23.jpg,inaction/tr_9991/im000113_00-00-23.jpg,44,117,RGB,0.37606837606837606,5148,small_width
inaction,inaction/tr_9991,im000113_00-29-06.jpg,inaction/tr_9991/im000113_00-29-06.jpg,57,84,RGB,0.6785714285714286,4788,small_width
inaction,inaction/tr_9991,im000114_00-00-23.jpg,inaction/tr_9991/im000114_00-00-23.jpg,44,117,RGB,0.37606837606837606,5148,small_width
inaction,inaction/tr_9991,im000114_00-29-06.jpg,inaction/tr_9991/im000114_00-29-06.jpg,57,84,RGB,0.6785714285714286,4788,small_width
inaction,inaction/tr_9991,im000115_00-00-23.jpg,inaction/tr_9991/im000115_00-00-23.jpg,44,117,RGB,0.37606837606837606,5148,small_width
inaction,inaction/tr_9991,im000115_00-29-07.jpg,inaction/tr_9991/im000115_00-29-07.jpg,57,82,RGB,0.6951219512195121,4674,small_width
inaction,inaction/tr_9991,im000116_00-00-23.jpg,inaction/tr_9991/im000116_00-00-23.jpg,44,117,RGB,0.37606837606837606,5148,small_width
inaction,inaction/tr_9991,im000116_00-29-07.jpg,inaction/tr_9991/im000116_00-29-07.jpg,57,82,RGB,0.6951219512195121,4674,small_width
inaction,inaction/tr_9991,im000117_00-00-23.jpg,inaction/tr_9991/im000117_00-00-23.jpg,44,117,RGB,0.37606837606837606,5148,small_width
inaction,inaction/tr_9991,im000117_00-29-07.jpg,inaction/tr_9991/im000117_00-29-07.jpg,57,82,RGB,0.6951219512195121,4674,small_width
inaction,inaction/tr_9991,im000118_00-00-23.jpg,inaction/tr_9991/im000118_00-00-23.jpg,44,117,RGB,0.37606837606837606,5148,small_width
inaction,inaction/tr_9991,im000118_00-29-07.jpg,inaction/tr_9991/im000118_00-29-07.jpg,57,82,RGB,0.6951219512195121,4674,small_width
inaction,inaction/tr_9991,im000119_00-00-23.jpg,inaction/tr_9991/im000119_00-00-23.jpg,44,115,RGB,0.3826086956521739,5060,small_width
inaction,inaction/tr_9991,im000119_00-29-07.jpg,inaction/tr_9991/im000119_00-29-07.jpg,56,84,RGB,0.6666666666666666,4704,small_width
inaction,inaction/tr_9991,im000120_00-00-23.jpg,inaction/tr_9991/im000120_00-00-23.jpg,44,115,RGB,0.3826086956521739,5060,small_width
inaction,inaction/tr_9991,im000120_00-29-07.jpg,inaction/tr_9991/im000120_00-29-07.jpg,56,84,RGB,0.6666666666666666,4704,small_width
inaction,inaction/tr_9991,im000121_00-00-23.jpg,inaction/tr_9991/im000121_00-00-23.jpg,44,115,RGB,0.3826086956521739,5060,small_width
inaction,inaction/tr_9991,im000121_00-29-07.jpg,inaction/tr_9991/im000121_00-29-07.jpg,57,84,RGB,0.6785714285714286,4788,small_width
inaction,inaction/tr_9991,im000122_00-00-23.jpg,inaction/tr_9991/im000122_00-00-23.jpg,44,115,RGB,0.3826086956521739,5060,small_width
inaction,inaction/tr_9991,im000122_00-29-07.jpg,inaction/tr_9991/im000122_00-29-07.jpg,57,84,RGB,0.6785714285714286,4788,small_width
inaction,inaction/tr_9991,im000123_00-00-24.jpg,inaction/tr_9991/im000123_00-00-24.jpg,44,116,RGB,0.3793103448275862,5104,small_width
inaction,inaction/tr_9991,im000123_00-29-07.jpg,inaction/tr_9991/im000123_00-29-07.jpg,57,82,RGB,0.6951219512195121,4674,small_width
inaction,inaction/tr_9991,im000124_00-00-24.jpg,inaction/tr_9991/im000124_00-00-24.jpg,43,115,RGB,0.3739130434782609,4945,small_width
inaction,inaction/tr_9991,im000124_00-29-07.jpg,inaction/tr_9991/im000124_00-29-07.jpg,57,82,RGB,0.6951219512195121,4674,small_width
inaction,inaction/tr_9991,im000125_00-00-24.jpg,inaction/tr_9991/im000125_00-00-24.jpg,43,115,RGB,0.3739130434782609,4945,small_width
inaction,inaction/tr_9991,im000125_00-29-07.jpg,inaction/tr_9991/im000125_00-29-07.jpg,57,82,RGB,0.6951219512195121,4674,small_width
inaction,inaction/tr_9991,im000126_00-00-24.jpg,inaction/tr_9991/im000126_00-00-24.jpg,43,116,RGB,0.3706896551724138,4988,small_width
inaction,inaction/tr_9991,im000126_00-29-07.jpg,inaction/tr_9991/im000126_00-29-07.jpg,57,82,RGB,0.6951219512195121,4674,small_width
inaction,inaction/tr_9991,im000127_00-00-24.jpg,inaction/tr_9991/im000127_00-00-24.jpg,42,117,RGB,0.358974358974359,4914,small_width
inaction,inaction/tr_9991,im000127_00-29-08.jpg,inaction/tr_9991/im000127_00-29-08.jpg,56,82,RGB,0.6829268292682927,4592,small_width
inaction,inaction/tr_9991,im000128_00-00-24.jpg,inaction/tr_9991/im000128_00-00-24.jpg,42,118,RGB,0.3559322033898305,4956,small_width
inaction,inaction/tr_9991,im000128_00-29-08.jpg,inaction/tr_9991/im000128_00-29-08.jpg,56,82,RGB,0.6829268292682927,4592,small_width
inaction,inaction/tr_9991,im000129_00-00-24.jpg,inaction/tr_9991/im000129_00-00-24.jpg,42,119,RGB,0.35294117647058826,4998,small_width
inaction,inaction/tr_9991,im000129_00-29-08.jpg,inaction/tr_9991/im000129_00-29-08.jpg,57,82,RGB,0.6951219512195121,4674,small_width
inaction,inaction/tr_9991,im000130_00-00-24.jpg,inaction/tr_9991/im000130_00-00-24.jpg,42,119,RGB,0.35294117647058826,4998,small_width
inaction,inaction/tr_9991,im000130_00-29-08.jpg,inaction/tr_9991/im000130_00-29-08.jpg,57,82,RGB,0.6951219512195121,4674,small_width
inaction,inaction/tr_9991,im000131_00-00-24.jpg,inaction/tr_9991/im000131_00-00-24.jpg,42,118,RGB,0.3559322033898305,4956,small_width
inaction,inaction/tr_9991,im000131_00-29-08.jpg,inaction/tr_9991/im000131_00-29-08.jpg,55,82,RGB,0.6707317073170732,4510,small_width
inaction,inaction/tr_9991,im000132_00-00-24.jpg,inaction/tr_9991/im000132_00-00-24.jpg,42,118,RGB,0.3559322033898305,4956,small_width
inaction,inaction/tr_9991,im000132_00-29-08.jpg,inaction/tr_9991/im000132_00-29-08.jpg,56,82,RGB,0.6829268292682927,4592,small_width
inaction,inaction/tr_9991,im000133_00-00-24.jpg,inaction/tr_9991/im000133_00-00-24.jpg,43,118,RGB,0.3644067796610169,5074,small_width
inaction,inaction/tr_9991,im000133_00-29-08.jpg,inaction/tr_9991/im000133_00-29-08.jpg,56,82,RGB,0.6829268292682927,4592,small_width
inaction,inaction/tr_9991,im000134_00-00-24.jpg,inaction/tr_9991/im000134_00-00-24.jpg,43,118,RGB,0.3644067796610169,5074,small_width
inaction,inaction/tr_9991,im000134_00-29-08.jpg,inaction/tr_9991/im000134_00-29-08.jpg,56,82,RGB,0.6829268292682927,4592,small_width
inaction,inaction/tr_9991,im000135_00-00-25.jpg,inaction/tr_9991/im000135_00-00-25.jpg,43,118,RGB,0.3644067796610169,5074,small_width
inaction,inaction/tr_9991,im000135_00-29-08.jpg,inaction/tr_9991/im000135_00-29-08.jpg,56,83,RGB,0.6746987951807228,4648,small_width
inaction,inaction/tr_9991,im000136_00-00-25.jpg,inaction/tr_9991/im000136_00-00-25.jpg,44,118,RGB,0.3728813559322034,5192,small_width
inaction,inaction/tr_9991,im000136_00-29-08.jpg,inaction/tr_9991/im000136_00-29-08.jpg,57,83,RGB,0.6867469879518072,4731,small_width
inaction,inaction/tr_9991,im000137_00-00-25.jpg,inaction/tr_9991/im000137_00-00-25.jpg,44,118,RGB,0.3728813559322034,5192,small_width
inaction,inaction/tr_9991,im000137_00-29-08.jpg,inaction/tr_9991/im000137_00-29-08.jpg,56,83,RGB,0.6746987951807228,4648,small_width
inaction,inaction/tr_9991,im000138_00-00-25.jpg,inaction/tr_9991/im000138_00-00-25.jpg,44,118,RGB,0.3728813559322034,5192,small_width
inaction,inaction/tr_9991,im000138_00-29-08.jpg,inaction/tr_9991/im000138_00-29-08.jpg,56,83,RGB,0.6746987951807228,4648,small_width
inaction,inaction/tr_9991,im000139_00-00-25.jpg,inaction/tr_9991/im000139_00-00-25.jpg,44,118,RGB,0.3728813559322034,5192,small_width
inaction,inaction/tr_9991,im000139_00-29-09.jpg,inaction/tr_9991/im000139_00-29-09.jpg,57,82,RGB,0.6951219512195121,4674,small_width
inaction,inaction/tr_9991,im000140_00-00-25.jpg,inaction/tr_9991/im000140_00-00-25.jpg,45,117,RGB,0.38461538461538464,5265,small_width
inaction,inaction/tr_9991,im000140_00-29-09.jpg,inaction/tr_9991/im000140_00-29-09.jpg,57,83,RGB,0.6867469879518072,4731,small_width
inaction,inaction/tr_9991,im000141_00-00-25.jpg,inaction/tr_9991/im000141_00-00-25.jpg,45,117,RGB,0.38461538461538464,5265,small_width
inaction,inaction/tr_9991,im000141_00-29-09.jpg,inaction/tr_9991/im000141_00-29-09.jpg,56,83,RGB,0.6746987951807228,4648,small_width
inaction,inaction/tr_9991,im000142_00-00-25.jpg,inaction/tr_9991/im000142_00-00-25.jpg,45,117,RGB,0.38461538461538464,5265,small_width
inaction,inaction/tr_9991,im000142_00-29-09.jpg,inaction/tr_9991/im000142_00-29-09.jpg,56,83,RGB,0.6746987951807228,4648,small_width
inaction,inaction/tr_9991,im000143_00-00-25.jpg,inaction/tr_9991/im000143_00-00-25.jpg,45,117,RGB,0.38461538461538464,5265,small_width
inaction,inaction/tr_9991,im000143_00-29-09.jpg,inaction/tr_9991/im000143_00-29-09.jpg,57,83,RGB,0.6867469879518072,4731,small_width
inaction,inaction/tr_9991,im000144_00-00-25.jpg,inaction/tr_9991/im000144_00-00-25.jpg,46,115,RGB,0.4,5290,small_width
inaction,inaction/tr_9991,im000144_00-29-09.jpg,inaction/tr_9991/im000144_00-29-09.jpg,57,83,RGB,0.6867469879518072,4731,small_width
inaction,inaction/tr_9991,im000145_00-00-25.jpg,inaction/tr_9991/im000145_00-00-25.jpg,47,111,RGB,0.42342342342342343,5217,small_width
inaction,inaction/tr_9991,im000145_00-29-09.jpg,inaction/tr_9991/im000145_00-29-09.jpg,57,83,RGB,0.6867469879518072,4731,small_width
inaction,inaction/tr_9991,im000146_00-00-25.jpg,inaction/tr_9991/im000146_00-00-25.jpg,50,102,RGB,0.49019607843137253,5100,small_width
inaction,inaction/tr_9991,im000146_00-29-09.jpg,inaction/tr_9991/im000146_00-29-09.jpg,57,83,RGB,0.6867469879518072,4731,small_width
inaction,inaction/tr_9991,im000147_00-00-26.jpg,inaction/tr_9991/im000147_00-00-26.jpg,54,92,RGB,0.5869565217391305,4968,small_width
inaction,inaction/tr_9991,im000147_00-29-09.jpg,inaction/tr_9991/im000147_00-29-09.jpg,57,83,RGB,0.6867469879518072,4731,small_width
inaction,inaction/tr_9991,im000148_00-00-26.jpg,inaction/tr_9991/im000148_00-00-26.jpg,55,86,RGB,0.6395348837209303,4730,small_width
inaction,inaction/tr_9991,im000148_00-29-09.jpg,inaction/tr_9991/im000148_00-29-09.jpg,56,83,RGB,0.6746987951807228,4648,small_width
inaction,inaction/tr_9991,im000149_00-00-26.jpg,inaction/tr_9991/im000149_00-00-26.jpg,53,82,RGB,0.6463414634146342,4346,small_width
inaction,inaction/tr_9991,im000149_00-29-09.jpg,inaction/tr_9991/im000149_00-29-09.jpg,56,82,RGB,0.6829268292682927,4592,small_width
inaction,inaction/tr_9991,im000150_00-00-26.jpg,inaction/tr_9991/im000150_00-00-26.jpg,52,81,RGB,0.6419753086419753,4212,small_width
inaction,inaction/tr_9991,im000150_00-29-09.jpg,inaction/tr_9991/im000150_00-29-09.jpg,56,82,RGB,0.6829268292682927,4592,small_width
inaction,inaction/tr_9991,im000151_00-00-26.jpg,inaction/tr_9991/im000151_00-00-26.jpg,53,81,RGB,0.654320987654321,4293,small_width
inaction,inaction/tr_9991,im000151_00-29-10.jpg,inaction/tr_9991/im000151_00-29-10.jpg,57,84,RGB,0.6785714285714286,4788,small_width
inaction,inaction/tr_9991,im000152_00-00-26.jpg,inaction/tr_9991/im000152_00-00-26.jpg,57,85,RGB,0.6705882352941176,4845,small_width
inaction,inaction/tr_9991,im000152_00-29-10.jpg,inaction/tr_9991/im000152_00-29-10.jpg,57,84,RGB,0.6785714285714286,4788,small_width
inaction,inaction/tr_9991,im000153_00-29-10.jpg,inaction/tr_9991/im000153_00-29-10.jpg,57,84,RGB,0.6785714285714286,4788,small_width
inaction,inaction/tr_9991,im000154_00-29-10.jpg,inaction/tr_9991/im000154_00-29-10.jpg,57,84,RGB,0.6785714285714286,4788,small_width
inaction,inaction/tr_9991,im000155_00-00-27.jpg,inaction/tr_9991/im000155_00-00-27.jpg,62,81,RGB,0.7654320987654321,5022,small_width
inaction,inaction/tr_9991,im000155_00-29-10.jpg,inaction/tr_9991/im000155_00-29-10.jpg,55,82,RGB,0.6707317073170732,4510,small_width
inaction,inaction/tr_9991,im000156_00-00-27.jpg,inaction/tr_9991/im000156_00-00-27.jpg,63,80,RGB,0.7875,5040,small_width
inaction,inaction/tr_9991,im000156_00-29-10.jpg,inaction/tr_9991/im000156_00-29-10.jpg,55,82,RGB,0.6707317073170732,4510,small_width
inaction,inaction/tr_9991,im000157_00-00-27.jpg,inaction/tr_9991/im000157_00-00-27.jpg,62,79,RGB,0.7848101265822784,4898,small_width
inaction,inaction/tr_9991,im000157_00-29-10.jpg,inaction/tr_9991/im000157_00-29-10.jpg,55,82,RGB,0.6707317073170732,4510,small_width
inaction,inaction/tr_9991,im000158_00-00-27.jpg,inaction/tr_9991/im000158_00-00-27.jpg,61,78,RGB,0.782051282051282,4758,small_width
inaction,inaction/tr_9991,im000158_00-29-10.jpg,inaction/tr_9991/im000158_00-29-10.jpg,55,82,RGB,0.6707317073170732,4510,small_width
inaction,inaction/tr_9991,im000159_00-00-27.jpg,inaction/tr_9991/im000159_00-00-27.jpg,61,78,RGB,0.782051282051282,4758,small_width
inaction,inaction/tr_9991,im000159_00-29-10.jpg,inaction/tr_9991/im000159_00-29-10.jpg,56,82,RGB,0.6829268292682927,4592,small_width
inaction,inaction/tr_9991,im000160_00-00-27.jpg,inaction/tr_9991/im000160_00-00-27.jpg,61,78,RGB,0.782051282051282,4758,small_width
inaction,inaction/tr_9991,im000160_00-29-10.jpg,inaction/tr_9991/im000160_00-29-10.jpg,56,82,RGB,0.6829268292682927,4592,small_width
inaction,inaction/tr_9991,im000161_00-00-27.jpg,inaction/tr_9991/im000161_00-00-27.jpg,61,78,RGB,0.782051282051282,4758,small_width
inaction,inaction/tr_9991,im000161_00-29-10.jpg,inaction/tr_9991/im000161_00-29-10.jpg,56,82,RGB,0.6829268292682927,4592,small_width
inaction,inaction/tr_9991,im000162_00-00-27.jpg,inaction/tr_9991/im000162_00-00-27.jpg,61,78,RGB,0.782051282051282,4758,small_width
inaction,inaction/tr_9991,im000162_00-29-10.jpg,inaction/tr_9991/im000162_00-29-10.jpg,56,82,RGB,0.6829268292682927,4592,small_width
inaction,inaction/tr_9991,im000163_00-00-27.jpg,inaction/tr_9991/im000163_00-00-27.jpg,62,79,RGB,0.7848101265822784,4898,small_width
inaction,inaction/tr_9991,im000163_00-29-11.jpg,inaction/tr_9991/im000163_00-29-11.jpg,56,83,RGB,0.6746987951807228,4648,small_width
inaction,inaction/tr_9991,im000164_00-00-27.jpg,inaction/tr_9991/im000164_00-00-27.jpg,62,79,RGB,0.7848101265822784,4898,small_width
inaction,inaction/tr_9991,im000164_00-29-11.jpg,inaction/tr_9991/im000164_00-29-11.jpg,57,83,RGB,0.6867469879518072,4731,small_width
inaction,inaction/tr_9991,im000165_00-00-27.jpg,inaction/tr_9991/im000165_00-00-27.jpg,62,79,RGB,0.7848101265822784,4898,small_width
inaction,inaction/tr_9991,im000165_00-29-11.jpg,inaction/tr_9991/im000165_00-29-11.jpg,57,84,RGB,0.6785714285714286,4788,small_width
inaction,inaction/tr_9991,im000166_00-00-27.jpg,inaction/tr_9991/im000166_00-00-27.jpg,62,79,RGB,0.7848101265822784,4898,small_width
inaction,inaction/tr_9991,im000166_00-29-11.jpg,inaction/tr_9991/im000166_00-29-11.jpg,57,83,RGB,0.6867469879518072,4731,small_width
inaction,inaction/tr_9991,im000167_00-00-28.jpg,inaction/tr_9991/im000167_00-00-28.jpg,60,77,RGB,0.7792207792207793,4620,small_width
inaction,inaction/tr_9991,im000167_00-29-11.jpg,inaction/tr_9991/im000167_00-29-11.jpg,57,83,RGB,0.6867469879518072,4731,small_width
inaction,inaction/tr_9991,im000168_00-00-28.jpg,inaction/tr_9991/im000168_00-00-28.jpg,60,77,RGB,0.7792207792207793,4620,small_width
inaction,inaction/tr_9991,im000168_00-29-11.jpg,inaction/tr_9991/im000168_00-29-11.jpg,57,83,RGB,0.6867469879518072,4731,small_width
inaction,inaction/tr_9991,im000169_00-00-28.jpg,inaction/tr_9991/im000169_00-00-28.jpg,60,77,RGB,0.7792207792207793,4620,small_width
inaction,inaction/tr_9991,im000169_00-29-11.jpg,inaction/tr_9991/im000169_00-29-11.jpg,56,83,RGB,0.6746987951807228,4648,small_width
inaction,inaction/tr_9991,im000170_00-00-28.jpg,inaction/tr_9991/im000170_00-00-28.jpg,60,76,RGB,0.7894736842105263,4560,small_width
inaction,inaction/tr_9991,im000170_00-29-11.jpg,inaction/tr_9991/im000170_00-29-11.jpg,56,82,RGB,0.6829268292682927,4592,small_width
inaction,inaction/tr_9991,im000171_00-00-28.jpg,inaction/tr_9991/im000171_00-00-28.jpg,61,77,RGB,0.7922077922077922,4697,small_width
inaction,inaction/tr_9991,im000171_00-29-11.jpg,inaction/tr_9991/im000171_00-29-11.jpg,57,84,RGB,0.6785714285714286,4788,small_width
inaction,inaction/tr_9991,im000172_00-00-28.jpg,inaction/tr_9991/im000172_00-00-28.jpg,60,77,RGB,0.7792207792207793,4620,small_width
inaction,inaction/tr_9991,im000172_00-29-11.jpg,inaction/tr_9991/im000172_00-29-11.jpg,56,84,RGB,0.6666666666666666,4704,small_width
inaction,inaction/tr_9991,im000173_00-00-28.jpg,inaction/tr_9991/im000173_00-00-28.jpg,61,76,RGB,0.8026315789473685,4636,small_width
inaction,inaction/tr_9991,im000173_00-29-11.jpg,inaction/tr_9991/im000173_00-29-11.jpg,56,84,RGB,0.6666666666666666,4704,small_width
inaction,inaction/tr_9991,im000174_00-00-28.jpg,inaction/tr_9991/im000174_00-00-28.jpg,60,76,RGB,0.7894736842105263,4560,small_width
inaction,inaction/tr_9991,im000174_00-29-11.jpg,inaction/tr_9991/im000174_00-29-11.jpg,57,83,RGB,0.6867469879518072,4731,small_width
inaction,inaction/tr_9991,im000175_00-00-28.jpg,inaction/tr_9991/im000175_00-00-28.jpg,59,78,RGB,0.7564102564102564,4602,small_width
inaction,inaction/tr_9991,im000175_00-29-12.jpg,inaction/tr_9991/im000175_00-29-12.jpg,46,84,RGB,0.5476190476190477,3864,small_width
inaction,inaction/tr_9991,im000176_00-00-28.jpg,inaction/tr_9991/im000176_00-00-28.jpg,59,77,RGB,0.7662337662337663,4543,small_width
inaction,inaction/tr_9991,im000176_00-29-12.jpg,inaction/tr_9991/im000176_00-29-12.jpg,46,84,RGB,0.5476190476190477,3864,small_width
inaction,inaction/tr_9991,im000177_00-00-28.jpg,inaction/tr_9991/im000177_00-00-28.jpg,59,77,RGB,0.7662337662337663,4543,small_width
inaction,inaction/tr_9991,im000178_00-00-28.jpg,inaction/tr_9991/im000178_00-00-28.jpg,59,77,RGB,0.7662337662337663,4543,small_width
inaction,inaction/tr_9991,im000179_00-00-29.jpg,inaction/tr_9991/im000179_00-00-29.jpg,60,78,RGB,0.7692307692307693,4680,small_width
inaction,inaction/tr_9991,im000180_00-00-29.jpg,inaction/tr_9991/im000180_00-00-29.jpg,60,78,RGB,0.7692307692307693,4680,small_width
inaction,inaction/tr_9991,im000181_00-00-29.jpg,inaction/tr_9991/im000181_00-00-29.jpg,60,79,RGB,0.759493670886076,4740,small_width
inaction,inaction/tr_9991,im000182_00-00-29.jpg,inaction/tr_9991/im000182_00-00-29.jpg,60,79,RGB,0.759493670886076,4740,small_width
inaction,inaction/tr_9991,im000183_00-00-29.jpg,inaction/tr_9991/im000183_00-00-29.jpg,61,78,RGB,0.782051282051282,4758,small_width
inaction,inaction/tr_9991,im000184_00-00-29.jpg,inaction/tr_9991/im000184_00-00-29.jpg,60,78,RGB,0.7692307692307693,4680,small_width
inaction,inaction/tr_9991,im000185_00-00-29.jpg,inaction/tr_9991/im000185_00-00-29.jpg,61,78,RGB,0.782051282051282,4758,small_width
inaction,inaction/tr_9991,im000186_00-00-29.jpg,inaction/tr_9991/im000186_00-00-29.jpg,61,78,RGB,0.782051282051282,4758,small_width
inaction,inaction/tr_9991,im000187_00-00-29.jpg,inaction/tr_9991/im000187_00-00-29.jpg,61,77,RGB,0.7922077922077922,4697,small_width
inaction,inaction/tr_9991,im000188_00-00-29.jpg,inaction/tr_9991/im000188_00-00-29.jpg,61,77,RGB,0.7922077922077922,4697,small_width
inaction,inaction/tr_9991,im000189_00-00-29.jpg,inaction/tr_9991/im000189_00-00-29.jpg,61,77,RGB,0.7922077922077922,4697,small_width
inaction,inaction/tr_9991,im000190_00-00-29.jpg,inaction/tr_9991/im000190_00-00-29.jpg,61,79,RGB,0.7721518987341772,4819,small_width
inaction,inaction/tr_9991,im000191_00-00-30.jpg,inaction/tr_9991/im000191_00-00-30.jpg,61,79,RGB,0.7721518987341772,4819,small_width
inaction,inaction/tr_9991,im000192_00-00-30.jpg,inaction/tr_9991/im000192_00-00-30.jpg,61,79,RGB,0.7721518987341772,4819,small_width
inaction,inaction/tr_9991,im000193_00-00-30.jpg,inaction/tr_9991/im000193_00-00-30.jpg,61,79,RGB,0.7721518987341772,4819,small_width
inaction,inaction/tr_9991,im000194_00-00-30.jpg,inaction/tr_9991/im000194_00-00-30.jpg,61,79,RGB,0.7721518987341772,4819,small_width
inaction,inaction/tr_9991,im000195_00-00-30.jpg,inaction/tr_9991/im000195_00-00-30.jpg,60,79,RGB,0.759493670886076,4740,small_width
inaction,inaction/tr_9991,im000196_00-00-30.jpg,inaction/tr_9991/im000196_00-00-30.jpg,60,79,RGB,0.759493670886076,4740,small_width
inaction,inaction/tr_9991,im000197_00-00-30.jpg,inaction/tr_9991/im000197_00-00-30.jpg,60,79,RGB,0.759493670886076,4740,small_width
inaction,inaction/tr_9991,im000198_00-00-30.jpg,inaction/tr_9991/im000198_00-00-30.jpg,60,79,RGB,0.759493670886076,4740,small_width
inaction,inaction/tr_9991,im000199_00-00-30.jpg,inaction/tr_9991/im000199_00-00-30.jpg,60,79,RGB,0.759493670886076,4740,small_width
inaction,inaction/tr_9991,im000200_00-00-30.jpg,inaction/tr_9991/im000200_00-00-30.jpg,61,80,RGB,0.7625,4880,small_width
inaction,inaction/tr_9991,im000201_00-00-30.jpg,inaction/tr_9991/im000201_00-00-30.jpg,61,80,RGB,0.7625,4880,small_width
inaction,inaction/tr_9991,im000202_00-00-30.jpg,inaction/tr_9991/im000202_00-00-30.jpg,61,80,RGB,0.7625,4880,small_width
inaction,inaction/tr_9991,im000203_00-00-31.jpg,inaction/tr_9991/im000203_00-00-31.jpg,61,80,RGB,0.7625,4880,small_width
inaction,inaction/tr_9991,im000204_00-00-31.jpg,inaction/tr_9991/im000204_00-00-31.jpg,62,80,RGB,0.775,4960,small_width
inaction,inaction/tr_9991,im000205_00-00-31.jpg,inaction/tr_9991/im000205_00-00-31.jpg,62,80,RGB,0.775,4960,small_width
inaction,inaction/tr_9991,im000206_00-00-31.jpg,inaction/tr_9991/im000206_00-00-31.jpg,62,80,RGB,0.775,4960,small_width
inaction,inaction/tr_9991,im000207_00-00-31.jpg,inaction/tr_9991/im000207_00-00-31.jpg,61,78,RGB,0.782051282051282,4758,small_width
inaction,inaction/tr_9991,im000208_00-00-31.jpg,inaction/tr_9991/im000208_00-00-31.jpg,61,78,RGB,0.782051282051282,4758,small_width
inaction,inaction/tr_9991,im000209_00-00-31.jpg,inaction/tr_9991/im000209_00-00-31.jpg,61,78,RGB,0.782051282051282,4758,small_width
inaction,inaction/tr_9991,im000210_00-00-31.jpg,inaction/tr_9991/im000210_00-00-31.jpg,60,78,RGB,0.7692307692307693,4680,small_width
inaction,inaction/tr_9991,im000211_00-00-31.jpg,inaction/tr_9991/im000211_00-00-31.jpg,59,77,RGB,0.7662337662337663,4543,small_width
inaction,inaction/tr_9991,im000212_00-00-31.jpg,inaction/tr_9991/im000212_00-00-31.jpg,60,78,RGB,0.7692307692307693,4680,small_width
inaction,inaction/tr_9991,im000213_00-00-31.jpg,inaction/tr_9991/im000213_00-00-31.jpg,59,78,RGB,0.7564102564102564,4602,small_width
inaction,inaction/tr_9991,im000214_00-00-31.jpg,inaction/tr_9991/im000214_00-00-31.jpg,59,78,RGB,0.7564102564102564,4602,small_width
inaction,inaction/tr_9991,im000215_00-00-32.jpg,inaction/tr_9991/im000215_00-00-32.jpg,58,77,RGB,0.7532467532467533,4466,small_width
inaction,inaction/tr_9991,im000216_00-00-32.jpg,inaction/tr_9991/im000216_00-00-32.jpg,58,78,RGB,0.7435897435897436,4524,small_width
inaction,inaction/tr_9991,im000217_00-00-32.jpg,inaction/tr_9991/im000217_00-00-32.jpg,59,78,RGB,0.7564102564102564,4602,small_width
inaction,inaction/tr_9991,im000218_00-00-32.jpg,inaction/tr_9991/im000218_00-00-32.jpg,59,78,RGB,0.7564102564102564,4602,small_width
inaction,inaction/tr_9991,im000219_00-00-32.jpg,inaction/tr_9991/im000219_00-00-32.jpg,59,77,RGB,0.7662337662337663,4543,small_width
inaction,inaction/tr_9991,im000220_00-00-32.jpg,inaction/tr_9991/im000220_00-00-32.jpg,60,77,RGB,0.7792207792207793,4620,small_width
inaction,inaction/tr_9991,im000221_00-00-32.jpg,inaction/tr_9991/im000221_00-00-32.jpg,60,77,RGB,0.7792207792207793,4620,small_width
inaction,inaction/tr_9991,im000222_00-00-32.jpg,inaction/tr_9991/im000222_00-00-32.jpg,59,77,RGB,0.7662337662337663,4543,small_width
inaction,inaction/tr_9991,im000223_00-00-32.jpg,inaction/tr_9991/im000223_00-00-32.jpg,58,77,RGB,0.7532467532467533,4466,small_width
inaction,inaction/tr_9991,im000224_00-00-32.jpg,inaction/tr_9991/im000224_00-00-32.jpg,57,76,RGB,0.75,4332,small_width
inaction,inaction/tr_9991,im000225_00-00-32.jpg,inaction/tr_9991/im000225_00-00-32.jpg,55,78,RGB,0.7051282051282052,4290,small_width
inaction,inaction/tr_9991,im000226_00-00-32.jpg,inaction/tr_9991/im000226_00-00-32.jpg,55,77,RGB,0.7142857142857143,4235,small_width
inaction,inaction/tr_9991,im000227_00-00-33.jpg,inaction/tr_9991/im000227_00-00-33.jpg,42,80,RGB,0.525,3360,small_width
inaction,inaction/tr_9991,im000228_00-00-33.jpg,inaction/tr_9991/im000228_00-00-33.jpg,37,63,RGB,0.5873015873015873,2331,"small_width,small_height"
inaction,inaction/tr_9991,im000229_00-00-33.jpg,inaction/tr_9991/im000229_00-00-33.jpg,38,65,RGB,0.5846153846153846,2470,small_width
inaction,inaction/tr_9991,im000230_00-00-33.jpg,inaction/tr_9991/im000230_00-00-33.jpg,37,56,RGB,0.6607142857142857,2072,"small_width,small_height"
inaction,inaction/tr_9991,im000231_00-00-33.jpg,inaction/tr_9991/im000231_00-00-33.jpg,46,60,RGB,0.7666666666666667,2760,"small_width,small_height"
inaction,inaction/tr_9991,im000232_00-00-33.jpg,inaction/tr_9991/im000232_00-00-33.jpg,46,61,RGB,0.7540983606557377,2806,"small_width,small_height"
inaction,inaction/tr_9991,im000233_00-00-33.jpg,inaction/tr_9991/im000233_00-00-33.jpg,55,69,RGB,0.7971014492753623,3795,small_width
inaction,inaction/tr_9991,im000234_00-00-34.jpg,inaction/tr_9991/im000234_00-00-34.jpg,57,75,RGB,0.76,4275,small_width
inaction,inaction/tr_9991,im000235_00-00-34.jpg,inaction/tr_9991/im000235_00-00-34.jpg,59,77,RGB,0.7662337662337663,4543,small_width
inaction,inaction/tr_9991,im000236_00-00-34.jpg,inaction/tr_9991/im000236_00-00-34.jpg,59,77,RGB,0.7662337662337663,4543,small_width
inaction,inaction/tr_9991,im000237_00-00-34.jpg,inaction/tr_9991/im000237_00-00-34.jpg,59,77,RGB,0.7662337662337663,4543,small_width
inaction,inaction/tr_9991,im000238_00-00-34.jpg,inaction/tr_9991/im000238_00-00-34.jpg,60,78,RGB,0.7692307692307693,4680,small_width
inaction,inaction/tr_9991,im000239_00-00-34.jpg,inaction/tr_9991/im000239_00-00-34.jpg,60,78,RGB,0.7692307692307693,4680,small_width
inaction,inaction/tr_9991,im000240_00-00-34.jpg,inaction/tr_9991/im000240_00-00-34.jpg,61,77,RGB,0.7922077922077922,4697,small_width
inaction,inaction/tr_9991,im000241_00-00-34.jpg,inaction/tr_9991/im000241_00-00-34.jpg,60,78,RGB,0.7692307692307693,4680,small_width
inaction,inaction/tr_9991,im000242_00-00-34.jpg,inaction/tr_9991/im000242_00-00-34.jpg,60,78,RGB,0.7692307692307693,4680,small_width
inaction,inaction/tr_9991,im000243_00-00-34.jpg,inaction/tr_9991/im000243_00-00-34.jpg,60,78,RGB,0.7692307692307693,4680,small_width
inaction,inaction/tr_9991,im000244_00-00-34.jpg,inaction/tr_9991/im000244_00-00-34.jpg,61,78,RGB,0.782051282051282,4758,small_width
inaction,inaction/tr_9991,im000245_00-00-34.jpg,inaction/tr_9991/im000245_00-00-34.jpg,60,78,RGB,0.7692307692307693,4680,small_width
inaction,inaction/tr_9991,im000246_00-00-35.jpg,inaction/tr_9991/im000246_00-00-35.jpg,43,65,RGB,0.6615384615384615,2795,small_width
inaction,inaction/tr_9991,im000247_00-00-35.jpg,inaction/tr_9991/im000247_00-00-35.jpg,40,63,RGB,0.6349206349206349,2520,"small_width,small_height"
inaction,inaction/tr_9991,im000248_00-00-35.jpg,inaction/tr_9991/im000248_00-00-35.jpg,45,76,RGB,0.5921052631578947,3420,small_width
inaction,inaction/tr_9991,im000249_00-00-35.jpg,inaction/tr_9991/im000249_00-00-35.jpg,45,73,RGB,0.6164383561643836,3285,small_width
inaction,inaction/tr_9991,im000250_00-00-35.jpg,inaction/tr_9991/im000250_00-00-35.jpg,53,77,RGB,0.6883116883116883,4081,small_width
inaction,inaction/tr_9991,im000251_00-00-35.jpg,inaction/tr_9991/im000251_00-00-35.jpg,60,78,RGB,0.7692307692307693,4680,small_width
inaction,inaction/tr_9991,im000252_00-00-35.jpg,inaction/tr_9991/im000252_00-00-35.jpg,60,78,RGB,0.7692307692307693,4680,small_width
inaction,inaction/tr_9991,im000253_00-00-35.jpg,inaction/tr_9991/im000253_00-00-35.jpg,60,78,RGB,0.7692307692307693,4680,small_width
inaction,inaction/tr_9991,im000254_00-00-35.jpg,inaction/tr_9991/im000254_00-00-35.jpg,60,78,RGB,0.7692307692307693,4680,small_width
inaction,inaction/tr_9991,im000255_00-00-35.jpg,inaction/tr_9991/im000255_00-00-35.jpg,60,78,RGB,0.7692307692307693,4680,small_width
inaction,inaction/tr_9991,im000256_00-00-35.jpg,inaction/tr_9991/im000256_00-00-35.jpg,59,78,RGB,0.7564102564102564,4602,small_width
inaction,inaction/tr_9991,im000257_00-00-35.jpg,inaction/tr_9991/im000257_00-00-35.jpg,59,78,RGB,0.7564102564102564,4602,small_width
inaction,inaction/tr_9991,im000258_00-00-36.jpg,inaction/tr_9991/im000258_00-00-36.jpg,61,78,RGB,0.782051282051282,4758,small_width
inaction,inaction/tr_9991,im000259_00-00-36.jpg,inaction/tr_9991/im000259_00-00-36.jpg,61,78,RGB,0.782051282051282,4758,small_width
inaction,inaction/tr_9991,im000260_00-00-36.jpg,inaction/tr_9991/im000260_00-00-36.jpg,61,78,RGB,0.782051282051282,4758,small_width
inaction,inaction/tr_9991,im000261_00-00-36.jpg,inaction/tr_9991/im000261_00-00-36.jpg,61,78,RGB,0.782051282051282,4758,small_width
inaction,inaction/tr_9991,im000262_00-00-36.jpg,inaction/tr_9991/im000262_00-00-36.jpg,59,77,RGB,0.7662337662337663,4543,small_width
inaction,inaction/tr_9991,im000263_00-00-36.jpg,inaction/tr_9991/im000263_00-00-36.jpg,60,77,RGB,0.7792207792207793,4620,small_width
inaction,inaction/tr_9991,im000264_00-00-36.jpg,inaction/tr_9991/im000264_00-00-36.jpg,60,77,RGB,0.7792207792207793,4620,small_width
inaction,inaction/tr_9991,im000265_00-00-36.jpg,inaction/tr_9991/im000265_00-00-36.jpg,60,77,RGB,0.7792207792207793,4620,small_width
inaction,inaction/tr_9991,im000266_00-00-36.jpg,inaction/tr_9991/im000266_00-00-36.jpg,59,78,RGB,0.7564102564102564,4602,small_width
inaction,inaction/tr_9991,im000267_00-00-36.jpg,inaction/tr_9991/im000267_00-00-36.jpg,59,78,RGB,0.7564102564102564,4602,small_width
inaction,inaction/tr_9991,im000268_00-00-36.jpg,inaction/tr_9991/im000268_00-00-36.jpg,59,78,RGB,0.7564102564102564,4602,small_width
inaction,inaction/tr_9991,im000269_00-00-36.jpg,inaction/tr_9991/im000269_00-00-36.jpg,59,78,RGB,0.7564102564102564,4602,small_width
inaction,inaction/tr_9991,im000270_00-00-37.jpg,inaction/tr_9991/im000270_00-00-37.jpg,60,78,RGB,0.7692307692307693,4680,small_width
inaction,inaction/tr_9991,im000271_00-00-37.jpg,inaction/tr_9991/im000271_00-00-37.jpg,60,78,RGB,0.7692307692307693,4680,small_width
inaction,inaction/tr_9991,im000272_00-00-37.jpg,inaction/tr_9991/im000272_00-00-37.jpg,60,78,RGB,0.7692307692307693,4680,small_width
inaction,inaction/tr_9991,im000273_00-00-37.jpg,inaction/tr_9991/im000273_00-00-37.jpg,60,78,RGB,0.7692307692307693,4680,small_width
inaction,inaction/tr_9991,im000274_00-00-37.jpg,inaction/tr_9991/im000274_00-00-37.jpg,60,78,RGB,0.7692307692307693,4680,small_width
inaction,inaction/tr_9991,im000275_00-00-37.jpg,inaction/tr_9991/im000275_00-00-37.jpg,61,78,RGB,0.782051282051282,4758,small_width
inaction,inaction/tr_9991,im000276_00-00-37.jpg,inaction/tr_9991/im000276_00-00-37.jpg,60,77,RGB,0.7792207792207793,4620,small_width
inaction,inaction/tr_9991,im000277_00-00-37.jpg,inaction/tr_9991/im000277_00-00-37.jpg,60,77,RGB,0.7792207792207793,4620,small_width
inaction,inaction/tr_9991,im000278_00-00-37.jpg,inaction/tr_9991/im000278_00-00-37.jpg,61,76,RGB,0.8026315789473685,4636,small_width
inaction,inaction/tr_9991,im000279_00-00-37.jpg,inaction/tr_9991/im000279_00-00-37.jpg,61,77,RGB,0.7922077922077922,4697,small_width
inaction,inaction/tr_9991,im000280_00-00-37.jpg,inaction/tr_9991/im000280_00-00-37.jpg,61,77,RGB,0.7922077922077922,4697,small_width
inaction,inaction/tr_9991,im000281_00-00-37.jpg,inaction/tr_9991/im000281_00-00-37.jpg,61,77,RGB,0.7922077922077922,4697,small_width
inaction,inaction/tr_9991,im000282_00-00-38.jpg,inaction/tr_9991/im000282_00-00-38.jpg,60,77,RGB,0.7792207792207793,4620,small_width
inaction,inaction/tr_9991,im000283_00-00-38.jpg,inaction/tr_9991/im000283_00-00-38.jpg,60,77,RGB,0.7792207792207793,4620,small_width
inaction,inaction/tr_9991,im000284_00-00-38.jpg,inaction/tr_9991/im000284_00-00-38.jpg,60,77,RGB,0.7792207792207793,4620,small_width
inaction,inaction/tr_9991,im000285_00-00-38.jpg,inaction/tr_9991/im000285_00-00-38.jpg,60,77,RGB,0.7792207792207793,4620,small_width
inaction,inaction/tr_9991,im000286_00-00-38.jpg,inaction/tr_9991/im000286_00-00-38.jpg,60,76,RGB,0.7894736842105263,4560,small_width
inaction,inaction/tr_9991,im000287_00-00-38.jpg,inaction/tr_9991/im000287_00-00-38.jpg,61,76,RGB,0.8026315789473685,4636,small_width
inaction,inaction/tr_9991,im000288_00-00-38.jpg,inaction/tr_9991/im000288_00-00-38.jpg,61,77,RGB,0.7922077922077922,4697,small_width
inaction,inaction/tr_9991,im000289_00-00-38.jpg,inaction/tr_9991/im000289_00-00-38.jpg,61,77,RGB,0.7922077922077922,4697,small_width
inaction,inaction/tr_9991,im000290_00-00-38.jpg,inaction/tr_9991/im000290_00-00-38.jpg,61,77,RGB,0.7922077922077922,4697,small_width
inaction,inaction/tr_9991,im000291_00-00-38.jpg,inaction/tr_9991/im000291_00-00-38.jpg,61,78,RGB,0.782051282051282,4758,small_width
inaction,inaction/tr_9991,im000292_00-00-38.jpg,inaction/tr_9991/im000292_00-00-38.jpg,61,78,RGB,0.782051282051282,4758,small_width
inaction,inaction/tr_9991,im000293_00-00-38.jpg,inaction/tr_9991/im000293_00-00-38.jpg,61,78,RGB,0.782051282051282,4758,small_width
inaction,inaction/tr_9991,im000294_00-00-39.jpg,inaction/tr_9991/im000294_00-00-39.jpg,61,77,RGB,0.7922077922077922,4697,small_width
inaction,inaction/tr_9991,im000295_00-00-39.jpg,inaction/tr_9991/im000295_00-00-39.jpg,61,77,RGB,0.7922077922077922,4697,small_width
inaction,inaction/tr_9991,im000296_00-00-39.jpg,inaction/tr_9991/im000296_00-00-39.jpg,61,77,RGB,0.7922077922077922,4697,small_width
inaction,inaction/tr_9991,im000297_00-00-39.jpg,inaction/tr_9991/im000297_00-00-39.jpg,61,77,RGB,0.7922077922077922,4697,small_width
inaction,inaction/tr_9991,im000298_00-00-39.jpg,inaction/tr_9991/im000298_00-00-39.jpg,60,77,RGB,0.7792207792207793,4620,small_width
inaction,inaction/tr_9991,im000299_00-00-39.jpg,inaction/tr_9991/im000299_00-00-39.jpg,60,77,RGB,0.7792207792207793,4620,small_width
inaction,inaction/tr_9991,im000300_00-00-39.jpg,inaction/tr_9991/im000300_00-00-39.jpg,60,77,RGB,0.7792207792207793,4620,small_width
inaction,inaction/tr_9991,im000301_00-00-39.jpg,inaction/tr_9991/im000301_00-00-39.jpg,60,77,RGB,0.7792207792207793,4620,small_width
inaction,inaction/tr_9991,im000302_00-00-39.jpg,inaction/tr_9991/im000302_00-00-39.jpg,61,78,RGB,0.782051282051282,4758,small_width
inaction,inaction/tr_9991,im000303_00-00-39.jpg,inaction/tr_9991/im000303_00-00-39.jpg,61,78,RGB,0.782051282051282,4758,small_width
inaction,inaction/tr_9991,im000304_00-00-39.jpg,inaction/tr_9991/im000304_00-00-39.jpg,61,78,RGB,0.782051282051282,4758,small_width
inaction,inaction/tr_9991,im000305_00-00-39.jpg,inaction/tr_9991/im000305_00-00-39.jpg,61,78,RGB,0.782051282051282,4758,small_width
inaction,inaction/tr_9991,im000306_00-00-40.jpg,inaction/tr_9991/im000306_00-00-40.jpg,61,77,RGB,0.7922077922077922,4697,small_width
inaction,inaction/tr_9991,im000307_00-00-40.jpg,inaction/tr_9991/im000307_00-00-40.jpg,61,77,RGB,0.7922077922077922,4697,small_width
inaction,inaction/tr_9991,im000308_00-00-40.jpg,inaction/tr_9991/im000308_00-00-40.jpg,61,77,RGB,0.7922077922077922,4697,small_width
inaction,inaction/tr_9991,im000309_00-00-40.jpg,inaction/tr_9991/im000309_00-00-40.jpg,61,77,RGB,0.7922077922077922,4697,small_width
inaction,inaction/tr_9991,im000310_00-00-40.jpg,inaction/tr_9991/im000310_00-00-40.jpg,60,77,RGB,0.7792207792207793,4620,small_width
inaction,inaction/tr_9991,im000311_00-00-40.jpg,inaction/tr_9991/im000311_00-00-40.jpg,60,77,RGB,0.7792207792207793,4620,small_width
inaction,inaction/tr_9991,im000312_00-00-40.jpg,inaction/tr_9991/im000312_00-00-40.jpg,60,77,RGB,0.7792207792207793,4620,small_width
inaction,inaction/tr_9991,im000313_00-00-40.jpg,inaction/tr_9991/im000313_00-00-40.jpg,60,77,RGB,0.7792207792207793,4620,small_width
inaction,inaction/tr_9991,im000314_00-00-40.jpg,inaction/tr_9991/im000314_00-00-40.jpg,60,77,RGB,0.7792207792207793,4620,small_width
inaction,inaction/tr_9991,im000315_00-00-40.jpg,inaction/tr_9991/im000315_00-00-40.jpg,60,78,RGB,0.7692307692307693,4680,small_width
inaction,inaction/tr_9991,im000316_00-00-40.jpg,inaction/tr_9991/im000316_00-00-40.jpg,60,78,RGB,0.7692307692307693,4680,small_width
inaction,inaction/tr_9991,im000317_00-00-40.jpg,inaction/tr_9991/im000317_00-00-40.jpg,60,77,RGB,0.7792207792207793,4620,small_width
inaction,inaction/tr_9991,im000318_00-00-41.jpg,inaction/tr_9991/im000318_00-00-41.jpg,61,77,RGB,0.7922077922077922,4697,small_width
inaction,inaction/tr_9991,im000319_00-00-41.jpg,inaction/tr_9991/im000319_00-00-41.jpg,61,78,RGB,0.782051282051282,4758,small_width
inaction,inaction/tr_9991,im000320_00-00-41.jpg,inaction/tr_9991/im000320_00-00-41.jpg,61,78,RGB,0.782051282051282,4758,small_width
inaction,inaction/tr_9991,im000321_00-00-41.jpg,inaction/tr_9991/im000321_00-00-41.jpg,60,79,RGB,0.759493670886076,4740,small_width
inaction,inaction/tr_9991,im000322_00-00-41.jpg,inaction/tr_9991/im000322_00-00-41.jpg,60,78,RGB,0.7692307692307693,4680,small_width
inaction,inaction/tr_9991,im000323_00-00-41.jpg,inaction/tr_9991/im000323_00-00-41.jpg,61,80,RGB,0.7625,4880,small_width
inaction,inaction/tr_9991,im000324_00-00-41.jpg,inaction/tr_9991/im000324_00-00-41.jpg,60,80,RGB,0.75,4800,small_width
inaction,inaction/tr_9991,im000325_00-00-41.jpg,inaction/tr_9991/im000325_00-00-41.jpg,60,80,RGB,0.75,4800,small_width
inaction,inaction/tr_9991,im000326_00-00-41.jpg,inaction/tr_9991/im000326_00-00-41.jpg,60,79,RGB,0.759493670886076,4740,small_width
inaction,inaction/tr_9991,im000327_00-00-41.jpg,inaction/tr_9991/im000327_00-00-41.jpg,60,79,RGB,0.759493670886076,4740,small_width
inaction,inaction/tr_9991,im000328_00-00-41.jpg,inaction/tr_9991/im000328_00-00-41.jpg,60,79,RGB,0.759493670886076,4740,small_width
inaction,inaction/tr_9991,im000329_00-00-41.jpg,inaction/tr_9991/im000329_00-00-41.jpg,60,79,RGB,0.759493670886076,4740,small_width
inaction,inaction/tr_9991,im000330_00-00-42.jpg,inaction/tr_9991/im000330_00-00-42.jpg,60,79,RGB,0.759493670886076,4740,small_width
inaction,inaction/tr_9991,im000331_00-00-42.jpg,inaction/tr_9991/im000331_00-00-42.jpg,60,79,RGB,0.759493670886076,4740,small_width
inaction,inaction/tr_9991,im000332_00-00-42.jpg,inaction/tr_9991/im000332_00-00-42.jpg,60,79,RGB,0.759493670886076,4740,small_width
inaction,inaction/tr_9991,im000333_00-00-42.jpg,inaction/tr_9991/im000333_00-00-42.jpg,60,79,RGB,0.759493670886076,4740,small_width
inaction,inaction/tr_9991,im000334_00-00-42.jpg,inaction/tr_9991/im000334_00-00-42.jpg,60,79,RGB,0.759493670886076,4740,small_width
inaction,inaction/tr_9991,im000335_00-00-42.jpg,inaction/tr_9991/im000335_00-00-42.jpg,60,79,RGB,0.759493670886076,4740,small_width
inaction,inaction/tr_9991,im000336_00-00-42.jpg,inaction/tr_9991/im000336_00-00-42.jpg,60,79,RGB,0.759493670886076,4740,small_width
inaction,inaction/tr_9991,im000337_00-00-42.jpg,inaction/tr_9991/im000337_00-00-42.jpg,60,79,RGB,0.759493670886076,4740,small_width
inaction,inaction/tr_9991,im000338_00-00-42.jpg,inaction/tr_9991/im000338_00-00-42.jpg,60,79,RGB,0.759493670886076,4740,small_width
inaction,inaction/tr_9991,im000339_00-00-42.jpg,inaction/tr_9991/im000339_00-00-42.jpg,60,79,RGB,0.759493670886076,4740,small_width
inaction,inaction/tr_9991,im000340_00-00-42.jpg,inaction/tr_9991/im000340_00-00-42.jpg,60,79,RGB,0.759493670886076,4740,small_width
inaction,inaction/tr_9991,im000341_00-00-42.jpg,inaction/tr_9991/im000341_00-00-42.jpg,60,78,RGB,0.7692307692307693,4680,small_width
inaction,inaction/tr_9991,im000342_00-00-43.jpg,inaction/tr_9991/im000342_00-00-43.jpg,61,78,RGB,0.782051282051282,4758,small_width
inaction,inaction/tr_9991,im000343_00-00-43.jpg,inaction/tr_9991/im000343_00-00-43.jpg,61,78,RGB,0.782051282051282,4758,small_width
inaction,inaction/tr_9991,im000344_00-00-43.jpg,inaction/tr_9991/im000344_00-00-43.jpg,61,78,RGB,0.782051282051282,4758,small_width
inaction,inaction/tr_9991,im000345_00-00-43.jpg,inaction/tr_9991/im000345_00-00-43.jpg,61,78,RGB,0.782051282051282,4758,small_width
inaction,inaction/tr_9991,im000346_00-00-43.jpg,inaction/tr_9991/im000346_00-00-43.jpg,60,77,RGB,0.7792207792207793,4620,small_width
inaction,inaction/tr_9991,im000347_00-00-43.jpg,inaction/tr_9991/im000347_00-00-43.jpg,60,77,RGB,0.7792207792207793,4620,small_width
inaction,inaction/tr_9991,im000348_00-00-43.jpg,inaction/tr_9991/im000348_00-00-43.jpg,60,77,RGB,0.7792207792207793,4620,small_width
inaction,inaction/tr_9991,im000349_00-00-43.jpg,inaction/tr_9991/im000349_00-00-43.jpg,60,77,RGB,0.7792207792207793,4620,small_width
inaction,inaction/tr_9991,im000350_00-00-43.jpg,inaction/tr_9991/im000350_00-00-43.jpg,59,77,RGB,0.7662337662337663,4543,small_width
inaction,inaction/tr_9991,im000351_00-00-43.jpg,inaction/tr_9991/im000351_00-00-43.jpg,59,77,RGB,0.7662337662337663,4543,small_width
inaction,inaction/tr_9991,im000352_00-00-43.jpg,inaction/tr_9991/im000352_00-00-43.jpg,59,77,RGB,0.7662337662337663,4543,small_width
inaction,inaction/tr_9991,im000353_00-00-43.jpg,inaction/tr_9991/im000353_00-00-43.jpg,59,77,RGB,0.7662337662337663,4543,small_width
inaction,inaction/tr_9991,im000354_00-00-44.jpg,inaction/tr_9991/im000354_00-00-44.jpg,60,78,RGB,0.7692307692307693,4680,small_width
inaction,inaction/tr_9991,im000355_00-00-44.jpg,inaction/tr_9991/im000355_00-00-44.jpg,60,78,RGB,0.7692307692307693,4680,small_width
inaction,inaction/tr_9991,im000356_00-00-44.jpg,inaction/tr_9991/im000356_00-00-44.jpg,60,78,RGB,0.7692307692307693,4680,small_width
inaction,inaction/tr_9991,im000357_00-00-44.jpg,inaction/tr_9991/im000357_00-00-44.jpg,60,78,RGB,0.7692307692307693,4680,small_width
inaction,inaction/tr_9991,im000358_00-00-44.jpg,inaction/tr_9991/im000358_00-00-44.jpg,59,78,RGB,0.7564102564102564,4602,small_width
inaction,inaction/tr_9991,im000359_00-00-44.jpg,inaction/tr_9991/im000359_00-00-44.jpg,59,78,RGB,0.7564102564102564,4602,small_width
inaction,inaction/tr_9991,im000360_00-00-44.jpg,inaction/tr_9991/im000360_00-00-44.jpg,59,78,RGB,0.7564102564102564,4602,small_width
inaction,inaction/tr_9991,im000361_00-00-44.jpg,inaction/tr_9991/im000361_00-00-44.jpg,59,78,RGB,0.7564102564102564,4602,small_width
inaction,inaction/tr_9991,im000362_00-00-44.jpg,inaction/tr_9991/im000362_00-00-44.jpg,61,78,RGB,0.782051282051282,4758,small_width
inaction,inaction/tr_9991,im000363_00-00-44.jpg,inaction/tr_9991/im000363_00-00-44.jpg,61,78,RGB,0.782051282051282,4758,small_width
inaction,inaction/tr_9991,im000364_00-00-44.jpg,inaction/tr_9991/im000364_00-00-44.jpg,61,78,RGB,0.782051282051282,4758,small_width
inaction,inaction/tr_9991,im000365_00-00-44.jpg,inaction/tr_9991/im000365_00-00-44.jpg,61,78,RGB,0.782051282051282,4758,small_width
inaction,inaction/tr_9991,im000366_00-00-45.jpg,inaction/tr_9991/im000366_00-00-45.jpg,60,78,RGB,0.7692307692307693,4680,small_width
inaction,inaction/tr_9991,im000367_00-00-45.jpg,inaction/tr_9991/im000367_00-00-45.jpg,60,78,RGB,0.7692307692307693,4680,small_width
inaction,inaction/tr_9991,im000368_00-00-45.jpg,inaction/tr_9991/im000368_00-00-45.jpg,60,79,RGB,0.759493670886076,4740,small_width
inaction,inaction/tr_9991,im000369_00-00-45.jpg,inaction/tr_9991/im000369_00-00-45.jpg,60,79,RGB,0.759493670886076,4740,small_width
inaction,inaction/tr_9991,im000370_00-00-45.jpg,inaction/tr_9991/im000370_00-00-45.jpg,59,79,RGB,0.7468354430379747,4661,small_width
inaction,inaction/tr_9991,im000371_00-00-45.jpg,inaction/tr_9991/im000371_00-00-45.jpg,59,79,RGB,0.7468354430379747,4661,small_width
inaction,inaction/tr_9991,im000372_00-00-45.jpg,inaction/tr_9991/im000372_00-00-45.jpg,59,78,RGB,0.7564102564102564,4602,small_width
inaction,inaction/tr_9991,im000373_00-00-45.jpg,inaction/tr_9991/im000373_00-00-45.jpg,61,75,RGB,0.8133333333333334,4575,small_width
inaction,inaction/tr_9991,im000374_00-00-45.jpg,inaction/tr_9991/im000374_00-00-45.jpg,59,77,RGB,0.7662337662337663,4543,small_width
inaction,inaction/tr_9991,im000375_00-00-45.jpg,inaction/tr_9991/im000375_00-00-45.jpg,59,78,RGB,0.7564102564102564,4602,small_width
inaction,inaction/tr_9991,im000376_00-00-45.jpg,inaction/tr_9991/im000376_00-00-45.jpg,59,79,RGB,0.7468354430379747,4661,small_width
inaction,inaction/tr_9991,im000377_00-00-45.jpg,inaction/tr_9991/im000377_00-00-45.jpg,60,80,RGB,0.75,4800,small_width
inaction,inaction/tr_9991,im000378_00-00-46.jpg,inaction/tr_9991/im000378_00-00-46.jpg,60,80,RGB,0.75,4800,small_width
inaction,inaction/tr_9991,im000379_00-00-46.jpg,inaction/tr_9991/im000379_00-00-46.jpg,60,80,RGB,0.75,4800,small_width
inaction,inaction/tr_9991,im000380_00-00-46.jpg,inaction/tr_9991/im000380_00-00-46.jpg,60,80,RGB,0.75,4800,small_width
inaction,inaction/tr_9991,im000381_00-00-46.jpg,inaction/tr_9991/im000381_00-00-46.jpg,60,79,RGB,0.759493670886076,4740,small_width
inaction,inaction/tr_9991,im000382_00-00-46.jpg,inaction/tr_9991/im000382_00-00-46.jpg,59,78,RGB,0.7564102564102564,4602,small_width
inaction,inaction/tr_9991,im000383_00-00-46.jpg,inaction/tr_9991/im000383_00-00-46.jpg,60,78,RGB,0.7692307692307693,4680,small_width
inaction,inaction/tr_9991,im000384_00-00-46.jpg,inaction/tr_9991/im000384_00-00-46.jpg,60,78,RGB,0.7692307692307693,4680,small_width
inaction,inaction/tr_9991,im000385_00-00-46.jpg,inaction/tr_9991/im000385_00-00-46.jpg,60,78,RGB,0.7692307692307693,4680,small_width
inaction,inaction/tr_9991,im000386_00-00-46.jpg,inaction/tr_9991/im000386_00-00-46.jpg,59,78,RGB,0.7564102564102564,4602,small_width
inaction,inaction/tr_9991,im000387_00-00-46.jpg,inaction/tr_9991/im000387_00-00-46.jpg,59,78,RGB,0.7564102564102564,4602,small_width
inaction,inaction/tr_9991,im000388_00-00-46.jpg,inaction/tr_9991/im000388_00-00-46.jpg,59,78,RGB,0.7564102564102564,4602,small_width
inaction,inaction/tr_9991,im000389_00-00-46.jpg,inaction/tr_9991/im000389_00-00-46.jpg,59,78,RGB,0.7564102564102564,4602,small_width
inaction,inaction/tr_9991,im000390_00-00-47.jpg,inaction/tr_9991/im000390_00-00-47.jpg,60,78,RGB,0.7692307692307693,4680,small_width
inaction,inaction/tr_9991,im000391_00-00-47.jpg,inaction/tr_9991/im000391_00-00-47.jpg,60,78,RGB,0.7692307692307693,4680,small_width
inaction,inaction/tr_9991,im000392_00-00-47.jpg,inaction/tr_9991/im000392_00-00-47.jpg,60,78,RGB,0.7692307692307693,4680,small_width
inaction,inaction/tr_9991,im000393_00-00-47.jpg,inaction/tr_9991/im000393_00-00-47.jpg,59,78,RGB,0.7564102564102564,4602,small_width
inaction,inaction/tr_9991,im000394_00-00-47.jpg,inaction/tr_9991/im000394_00-00-47.jpg,59,78,RGB,0.7564102564102564,4602,small_width
inaction,inaction/tr_9991,im000395_00-00-47.jpg,inaction/tr_9991/im000395_00-00-47.jpg,59,78,RGB,0.7564102564102564,4602,small_width
inaction,inaction/tr_9991,im000396_00-00-47.jpg,inaction/tr_9991/im000396_00-00-47.jpg,60,78,RGB,0.7692307692307693,4680,small_width
inaction,inaction/tr_9991,im000397_00-00-47.jpg,inaction/tr_9991/im000397_00-00-47.jpg,60,78,RGB,0.7692307692307693,4680,small_width
inaction,inaction/tr_9991,im000397_00-15-55.jpg,inaction/tr_9991/im000397_00-15-55.jpg,51,82,RGB,0.6219512195121951,4182,small_width
inaction,inaction/tr_9991,im000398_00-00-47.jpg,inaction/tr_9991/im000398_00-00-47.jpg,60,78,RGB,0.7692307692307693,4680,small_width
inaction,inaction/tr_9991,im000398_00-15-55.jpg,inaction/tr_9991/im000398_00-15-55.jpg,50,81,RGB,0.6172839506172839,4050,small_width
inaction,inaction/tr_9991,im000399_00-00-47.jpg,inaction/tr_9991/im000399_00-00-47.jpg,60,78,RGB,0.7692307692307693,4680,small_width
inaction,inaction/tr_9991,im000399_00-15-55.jpg,inaction/tr_9991/im000399_00-15-55.jpg,49,78,RGB,0.6282051282051282,3822,small_width
inaction,inaction/tr_9991,im000400_00-00-47.jpg,inaction/tr_9991/im000400_00-00-47.jpg,60,78,RGB,0.7692307692307693,4680,small_width
inaction,inaction/tr_9991,im000400_00-15-55.jpg,inaction/tr_9991/im000400_00-15-55.jpg,49,82,RGB,0.5975609756097561,4018,small_width
inaction,inaction/tr_9991,im000401_00-00-47.jpg,inaction/tr_9991/im000401_00-00-47.jpg,60,78,RGB,0.7692307692307693,4680,small_width
inaction,inaction/tr_9991,im000401_00-15-55.jpg,inaction/tr_9991/im000401_00-15-55.jpg,52,85,RGB,0.611764705882353,4420,small_width
inaction,inaction/tr_9991,im000402_00-00-48.jpg,inaction/tr_9991/im000402_00-00-48.jpg,60,78,RGB,0.7692307692307693,4680,small_width
inaction,inaction/tr_9991,im000402_00-15-55.jpg,inaction/tr_9991/im000402_00-15-55.jpg,54,84,RGB,0.6428571428571429,4536,small_width
inaction,inaction/tr_9991,im000403_00-00-48.jpg,inaction/tr_9991/im000403_00-00-48.jpg,59,78,RGB,0.7564102564102564,4602,small_width
inaction,inaction/tr_9991,im000403_00-15-55.jpg,inaction/tr_9991/im000403_00-15-55.jpg,48,74,RGB,0.6486486486486487,3552,small_width
inaction,inaction/tr_9991,im000404_00-00-48.jpg,inaction/tr_9991/im000404_00-00-48.jpg,59,78,RGB,0.7564102564102564,4602,small_width
inaction,inaction/tr_9991,im000404_00-15-55.jpg,inaction/tr_9991/im000404_00-15-55.jpg,43,74,RGB,0.581081081081081,3182,small_width
inaction,inaction/tr_9991,im000405_00-00-48.jpg,inaction/tr_9991/im000405_00-00-48.jpg,60,78,RGB,0.7692307692307693,4680,small_width
inaction,inaction/tr_9991,im000405_00-15-55.jpg,inaction/tr_9991/im000405_00-15-55.jpg,44,74,RGB,0.5945945945945946,3256,small_width
inaction,inaction/tr_9991,im000406_00-00-48.jpg,inaction/tr_9991/im000406_00-00-48.jpg,59,78,RGB,0.7564102564102564,4602,small_width
inaction,inaction/tr_9991,im000406_00-15-56.jpg,inaction/tr_9991/im000406_00-15-56.jpg,40,77,RGB,0.5194805194805194,3080,small_width
inaction,inaction/tr_9991,im000407_00-00-48.jpg,inaction/tr_9991/im000407_00-00-48.jpg,60,78,RGB,0.7692307692307693,4680,small_width
inaction,inaction/tr_9991,im000407_00-15-56.jpg,inaction/tr_9991/im000407_00-15-56.jpg,60,83,RGB,0.7228915662650602,4980,small_width
inaction,inaction/tr_9991,im000408_00-00-48.jpg,inaction/tr_9991/im000408_00-00-48.jpg,59,78,RGB,0.7564102564102564,4602,small_width
inaction,inaction/tr_9991,im000408_00-15-56.jpg,inaction/tr_9991/im000408_00-15-56.jpg,63,84,RGB,0.75,5292,small_width
inaction,inaction/tr_9991,im000409_00-00-48.jpg,inaction/tr_9991/im000409_00-00-48.jpg,59,78,RGB,0.7564102564102564,4602,small_width
inaction,inaction/tr_9991,im000409_00-15-56.jpg,inaction/tr_9991/im000409_00-15-56.jpg,63,85,RGB,0.7411764705882353,5355,small_width
inaction,inaction/tr_9991,im000410_00-00-48.jpg,inaction/tr_9991/im000410_00-00-48.jpg,60,78,RGB,0.7692307692307693,4680,small_width
inaction,inaction/tr_9991,im000410_00-15-56.jpg,inaction/tr_9991/im000410_00-15-56.jpg,63,83,RGB,0.7590361445783133,5229,small_width
inaction,inaction/tr_9991,im000411_00-00-48.jpg,inaction/tr_9991/im000411_00-00-48.jpg,60,78,RGB,0.7692307692307693,4680,small_width
inaction,inaction/tr_9991,im000412_00-00-48.jpg,inaction/tr_9991/im000412_00-00-48.jpg,60,78,RGB,0.7692307692307693,4680,small_width
inaction,inaction/tr_9991,im000413_00-00-48.jpg,inaction/tr_9991/im000413_00-00-48.jpg,60,78,RGB,0.7692307692307693,4680,small_width
inaction,inaction/tr_9991,im000414_00-00-49.jpg,inaction/tr_9991/im000414_00-00-49.jpg,59,78,RGB,0.7564102564102564,4602,small_width
inaction,inaction/tr_9991,im000414_00-15-57.jpg,inaction/tr_9991/im000414_00-15-57.jpg,62,84,RGB,0.7380952380952381,5208,small_width
inaction,inaction/tr_9991,im000415_00-00-49.jpg,inaction/tr_9991/im000415_00-00-49.jpg,59,77,RGB,0.7662337662337663,4543,small_width
inaction,inaction/tr_9991,im000415_00-15-57.jpg,inaction/tr_9991/im000415_00-15-57.jpg,61,85,RGB,0.7176470588235294,5185,small_width
inaction,inaction/tr_9991,im000416_00-00-49.jpg,inaction/tr_9991/im000416_00-00-49.jpg,59,77,RGB,0.7662337662337663,4543,small_width
inaction,inaction/tr_9991,im000416_00-15-57.jpg,inaction/tr_9991/im000416_00-15-57.jpg,61,83,RGB,0.7349397590361446,5063,small_width
inaction,inaction/tr_9991,im000417_00-00-49.jpg,inaction/tr_9991/im000417_00-00-49.jpg,59,77,RGB,0.7662337662337663,4543,small_width
inaction,inaction/tr_9991,im000417_00-15-57.jpg,inaction/tr_9991/im000417_00-15-57.jpg,60,81,RGB,0.7407407407407407,4860,small_width
inaction,inaction/tr_9991,im000418_00-00-49.jpg,inaction/tr_9991/im000418_00-00-49.jpg,60,78,RGB,0.7692307692307693,4680,small_width
inaction,inaction/tr_9991,im000418_00-15-57.jpg,inaction/tr_9991/im000418_00-15-57.jpg,60,80,RGB,0.75,4800,small_width
inaction,inaction/tr_9991,im000419_00-00-49.jpg,inaction/tr_9991/im000419_00-00-49.jpg,59,78,RGB,0.7564102564102564,4602,small_width
inaction,inaction/tr_9991,im000419_00-15-57.jpg,inaction/tr_9991/im000419_00-15-57.jpg,61,78,RGB,0.782051282051282,4758,small_width
inaction,inaction/tr_9991,im000420_00-00-49.jpg,inaction/tr_9991/im000420_00-00-49.jpg,59,78,RGB,0.7564102564102564,4602,small_width
inaction,inaction/tr_9991,im000420_00-15-57.jpg,inaction/tr_9991/im000420_00-15-57.jpg,61,78,RGB,0.782051282051282,4758,small_width
inaction,inaction/tr_9991,im000421_00-00-49.jpg,inaction/tr_9991/im000421_00-00-49.jpg,59,78,RGB,0.7564102564102564,4602,small_width
inaction,inaction/tr_9991,im000421_00-15-57.jpg,inaction/tr_9991/im000421_00-15-57.jpg,61,78,RGB,0.782051282051282,4758,small_width
inaction,inaction/tr_9991,im000422_00-00-49.jpg,inaction/tr_9991/im000422_00-00-49.jpg,59,77,RGB,0.7662337662337663,4543,small_width
inaction,inaction/tr_9991,im000422_00-15-57.jpg,inaction/tr_9991/im000422_00-15-57.jpg,61,79,RGB,0.7721518987341772,4819,small_width
inaction,inaction/tr_9991,im000423_00-00-49.jpg,inaction/tr_9991/im000423_00-00-49.jpg,59,77,RGB,0.7662337662337663,4543,small_width
inaction,inaction/tr_9991,im000423_00-15-58.jpg,inaction/tr_9991/im000423_00-15-58.jpg,62,78,RGB,0.7948717948717948,4836,small_width
inaction,inaction/tr_9991,im000424_00-00-49.jpg,inaction/tr_9991/im000424_00-00-49.jpg,59,77,RGB,0.7662337662337663,4543,small_width
inaction,inaction/tr_9991,im000424_00-15-58.jpg,inaction/tr_9991/im000424_00-15-58.jpg,61,78,RGB,0.782051282051282,4758,small_width
inaction,inaction/tr_9991,im000425_00-00-49.jpg,inaction/tr_9991/im000425_00-00-49.jpg,59,78,RGB,0.7564102564102564,4602,small_width
inaction,inaction/tr_9991,im000425_00-15-58.jpg,inaction/tr_9991/im000425_00-15-58.jpg,61,78,RGB,0.782051282051282,4758,small_width
inaction,inaction/tr_9991,im000426_00-00-50.jpg,inaction/tr_9991/im000426_00-00-50.jpg,60,77,RGB,0.7792207792207793,4620,small_width
inaction,inaction/tr_9991,im000426_00-15-58.jpg,inaction/tr_9991/im000426_00-15-58.jpg,61,79,RGB,0.7721518987341772,4819,small_width
inaction,inaction/tr_9991,im000427_00-00-50.jpg,inaction/tr_9991/im000427_00-00-50.jpg,59,77,RGB,0.7662337662337663,4543,small_width
inaction,inaction/tr_9991,im000427_00-15-58.jpg,inaction/tr_9991/im000427_00-15-58.jpg,61,78,RGB,0.782051282051282,4758,small_width
inaction,inaction/tr_9991,im000428_00-00-50.jpg,inaction/tr_9991/im000428_00-00-50.jpg,59,78,RGB,0.7564102564102564,4602,small_width
inaction,inaction/tr_9991,im000428_00-15-58.jpg,inaction/tr_9991/im000428_00-15-58.jpg,61,78,RGB,0.782051282051282,4758,small_width
inaction,inaction/tr_9991,im000429_00-00-50.jpg,inaction/tr_9991/im000429_00-00-50.jpg,59,78,RGB,0.7564102564102564,4602,small_width
inaction,inaction/tr_9991,im000429_00-15-58.jpg,inaction/tr_9991/im000429_00-15-58.jpg,61,78,RGB,0.782051282051282,4758,small_width
inaction,inaction/tr_9991,im000430_00-00-50.jpg,inaction/tr_9991/im000430_00-00-50.jpg,59,78,RGB,0.7564102564102564,4602,small_width
inaction,inaction/tr_9991,im000430_00-15-58.jpg,inaction/tr_9991/im000430_00-15-58.jpg,61,79,RGB,0.7721518987341772,4819,small_width
inaction,inaction/tr_9991,im000431_00-00-50.jpg,inaction/tr_9991/im000431_00-00-50.jpg,59,78,RGB,0.7564102564102564,4602,small_width
inaction,inaction/tr_9991,im000431_00-15-58.jpg,inaction/tr_9991/im000431_00-15-58.jpg,61,80,RGB,0.7625,4880,small_width
inaction,inaction/tr_9991,im000432_00-00-50.jpg,inaction/tr_9991/im000432_00-00-50.jpg,59,78,RGB,0.7564102564102564,4602,small_width
inaction,inaction/tr_9991,im000432_00-15-58.jpg,inaction/tr_9991/im000432_00-15-58.jpg,60,80,RGB,0.75,4800,small_width
inaction,inaction/tr_9991,im000433_00-00-50.jpg,inaction/tr_9991/im000433_00-00-50.jpg,60,76,RGB,0.7894736842105263,4560,small_width
inaction,inaction/tr_9991,im000433_00-15-58.jpg,inaction/tr_9991/im000433_00-15-58.jpg,61,80,RGB,0.7625,4880,small_width
inaction,inaction/tr_9991,im000434_00-00-50.jpg,inaction/tr_9991/im000434_00-00-50.jpg,60,73,RGB,0.821917808219178,4380,small_width
inaction,inaction/tr_9991,im000434_00-15-58.jpg,inaction/tr_9991/im000434_00-15-58.jpg,61,79,RGB,0.7721518987341772,4819,small_width
inaction,inaction/tr_9991,im000435_00-00-50.jpg,inaction/tr_9991/im000435_00-00-50.jpg,60,74,RGB,0.8108108108108109,4440,small_width
inaction,inaction/tr_9991,im000435_00-15-59.jpg,inaction/tr_9991/im000435_00-15-59.jpg,61,79,RGB,0.7721518987341772,4819,small_width
inaction,inaction/tr_9991,im000436_00-00-50.jpg,inaction/tr_9991/im000436_00-00-50.jpg,60,72,RGB,0.8333333333333334,4320,small_width
inaction,inaction/tr_9991,im000436_00-15-59.jpg,inaction/tr_9991/im000436_00-15-59.jpg,61,79,RGB,0.7721518987341772,4819,small_width
inaction,inaction/tr_9991,im000437_00-00-50.jpg,inaction/tr_9991/im000437_00-00-50.jpg,60,74,RGB,0.8108108108108109,4440,small_width
inaction,inaction/tr_9991,im000437_00-15-59.jpg,inaction/tr_9991/im000437_00-15-59.jpg,61,78,RGB,0.782051282051282,4758,small_width
inaction,inaction/tr_9991,im000438_00-00-51.jpg,inaction/tr_9991/im000438_00-00-51.jpg,61,75,RGB,0.8133333333333334,4575,small_width
inaction,inaction/tr_9991,im000438_00-15-59.jpg,inaction/tr_9991/im000438_00-15-59.jpg,61,77,RGB,0.7922077922077922,4697,small_width
inaction,inaction/tr_9991,im000439_00-00-51.jpg,inaction/tr_9991/im000439_00-00-51.jpg,60,75,RGB,0.8,4500,small_width
inaction,inaction/tr_9991,im000439_00-15-59.jpg,inaction/tr_9991/im000439_00-15-59.jpg,61,78,RGB,0.782051282051282,4758,small_width
inaction,inaction/tr_9991,im000440_00-00-51.jpg,inaction/tr_9991/im000440_00-00-51.jpg,60,75,RGB,0.8,4500,small_width
inaction,inaction/tr_9991,im000440_00-15-59.jpg,inaction/tr_9991/im000440_00-15-59.jpg,61,78,RGB,0.782051282051282,4758,small_width
inaction,inaction/tr_9991,im000441_00-00-51.jpg,inaction/tr_9991/im000441_00-00-51.jpg,60,73,RGB,0.821917808219178,4380,small_width
inaction,inaction/tr_9991,im000441_00-15-59.jpg,inaction/tr_9991/im000441_00-15-59.jpg,60,78,RGB,0.7692307692307693,4680,small_width
inaction,inaction/tr_9991,im000442_00-00-51.jpg,inaction/tr_9991/im000442_00-00-51.jpg,60,75,RGB,0.8,4500,small_width
inaction,inaction/tr_9991,im000442_00-15-59.jpg,inaction/tr_9991/im000442_00-15-59.jpg,60,78,RGB,0.7692307692307693,4680,small_width
inaction,inaction/tr_9991,im000443_00-00-51.jpg,inaction/tr_9991/im000443_00-00-51.jpg,60,75,RGB,0.8,4500,small_width
inaction,inaction/tr_9991,im000443_00-15-59.jpg,inaction/tr_9991/im000443_00-15-59.jpg,61,77,RGB,0.7922077922077922,4697,small_width
inaction,inaction/tr_9991,im000444_00-00-51.jpg,inaction/tr_9991/im000444_00-00-51.jpg,60,75,RGB,0.8,4500,small_width
inaction,inaction/tr_9991,im000444_00-15-59.jpg,inaction/tr_9991/im000444_00-15-59.jpg,62,78,RGB,0.7948717948717948,4836,small_width
inaction,inaction/tr_9991,im000445_00-00-51.jpg,inaction/tr_9991/im000445_00-00-51.jpg,60,75,RGB,0.8,4500,small_width
inaction,inaction/tr_9991,im000445_00-15-59.jpg,inaction/tr_9991/im000445_00-15-59.jpg,62,78,RGB,0.7948717948717948,4836,small_width
inaction,inaction/tr_9991,im000446_00-00-51.jpg,inaction/tr_9991/im000446_00-00-51.jpg,59,76,RGB,0.7763157894736842,4484,small_width
inaction,inaction/tr_9991,im000446_00-15-59.jpg,inaction/tr_9991/im000446_00-15-59.jpg,62,77,RGB,0.8051948051948052,4774,small_width
inaction,inaction/tr_9991,im000447_00-00-51.jpg,inaction/tr_9991/im000447_00-00-51.jpg,59,75,RGB,0.7866666666666666,4425,small_width
inaction,inaction/tr_9991,im000447_00-16-00.jpg,inaction/tr_9991/im000447_00-16-00.jpg,60,78,RGB,0.7692307692307693,4680,small_width
inaction,inaction/tr_9991,im000448_00-00-51.jpg,inaction/tr_9991/im000448_00-00-51.jpg,60,75,RGB,0.8,4500,small_width
inaction,inaction/tr_9991,im000448_00-16-00.jpg,inaction/tr_9991/im000448_00-16-00.jpg,60,78,RGB,0.7692307692307693,4680,small_width
inaction,inaction/tr_9991,im000449_00-00-51.jpg,inaction/tr_9991/im000449_00-00-51.jpg,60,75,RGB,0.8,4500,small_width
inaction,inaction/tr_9991,im000449_00-16-00.jpg,inaction/tr_9991/im000449_00-16-00.jpg,60,78,RGB,0.7692307692307693,4680,small_width
inaction,inaction/tr_9991,im000450_00-00-52.jpg,inaction/tr_9991/im000450_00-00-52.jpg,60,74,RGB,0.8108108108108109,4440,small_width
inaction,inaction/tr_9991,im000450_00-16-00.jpg,inaction/tr_9991/im000450_00-16-00.jpg,60,79,RGB,0.759493670886076,4740,small_width
inaction,inaction/tr_9991,im000451_00-00-52.jpg,inaction/tr_9991/im000451_00-00-52.jpg,60,73,RGB,0.821917808219178,4380,small_width
inaction,inaction/tr_9991,im000451_00-16-00.jpg,inaction/tr_9991/im000451_00-16-00.jpg,60,79,RGB,0.759493670886076,4740,small_width
inaction,inaction/tr_9991,im000452_00-00-52.jpg,inaction/tr_9991/im000452_00-00-52.jpg,60,74,RGB,0.8108108108108109,4440,small_width
inaction,inaction/tr_9991,im000452_00-16-00.jpg,inaction/tr_9991/im000452_00-16-00.jpg,60,79,RGB,0.759493670886076,4740,small_width
inaction,inaction/tr_9991,im000453_00-00-52.jpg,inaction/tr_9991/im000453_00-00-52.jpg,60,74,RGB,0.8108108108108109,4440,small_width
inaction,inaction/tr_9991,im000453_00-16-00.jpg,inaction/tr_9991/im000453_00-16-00.jpg,60,79,RGB,0.759493670886076,4740,small_width
inaction,inaction/tr_9991,im000454_00-00-52.jpg,inaction/tr_9991/im000454_00-00-52.jpg,60,77,RGB,0.7792207792207793,4620,small_width
inaction,inaction/tr_9991,im000454_00-16-00.jpg,inaction/tr_9991/im000454_00-16-00.jpg,60,79,RGB,0.759493670886076,4740,small_width
inaction,inaction/tr_9991,im000455_00-00-52.jpg,inaction/tr_9991/im000455_00-00-52.jpg,59,77,RGB,0.7662337662337663,4543,small_width
inaction,inaction/tr_9991,im000455_00-16-00.jpg,inaction/tr_9991/im000455_00-16-00.jpg,60,78,RGB,0.7692307692307693,4680,small_width
inaction,inaction/tr_9991,im000456_00-00-52.jpg,inaction/tr_9991/im000456_00-00-52.jpg,60,78,RGB,0.7692307692307693,4680,small_width
inaction,inaction/tr_9991,im000456_00-16-00.jpg,inaction/tr_9991/im000456_00-16-00.jpg,60,78,RGB,0.7692307692307693,4680,small_width
inaction,inaction/tr_9991,im000457_00-00-52.jpg,inaction/tr_9991/im000457_00-00-52.jpg,60,78,RGB,0.7692307692307693,4680,small_width
inaction,inaction/tr_9991,im000457_00-16-00.jpg,inaction/tr_9991/im000457_00-16-00.jpg,60,78,RGB,0.7692307692307693,4680,small_width
inaction,inaction/tr_9991,im000458_00-00-52.jpg,inaction/tr_9991/im000458_00-00-52.jpg,60,77,RGB,0.7792207792207793,4620,small_width
inaction,inaction/tr_9991,im000458_00-16-00.jpg,inaction/tr_9991/im000458_00-16-00.jpg,59,78,RGB,0.7564102564102564,4602,small_width
inaction,inaction/tr_9991,im000459_00-00-52.jpg,inaction/tr_9991/im000459_00-00-52.jpg,60,78,RGB,0.7692307692307693,4680,small_width
inaction,inaction/tr_9991,im000459_00-16-01.jpg,inaction/tr_9991/im000459_00-16-01.jpg,61,78,RGB,0.782051282051282,4758,small_width
inaction,inaction/tr_9991,im000460_00-00-52.jpg,inaction/tr_9991/im000460_00-00-52.jpg,60,77,RGB,0.7792207792207793,4620,small_width
inaction,inaction/tr_9991,im000460_00-16-01.jpg,inaction/tr_9991/im000460_00-16-01.jpg,61,78,RGB,0.782051282051282,4758,small_width
inaction,inaction/tr_9991,im000461_00-00-52.jpg,inaction/tr_9991/im000461_00-00-52.jpg,60,77,RGB,0.7792207792207793,4620,small_width
inaction,inaction/tr_9991,im000461_00-16-01.jpg,inaction/tr_9991/im000461_00-16-01.jpg,61,79,RGB,0.7721518987341772,4819,small_width
inaction,inaction/tr_9991,im000462_00-00-53.jpg,inaction/tr_9991/im000462_00-00-53.jpg,60,77,RGB,0.7792207792207793,4620,small_width
inaction,inaction/tr_9991,im000462_00-16-01.jpg,inaction/tr_9991/im000462_00-16-01.jpg,61,79,RGB,0.7721518987341772,4819,small_width
inaction,inaction/tr_9991,im000463_00-00-53.jpg,inaction/tr_9991/im000463_00-00-53.jpg,59,76,RGB,0.7763157894736842,4484,small_width
inaction,inaction/tr_9991,im000463_00-16-01.jpg,inaction/tr_9991/im000463_00-16-01.jpg,61,77,RGB,0.7922077922077922,4697,small_width
inaction,inaction/tr_9991,im000464_00-00-53.jpg,inaction/tr_9991/im000464_00-00-53.jpg,59,77,RGB,0.7662337662337663,4543,small_width
inaction,inaction/tr_9991,im000464_00-16-01.jpg,inaction/tr_9991/im000464_00-16-01.jpg,62,77,RGB,0.8051948051948052,4774,small_width
inaction,inaction/tr_9991,im000465_00-00-53.jpg,inaction/tr_9991/im000465_00-00-53.jpg,59,76,RGB,0.7763157894736842,4484,small_width
inaction,inaction/tr_9991,im000465_00-16-01.jpg,inaction/tr_9991/im000465_00-16-01.jpg,62,77,RGB,0.8051948051948052,4774,small_width
inaction,inaction/tr_9991,im000466_00-00-53.jpg,inaction/tr_9991/im000466_00-00-53.jpg,60,76,RGB,0.7894736842105263,4560,small_width
inaction,inaction/tr_9991,im000466_00-16-01.jpg,inaction/tr_9991/im000466_00-16-01.jpg,62,77,RGB,0.8051948051948052,4774,small_width
inaction,inaction/tr_9991,im000467_00-00-53.jpg,inaction/tr_9991/im000467_00-00-53.jpg,60,76,RGB,0.7894736842105263,4560,small_width
inaction,inaction/tr_9991,im000467_00-16-01.jpg,inaction/tr_9991/im000467_00-16-01.jpg,59,76,RGB,0.7763157894736842,4484,small_width
inaction,inaction/tr_9991,im000468_00-00-53.jpg,inaction/tr_9991/im000468_00-00-53.jpg,60,78,RGB,0.7692307692307693,4680,small_width
inaction,inaction/tr_9991,im000468_00-16-01.jpg,inaction/tr_9991/im000468_00-16-01.jpg,59,76,RGB,0.7763157894736842,4484,small_width
inaction,inaction/tr_9991,im000469_00-00-53.jpg,inaction/tr_9991/im000469_00-00-53.jpg,60,77,RGB,0.7792207792207793,4620,small_width
inaction,inaction/tr_9991,im000469_00-16-01.jpg,inaction/tr_9991/im000469_00-16-01.jpg,59,76,RGB,0.7763157894736842,4484,small_width
inaction,inaction/tr_9991,im000470_00-00-53.jpg,inaction/tr_9991/im000470_00-00-53.jpg,60,79,RGB,0.759493670886076,4740,small_width
inaction,inaction/tr_9991,im000470_00-16-01.jpg,inaction/tr_9991/im000470_00-16-01.jpg,59,76,RGB,0.7763157894736842,4484,small_width
inaction,inaction/tr_9991,im000471_00-00-53.jpg,inaction/tr_9991/im000471_00-00-53.jpg,60,78,RGB,0.7692307692307693,4680,small_width
inaction,inaction/tr_9991,im000471_00-16-02.jpg,inaction/tr_9991/im000471_00-16-02.jpg,61,75,RGB,0.8133333333333334,4575,small_width
inaction,inaction/tr_9991,im000472_00-00-53.jpg,inaction/tr_9991/im000472_00-00-53.jpg,61,78,RGB,0.782051282051282,4758,small_width
inaction,inaction/tr_9991,im000472_00-16-02.jpg,inaction/tr_9991/im000472_00-16-02.jpg,61,75,RGB,0.8133333333333334,4575,small_width
inaction,inaction/tr_9991,im000473_00-00-53.jpg,inaction/tr_9991/im000473_00-00-53.jpg,61,80,RGB,0.7625,4880,small_width
inaction,inaction/tr_9991,im000473_00-16-02.jpg,inaction/tr_9991/im000473_00-16-02.jpg,61,75,RGB,0.8133333333333334,4575,small_width
inaction,inaction/tr_9991,im000474_00-00-54.jpg,inaction/tr_9991/im000474_00-00-54.jpg,61,80,RGB,0.7625,4880,small_width
inaction,inaction/tr_9991,im000474_00-16-02.jpg,inaction/tr_9991/im000474_00-16-02.jpg,61,75,RGB,0.8133333333333334,4575,small_width
inaction,inaction/tr_9991,im000475_00-00-54.jpg,inaction/tr_9991/im000475_00-00-54.jpg,61,80,RGB,0.7625,4880,small_width
inaction,inaction/tr_9991,im000475_00-16-02.jpg,inaction/tr_9991/im000475_00-16-02.jpg,59,76,RGB,0.7763157894736842,4484,small_width
inaction,inaction/tr_9991,im000476_00-00-54.jpg,inaction/tr_9991/im000476_00-00-54.jpg,60,80,RGB,0.75,4800,small_width
inaction,inaction/tr_9991,im000476_00-16-02.jpg,inaction/tr_9991/im000476_00-16-02.jpg,59,76,RGB,0.7763157894736842,4484,small_width
inaction,inaction/tr_9991,im000477_00-00-54.jpg,inaction/tr_9991/im000477_00-00-54.jpg,60,80,RGB,0.75,4800,small_width
inaction,inaction/tr_9991,im000477_00-16-02.jpg,inaction/tr_9991/im000477_00-16-02.jpg,59,76,RGB,0.7763157894736842,4484,small_width
inaction,inaction/tr_9991,im000478_00-00-54.jpg,inaction/tr_9991/im000478_00-00-54.jpg,59,80,RGB,0.7375,4720,small_width
inaction,inaction/tr_9991,im000478_00-16-02.jpg,inaction/tr_9991/im000478_00-16-02.jpg,59,76,RGB,0.7763157894736842,4484,small_width
inaction,inaction/tr_9991,im000479_00-00-54.jpg,inaction/tr_9991/im000479_00-00-54.jpg,59,80,RGB,0.7375,4720,small_width
inaction,inaction/tr_9991,im000479_00-16-02.jpg,inaction/tr_9991/im000479_00-16-02.jpg,59,76,RGB,0.7763157894736842,4484,small_width
inaction,inaction/tr_9991,im000480_00-00-54.jpg,inaction/tr_9991/im000480_00-00-54.jpg,59,80,RGB,0.7375,4720,small_width
inaction,inaction/tr_9991,im000480_00-16-02.jpg,inaction/tr_9991/im000480_00-16-02.jpg,59,76,RGB,0.7763157894736842,4484,small_width
inaction,inaction/tr_9991,im000481_00-00-54.jpg,inaction/tr_9991/im000481_00-00-54.jpg,59,80,RGB,0.7375,4720,small_width
inaction,inaction/tr_9991,im000481_00-16-02.jpg,inaction/tr_9991/im000481_00-16-02.jpg,59,76,RGB,0.7763157894736842,4484,small_width
inaction,inaction/tr_9991,im000482_00-00-54.jpg,inaction/tr_9991/im000482_00-00-54.jpg,60,81,RGB,0.7407407407407407,4860,small_width
inaction,inaction/tr_9991,im000482_00-16-02.jpg,inaction/tr_9991/im000482_00-16-02.jpg,59,77,RGB,0.7662337662337663,4543,small_width
inaction,inaction/tr_9991,im000483_00-00-54.jpg,inaction/tr_9991/im000483_00-00-54.jpg,60,81,RGB,0.7407407407407407,4860,small_width
inaction,inaction/tr_9991,im000483_00-16-03.jpg,inaction/tr_9991/im000483_00-16-03.jpg,58,77,RGB,0.7532467532467533,4466,small_width
inaction,inaction/tr_9991,im000484_00-00-54.jpg,inaction/tr_9991/im000484_00-00-54.jpg,60,80,RGB,0.75,4800,small_width
inaction,inaction/tr_9991,im000484_00-16-03.jpg,inaction/tr_9991/im000484_00-16-03.jpg,58,78,RGB,0.7435897435897436,4524,small_width
inaction,inaction/tr_9991,im000485_00-00-54.jpg,inaction/tr_9991/im000485_00-00-54.jpg,60,80,RGB,0.75,4800,small_width
inaction,inaction/tr_9991,im000485_00-16-03.jpg,inaction/tr_9991/im000485_00-16-03.jpg,59,79,RGB,0.7468354430379747,4661,small_width
inaction,inaction/tr_9991,im000486_00-00-55.jpg,inaction/tr_9991/im000486_00-00-55.jpg,61,80,RGB,0.7625,4880,small_width
inaction,inaction/tr_9991,im000486_00-16-03.jpg,inaction/tr_9991/im000486_00-16-03.jpg,58,80,RGB,0.725,4640,small_width
inaction,inaction/tr_9991,im000487_00-00-55.jpg,inaction/tr_9991/im000487_00-00-55.jpg,61,80,RGB,0.7625,4880,small_width
inaction,inaction/tr_9991,im000487_00-16-03.jpg,inaction/tr_9991/im000487_00-16-03.jpg,59,80,RGB,0.7375,4720,small_width
inaction,inaction/tr_9991,im000488_00-00-55.jpg,inaction/tr_9991/im000488_00-00-55.jpg,61,80,RGB,0.7625,4880,small_width
inaction,inaction/tr_9991,im000488_00-16-03.jpg,inaction/tr_9991/im000488_00-16-03.jpg,59,80,RGB,0.7375,4720,small_width
inaction,inaction/tr_9991,im000489_00-00-55.jpg,inaction/tr_9991/im000489_00-00-55.jpg,61,80,RGB,0.7625,4880,small_width
inaction,inaction/tr_9991,im000489_00-16-03.jpg,inaction/tr_9991/im000489_00-16-03.jpg,59,80,RGB,0.7375,4720,small_width
inaction,inaction/tr_9991,im000490_00-00-55.jpg,inaction/tr_9991/im000490_00-00-55.jpg,61,80,RGB,0.7625,4880,small_width
inaction,inaction/tr_9991,im000490_00-16-03.jpg,inaction/tr_9991/im000490_00-16-03.jpg,59,80,RGB,0.7375,4720,small_width
inaction,inaction/tr_9991,im000491_00-00-55.jpg,inaction/tr_9991/im000491_00-00-55.jpg,61,80,RGB,0.7625,4880,small_width
inaction,inaction/tr_9991,im000491_00-16-03.jpg,inaction/tr_9991/im000491_00-16-03.jpg,58,81,RGB,0.7160493827160493,4698,small_width
inaction,inaction/tr_9991,im000492_00-00-55.jpg,inaction/tr_9991/im000492_00-00-55.jpg,61,80,RGB,0.7625,4880,small_width
inaction,inaction/tr_9991,im000492_00-16-03.jpg,inaction/tr_9991/im000492_00-16-03.jpg,58,81,RGB,0.7160493827160493,4698,small_width
inaction,inaction/tr_9991,im000493_00-00-55.jpg,inaction/tr_9991/im000493_00-00-55.jpg,61,80,RGB,0.7625,4880,small_width
inaction,inaction/tr_9991,im000493_00-16-03.jpg,inaction/tr_9991/im000493_00-16-03.jpg,58,81,RGB,0.7160493827160493,4698,small_width
inaction,inaction/tr_9991,im000494_00-00-55.jpg,inaction/tr_9991/im000494_00-00-55.jpg,63,78,RGB,0.8076923076923077,4914,small_width
inaction,inaction/tr_9991,im000494_00-16-03.jpg,inaction/tr_9991/im000494_00-16-03.jpg,59,80,RGB,0.7375,4720,small_width
inaction,inaction/tr_9991,im000495_00-00-55.jpg,inaction/tr_9991/im000495_00-00-55.jpg,62,78,RGB,0.7948717948717948,4836,small_width
inaction,inaction/tr_9991,im000495_00-16-04.jpg,inaction/tr_9991/im000495_00-16-04.jpg,59,80,RGB,0.7375,4720,small_width
inaction,inaction/tr_9991,im000496_00-00-55.jpg,inaction/tr_9991/im000496_00-00-55.jpg,62,78,RGB,0.7948717948717948,4836,small_width
inaction,inaction/tr_9991,im000496_00-16-04.jpg,inaction/tr_9991/im000496_00-16-04.jpg,59,81,RGB,0.7283950617283951,4779,small_width
inaction,inaction/tr_9991,im000497_00-00-55.jpg,inaction/tr_9991/im000497_00-00-55.jpg,62,78,RGB,0.7948717948717948,4836,small_width
inaction,inaction/tr_9991,im000497_00-16-04.jpg,inaction/tr_9991/im000497_00-16-04.jpg,59,82,RGB,0.7195121951219512,4838,small_width
inaction,inaction/tr_9991,im000498_00-00-56.jpg,inaction/tr_9991/im000498_00-00-56.jpg,61,78,RGB,0.782051282051282,4758,small_width
inaction,inaction/tr_9991,im000498_00-16-04.jpg,inaction/tr_9991/im000498_00-16-04.jpg,60,84,RGB,0.7142857142857143,5040,small_width
inaction,inaction/tr_9991,im000499_00-00-56.jpg,inaction/tr_9991/im000499_00-00-56.jpg,61,78,RGB,0.782051282051282,4758,small_width
inaction,inaction/tr_9991,im000499_00-16-04.jpg,inaction/tr_9991/im000499_00-16-04.jpg,61,85,RGB,0.7176470588235294,5185,small_width
inaction,inaction/tr_9991,im000500_00-00-56.jpg,inaction/tr_9991/im000500_00-00-56.jpg,61,78,RGB,0.782051282051282,4758,small_width
inaction,inaction/tr_9991,im000500_00-16-04.jpg,inaction/tr_9991/im000500_00-16-04.jpg,62,86,RGB,0.7209302325581395,5332,small_width
inaction,inaction/tr_9991,im000501_00-00-56.jpg,inaction/tr_9991/im000501_00-00-56.jpg,61,78,RGB,0.782051282051282,4758,small_width
inaction,inaction/tr_9991,im000501_00-16-04.jpg,inaction/tr_9991/im000501_00-16-04.jpg,62,86,RGB,0.7209302325581395,5332,small_width
inaction,inaction/tr_9991,im000502_00-00-56.jpg,inaction/tr_9991/im000502_00-00-56.jpg,61,78,RGB,0.782051282051282,4758,small_width
inaction,inaction/tr_9991,im000502_00-16-04.jpg,inaction/tr_9991/im000502_00-16-04.jpg,54,84,RGB,0.6428571428571429,4536,small_width
inaction,inaction/tr_9991,im000503_00-00-56.jpg,inaction/tr_9991/im000503_00-00-56.jpg,61,78,RGB,0.782051282051282,4758,small_width
inaction,inaction/tr_9991,im000503_00-16-04.jpg,inaction/tr_9991/im000503_00-16-04.jpg,49,84,RGB,0.5833333333333334,4116,small_width
inaction,inaction/tr_9991,im000504_00-00-56.jpg,inaction/tr_9991/im000504_00-00-56.jpg,61,78,RGB,0.782051282051282,4758,small_width
inaction,inaction/tr_9991,im000504_00-16-04.jpg,inaction/tr_9991/im000504_00-16-04.jpg,47,85,RGB,0.5529411764705883,3995,small_width
inaction,inaction/tr_9991,im000505_00-00-56.jpg,inaction/tr_9991/im000505_00-00-56.jpg,61,78,RGB,0.782051282051282,4758,small_width
inaction,inaction/tr_9991,im000505_00-16-04.jpg,inaction/tr_9991/im000505_00-16-04.jpg,48,84,RGB,0.5714285714285714,4032,small_width
inaction,inaction/tr_9991,im000506_00-00-56.jpg,inaction/tr_9991/im000506_00-00-56.jpg,60,77,RGB,0.7792207792207793,4620,small_width
inaction,inaction/tr_9991,im000506_00-16-04.jpg,inaction/tr_9991/im000506_00-16-04.jpg,49,84,RGB,0.5833333333333334,4116,small_width
inaction,inaction/tr_9991,im000507_00-00-56.jpg,inaction/tr_9991/im000507_00-00-56.jpg,60,78,RGB,0.7692307692307693,4680,small_width
inaction,inaction/tr_9991,im000507_00-16-05.jpg,inaction/tr_9991/im000507_00-16-05.jpg,47,85,RGB,0.5529411764705883,3995,small_width
inaction,inaction/tr_9991,im000508_00-00-56.jpg,inaction/tr_9991/im000508_00-00-56.jpg,60,78,RGB,0.7692307692307693,4680,small_width
inaction,inaction/tr_9991,im000508_00-16-05.jpg,inaction/tr_9991/im000508_00-16-05.jpg,46,86,RGB,0.5348837209302325,3956,small_width
inaction,inaction/tr_9991,im000509_00-00-56.jpg,inaction/tr_9991/im000509_00-00-56.jpg,60,78,RGB,0.7692307692307693,4680,small_width
inaction,inaction/tr_9991,im000509_00-16-05.jpg,inaction/tr_9991/im000509_00-16-05.jpg,45,85,RGB,0.5294117647058824,3825,small_width
inaction,inaction/tr_9991,im000510_00-00-57.jpg,inaction/tr_9991/im000510_00-00-57.jpg,61,77,RGB,0.7922077922077922,4697,small_width
inaction,inaction/tr_9991,im000510_00-16-05.jpg,inaction/tr_9991/im000510_00-16-05.jpg,45,85,RGB,0.5294117647058824,3825,small_width
inaction,inaction/tr_9991,im000511_00-00-57.jpg,inaction/tr_9991/im000511_00-00-57.jpg,61,77,RGB,0.7922077922077922,4697,small_width
inaction,inaction/tr_9991,im000511_00-16-05.jpg,inaction/tr_9991/im000511_00-16-05.jpg,43,87,RGB,0.4942528735632184,3741,small_width
inaction,inaction/tr_9991,im000512_00-00-57.jpg,inaction/tr_9991/im000512_00-00-57.jpg,61,77,RGB,0.7922077922077922,4697,small_width
inaction,inaction/tr_9991,im000512_00-16-05.jpg,inaction/tr_9991/im000512_00-16-05.jpg,43,87,RGB,0.4942528735632184,3741,small_width
inaction,inaction/tr_9991,im000513_00-00-57.jpg,inaction/tr_9991/im000513_00-00-57.jpg,61,77,RGB,0.7922077922077922,4697,small_width
inaction,inaction/tr_9991,im000513_00-16-05.jpg,inaction/tr_9991/im000513_00-16-05.jpg,43,87,RGB,0.4942528735632184,3741,small_width
inaction,inaction/tr_9991,im000514_00-00-57.jpg,inaction/tr_9991/im000514_00-00-57.jpg,61,77,RGB,0.7922077922077922,4697,small_width
inaction,inaction/tr_9991,im000514_00-16-05.jpg,inaction/tr_9991/im000514_00-16-05.jpg,44,87,RGB,0.5057471264367817,3828,small_width
inaction,inaction/tr_9991,im000515_00-00-57.jpg,inaction/tr_9991/im000515_00-00-57.jpg,61,77,RGB,0.7922077922077922,4697,small_width
inaction,inaction/tr_9991,im000515_00-16-05.jpg,inaction/tr_9991/im000515_00-16-05.jpg,46,87,RGB,0.5287356321839081,4002,small_width
inaction,inaction/tr_9991,im000516_00-00-57.jpg,inaction/tr_9991/im000516_00-00-57.jpg,61,77,RGB,0.7922077922077922,4697,small_width
inaction,inaction/tr_9991,im000516_00-16-05.jpg,inaction/tr_9991/im000516_00-16-05.jpg,46,87,RGB,0.5287356321839081,4002,small_width
inaction,inaction/tr_9991,im000517_00-00-57.jpg,inaction/tr_9991/im000517_00-00-57.jpg,61,77,RGB,0.7922077922077922,4697,small_width
inaction,inaction/tr_9991,im000517_00-16-05.jpg,inaction/tr_9991/im000517_00-16-05.jpg,45,87,RGB,0.5172413793103449,3915,small_width
inaction,inaction/tr_9991,im000518_00-00-57.jpg,inaction/tr_9991/im000518_00-00-57.jpg,61,78,RGB,0.782051282051282,4758,small_width
inaction,inaction/tr_9991,im000518_00-16-05.jpg,inaction/tr_9991/im000518_00-16-05.jpg,46,86,RGB,0.5348837209302325,3956,small_width
inaction,inaction/tr_9991,im000519_00-00-57.jpg,inaction/tr_9991/im000519_00-00-57.jpg,61,78,RGB,0.782051282051282,4758,small_width
inaction,inaction/tr_9991,im000519_00-16-06.jpg,inaction/tr_9991/im000519_00-16-06.jpg,44,86,RGB,0.5116279069767442,3784,small_width
inaction,inaction/tr_9991,im000520_00-00-57.jpg,inaction/tr_9991/im000520_00-00-57.jpg,61,78,RGB,0.782051282051282,4758,small_width
inaction,inaction/tr_9991,im000520_00-16-06.jpg,inaction/tr_9991/im000520_00-16-06.jpg,42,87,RGB,0.4827586206896552,3654,small_width
inaction,inaction/tr_9991,im000521_00-00-57.jpg,inaction/tr_9991/im000521_00-00-57.jpg,61,78,RGB,0.782051282051282,4758,small_width
inaction,inaction/tr_9991,im000521_00-16-06.jpg,inaction/tr_9991/im000521_00-16-06.jpg,44,87,RGB,0.5057471264367817,3828,small_width
inaction,inaction/tr_9991,im000522_00-00-58.jpg,inaction/tr_9991/im000522_00-00-58.jpg,61,78,RGB,0.782051282051282,4758,small_width
inaction,inaction/tr_9991,im000522_00-16-06.jpg,inaction/tr_9991/im000522_00-16-06.jpg,44,87,RGB,0.5057471264367817,3828,small_width
inaction,inaction/tr_9991,im000523_00-00-58.jpg,inaction/tr_9991/im000523_00-00-58.jpg,61,78,RGB,0.782051282051282,4758,small_width
inaction,inaction/tr_9991,im000523_00-16-06.jpg,inaction/tr_9991/im000523_00-16-06.jpg,45,86,RGB,0.5232558139534884,3870,small_width
inaction,inaction/tr_9991,im000524_00-00-58.jpg,inaction/tr_9991/im000524_00-00-58.jpg,61,78,RGB,0.782051282051282,4758,small_width
inaction,inaction/tr_9991,im000524_00-16-06.jpg,inaction/tr_9991/im000524_00-16-06.jpg,45,86,RGB,0.5232558139534884,3870,small_width
inaction,inaction/tr_9991,im000525_00-00-58.jpg,inaction/tr_9991/im000525_00-00-58.jpg,61,78,RGB,0.782051282051282,4758,small_width
inaction,inaction/tr_9991,im000525_00-16-06.jpg,inaction/tr_9991/im000525_00-16-06.jpg,43,84,RGB,0.5119047619047619,3612,small_width
inaction,inaction/tr_9991,im000526_00-00-58.jpg,inaction/tr_9991/im000526_00-00-58.jpg,61,78,RGB,0.782051282051282,4758,small_width
inaction,inaction/tr_9991,im000526_00-16-06.jpg,inaction/tr_9991/im000526_00-16-06.jpg,42,84,RGB,0.5,3528,small_width
inaction,inaction/tr_9991,im000527_00-00-58.jpg,inaction/tr_9991/im000527_00-00-58.jpg,61,78,RGB,0.782051282051282,4758,small_width
inaction,inaction/tr_9991,im000527_00-16-06.jpg,inaction/tr_9991/im000527_00-16-06.jpg,43,84,RGB,0.5119047619047619,3612,small_width
inaction,inaction/tr_9991,im000528_00-00-58.jpg,inaction/tr_9991/im000528_00-00-58.jpg,61,78,RGB,0.782051282051282,4758,small_width
inaction,inaction/tr_9991,im000528_00-16-06.jpg,inaction/tr_9991/im000528_00-16-06.jpg,45,82,RGB,0.5487804878048781,3690,small_width
inaction,inaction/tr_9991,im000529_00-00-58.jpg,inaction/tr_9991/im000529_00-00-58.jpg,61,78,RGB,0.782051282051282,4758,small_width
inaction,inaction/tr_9991,im000529_00-16-07.jpg,inaction/tr_9991/im000529_00-16-07.jpg,54,83,RGB,0.6506024096385542,4482,small_width
inaction,inaction/tr_9991,im000530_00-00-58.jpg,inaction/tr_9991/im000530_00-00-58.jpg,62,78,RGB,0.7948717948717948,4836,small_width
inaction,inaction/tr_9991,im000530_00-16-07.jpg,inaction/tr_9991/im000530_00-16-07.jpg,52,82,RGB,0.6341463414634146,4264,small_width
inaction,inaction/tr_9991,im000531_00-00-58.jpg,inaction/tr_9991/im000531_00-00-58.jpg,62,78,RGB,0.7948717948717948,4836,small_width
inaction,inaction/tr_9991,im000531_00-16-07.jpg,inaction/tr_9991/im000531_00-16-07.jpg,53,83,RGB,0.6385542168674698,4399,small_width
inaction,inaction/tr_9991,im000532_00-00-58.jpg,inaction/tr_9991/im000532_00-00-58.jpg,62,78,RGB,0.7948717948717948,4836,small_width
inaction,inaction/tr_9991,im000532_00-16-07.jpg,inaction/tr_9991/im000532_00-16-07.jpg,52,83,RGB,0.6265060240963856,4316,small_width
inaction,inaction/tr_9991,im000533_00-00-58.jpg,inaction/tr_9991/im000533_00-00-58.jpg,62,78,RGB,0.7948717948717948,4836,small_width
inaction,inaction/tr_9991,im000533_00-16-07.jpg,inaction/tr_9991/im000533_00-16-07.jpg,52,82,RGB,0.6341463414634146,4264,small_width
inaction,inaction/tr_9991,im000534_00-00-59.jpg,inaction/tr_9991/im000534_00-00-59.jpg,62,77,RGB,0.8051948051948052,4774,small_width
inaction,inaction/tr_9991,im000534_00-16-07.jpg,inaction/tr_9991/im000534_00-16-07.jpg,51,83,RGB,0.6144578313253012,4233,small_width
inaction,inaction/tr_9991,im000535_00-00-59.jpg,inaction/tr_9991/im000535_00-00-59.jpg,62,77,RGB,0.8051948051948052,4774,small_width
inaction,inaction/tr_9991,im000535_00-16-07.jpg,inaction/tr_9991/im000535_00-16-07.jpg,47,81,RGB,0.5802469135802469,3807,small_width
inaction,inaction/tr_9991,im000536_00-00-59.jpg,inaction/tr_9991/im000536_00-00-59.jpg,63,77,RGB,0.8181818181818182,4851,small_width
inaction,inaction/tr_9991,im000536_00-16-07.jpg,inaction/tr_9991/im000536_00-16-07.jpg,45,81,RGB,0.5555555555555556,3645,small_width
inaction,inaction/tr_9991,im000537_00-00-59.jpg,inaction/tr_9991/im000537_00-00-59.jpg,63,78,RGB,0.8076923076923077,4914,small_width
inaction,inaction/tr_9991,im000537_00-16-07.jpg,inaction/tr_9991/im000537_00-16-07.jpg,45,80,RGB,0.5625,3600,small_width
inaction,inaction/tr_9991,im000538_00-00-59.jpg,inaction/tr_9991/im000538_00-00-59.jpg,62,77,RGB,0.8051948051948052,4774,small_width
inaction,inaction/tr_9991,im000538_00-16-07.jpg,inaction/tr_9991/im000538_00-16-07.jpg,45,80,RGB,0.5625,3600,small_width
inaction,inaction/tr_9991,im000539_00-00-59.jpg,inaction/tr_9991/im000539_00-00-59.jpg,62,77,RGB,0.8051948051948052,4774,small_width
inaction,inaction/tr_9991,im000539_00-16-07.jpg,inaction/tr_9991/im000539_00-16-07.jpg,44,80,RGB,0.55,3520,small_width
inaction,inaction/tr_9991,im000540_00-00-59.jpg,inaction/tr_9991/im000540_00-00-59.jpg,62,77,RGB,0.8051948051948052,4774,small_width
inaction,inaction/tr_9991,im000540_00-16-07.jpg,inaction/tr_9991/im000540_00-16-07.jpg,44,80,RGB,0.55,3520,small_width
inaction,inaction/tr_9991,im000541_00-00-59.jpg,inaction/tr_9991/im000541_00-00-59.jpg,62,77,RGB,0.8051948051948052,4774,small_width
inaction,inaction/tr_9991,im000541_00-16-08.jpg,inaction/tr_9991/im000541_00-16-08.jpg,44,81,RGB,0.5432098765432098,3564,small_width
inaction,inaction/tr_9991,im000542_00-00-59.jpg,inaction/tr_9991/im000542_00-00-59.jpg,62,76,RGB,0.8157894736842105,4712,small_width
inaction,inaction/tr_9991,im000542_00-16-08.jpg,inaction/tr_9991/im000542_00-16-08.jpg,44,81,RGB,0.5432098765432098,3564,small_width
inaction,inaction/tr_9991,im000543_00-00-59.jpg,inaction/tr_9991/im000543_00-00-59.jpg,62,76,RGB,0.8157894736842105,4712,small_width
inaction,inaction/tr_9991,im000543_00-16-08.jpg,inaction/tr_9991/im000543_00-16-08.jpg,43,81,RGB,0.5308641975308642,3483,small_width
inaction,inaction/tr_9991,im000544_00-00-59.jpg,inaction/tr_9991/im000544_00-00-59.jpg,61,76,RGB,0.8026315789473685,4636,small_width
inaction,inaction/tr_9991,im000544_00-16-08.jpg,inaction/tr_9991/im000544_00-16-08.jpg,43,81,RGB,0.5308641975308642,3483,small_width
inaction,inaction/tr_9991,im000545_00-00-59.jpg,inaction/tr_9991/im000545_00-00-59.jpg,61,76,RGB,0.8026315789473685,4636,small_width
inaction,inaction/tr_9991,im000545_00-16-08.jpg,inaction/tr_9991/im000545_00-16-08.jpg,44,81,RGB,0.5432098765432098,3564,small_width
inaction,inaction/tr_9991,im000546_00-01-00.jpg,inaction/tr_9991/im000546_00-01-00.jpg,63,76,RGB,0.8289473684210527,4788,small_width
inaction,inaction/tr_9991,im000546_00-16-08.jpg,inaction/tr_9991/im000546_00-16-08.jpg,44,81,RGB,0.5432098765432098,3564,small_width
inaction,inaction/tr_9991,im000547_00-01-00.jpg,inaction/tr_9991/im000547_00-01-00.jpg,61,77,RGB,0.7922077922077922,4697,small_width
inaction,inaction/tr_9991,im000547_00-16-08.jpg,inaction/tr_9991/im000547_00-16-08.jpg,43,81,RGB,0.5308641975308642,3483,small_width
inaction,inaction/tr_9991,im000548_00-01-00.jpg,inaction/tr_9991/im000548_00-01-00.jpg,63,76,RGB,0.8289473684210527,4788,small_width
inaction,inaction/tr_9991,im000548_00-16-08.jpg,inaction/tr_9991/im000548_00-16-08.jpg,43,82,RGB,0.524390243902439,3526,small_width
inaction,inaction/tr_9991,im000549_00-01-00.jpg,inaction/tr_9991/im000549_00-01-00.jpg,61,74,RGB,0.8243243243243243,4514,small_width
inaction,inaction/tr_9991,im000549_00-16-08.jpg,inaction/tr_9991/im000549_00-16-08.jpg,46,80,RGB,0.575,3680,small_width
inaction,inaction/tr_9991,im000550_00-01-00.jpg,inaction/tr_9991/im000550_00-01-00.jpg,63,75,RGB,0.84,4725,small_width
inaction,inaction/tr_9991,im000550_00-16-08.jpg,inaction/tr_9991/im000550_00-16-08.jpg,46,80,RGB,0.575,3680,small_width
inaction,inaction/tr_9991,im000551_00-01-00.jpg,inaction/tr_9991/im000551_00-01-00.jpg,63,75,RGB,0.84,4725,small_width
inaction,inaction/tr_9991,im000551_00-16-08.jpg,inaction/tr_9991/im000551_00-16-08.jpg,46,80,RGB,0.575,3680,small_width
inaction,inaction/tr_9991,im000552_00-01-00.jpg,inaction/tr_9991/im000552_00-01-00.jpg,63,75,RGB,0.84,4725,small_width
inaction,inaction/tr_9991,im000552_00-16-08.jpg,inaction/tr_9991/im000552_00-16-08.jpg,46,80,RGB,0.575,3680,small_width
inaction,inaction/tr_9991,im000553_00-01-00.jpg,inaction/tr_9991/im000553_00-01-00.jpg,62,75,RGB,0.8266666666666667,4650,small_width
inaction,inaction/tr_9991,im000553_00-16-09.jpg,inaction/tr_9991/im000553_00-16-09.jpg,44,82,RGB,0.5365853658536586,3608,small_width
inaction,inaction/tr_9991,im000554_00-01-00.jpg,inaction/tr_9991/im000554_00-01-00.jpg,63,73,RGB,0.863013698630137,4599,small_width
inaction,inaction/tr_9991,im000554_00-16-09.jpg,inaction/tr_9991/im000554_00-16-09.jpg,45,82,RGB,0.5487804878048781,3690,small_width
inaction,inaction/tr_9991,im000555_00-01-00.jpg,inaction/tr_9991/im000555_00-01-00.jpg,63,72,RGB,0.875,4536,small_width
inaction,inaction/tr_9991,im000555_00-16-09.jpg,inaction/tr_9991/im000555_00-16-09.jpg,45,82,RGB,0.5487804878048781,3690,small_width
inaction,inaction/tr_9991,im000556_00-01-00.jpg,inaction/tr_9991/im000556_00-01-00.jpg,63,72,RGB,0.875,4536,small_width
inaction,inaction/tr_9991,im000556_00-16-09.jpg,inaction/tr_9991/im000556_00-16-09.jpg,45,82,RGB,0.5487804878048781,3690,small_width
inaction,inaction/tr_9991,im000557_00-01-00.jpg,inaction/tr_9991/im000557_00-01-00.jpg,63,72,RGB,0.875,4536,small_width
inaction,inaction/tr_9991,im000557_00-16-09.jpg,inaction/tr_9991/im000557_00-16-09.jpg,47,79,RGB,0.5949367088607594,3713,small_width
inaction,inaction/tr_9991,im000558_00-01-01.jpg,inaction/tr_9991/im000558_00-01-01.jpg,62,73,RGB,0.8493150684931506,4526,small_width
inaction,inaction/tr_9991,im000558_00-16-09.jpg,inaction/tr_9991/im000558_00-16-09.jpg,47,79,RGB,0.5949367088607594,3713,small_width
inaction,inaction/tr_9991,im000559_00-01-01.jpg,inaction/tr_9991/im000559_00-01-01.jpg,62,72,RGB,0.8611111111111112,4464,small_width
inaction,inaction/tr_9991,im000559_00-16-09.jpg,inaction/tr_9991/im000559_00-16-09.jpg,47,79,RGB,0.5949367088607594,3713,small_width
inaction,inaction/tr_9991,im000560_00-01-01.jpg,inaction/tr_9991/im000560_00-01-01.jpg,62,72,RGB,0.8611111111111112,4464,small_width
inaction,inaction/tr_9991,im000560_00-16-09.jpg,inaction/tr_9991/im000560_00-16-09.jpg,48,79,RGB,0.6075949367088608,3792,small_width
inaction,inaction/tr_9991,im000561_00-01-01.jpg,inaction/tr_9991/im000561_00-01-01.jpg,62,72,RGB,0.8611111111111112,4464,small_width
inaction,inaction/tr_9991,im000561_00-16-09.jpg,inaction/tr_9991/im000561_00-16-09.jpg,48,80,RGB,0.6,3840,small_width
inaction,inaction/tr_9991,im000562_00-01-01.jpg,inaction/tr_9991/im000562_00-01-01.jpg,62,70,RGB,0.8857142857142857,4340,small_width
inaction,inaction/tr_9991,im000562_00-16-09.jpg,inaction/tr_9991/im000562_00-16-09.jpg,48,80,RGB,0.6,3840,small_width
inaction,inaction/tr_9991,im000563_00-01-01.jpg,inaction/tr_9991/im000563_00-01-01.jpg,62,70,RGB,0.8857142857142857,4340,small_width
inaction,inaction/tr_9991,im000563_00-16-09.jpg,inaction/tr_9991/im000563_00-16-09.jpg,49,80,RGB,0.6125,3920,small_width
inaction,inaction/tr_9991,im000564_00-01-01.jpg,inaction/tr_9991/im000564_00-01-01.jpg,62,72,RGB,0.8611111111111112,4464,small_width
inaction,inaction/tr_9991,im000564_00-16-10.jpg,inaction/tr_9991/im000564_00-16-10.jpg,44,82,RGB,0.5365853658536586,3608,small_width
inaction,inaction/tr_9991,im000565_00-01-01.jpg,inaction/tr_9991/im000565_00-01-01.jpg,62,70,RGB,0.8857142857142857,4340,small_width
inaction,inaction/tr_9991,im000565_00-16-10.jpg,inaction/tr_9991/im000565_00-16-10.jpg,44,82,RGB,0.5365853658536586,3608,small_width
inaction,inaction/tr_9991,im000566_00-01-01.jpg,inaction/tr_9991/im000566_00-01-01.jpg,62,70,RGB,0.8857142857142857,4340,small_width
inaction,inaction/tr_9991,im000566_00-16-10.jpg,inaction/tr_9991/im000566_00-16-10.jpg,44,82,RGB,0.5365853658536586,3608,small_width
inaction,inaction/tr_9991,im000567_00-01-01.jpg,inaction/tr_9991/im000567_00-01-01.jpg,62,70,RGB,0.8857142857142857,4340,small_width
inaction,inaction/tr_9991,im000567_00-16-10.jpg,inaction/tr_9991/im000567_00-16-10.jpg,44,82,RGB,0.5365853658536586,3608,small_width
inaction,inaction/tr_9991,im000568_00-01-01.jpg,inaction/tr_9991/im000568_00-01-01.jpg,62,72,RGB,0.8611111111111112,4464,small_width
inaction,inaction/tr_9991,im000568_00-16-10.jpg,inaction/tr_9991/im000568_00-16-10.jpg,46,81,RGB,0.5679012345679012,3726,small_width
inaction,inaction/tr_9991,im000569_00-01-01.jpg,inaction/tr_9991/im000569_00-01-01.jpg,62,70,RGB,0.8857142857142857,4340,small_width
inaction,inaction/tr_9991,im000569_00-16-10.jpg,inaction/tr_9991/im000569_00-16-10.jpg,45,80,RGB,0.5625,3600,small_width
inaction,inaction/tr_9991,im000570_00-01-02.jpg,inaction/tr_9991/im000570_00-01-02.jpg,62,70,RGB,0.8857142857142857,4340,small_width
inaction,inaction/tr_9991,im000570_00-16-10.jpg,inaction/tr_9991/im000570_00-16-10.jpg,45,80,RGB,0.5625,3600,small_width
inaction,inaction/tr_9991,im000571_00-01-02.jpg,inaction/tr_9991/im000571_00-01-02.jpg,62,70,RGB,0.8857142857142857,4340,small_width
inaction,inaction/tr_9991,im000571_00-16-10.jpg,inaction/tr_9991/im000571_00-16-10.jpg,46,81,RGB,0.5679012345679012,3726,small_width
inaction,inaction/tr_9991,im000572_00-01-02.jpg,inaction/tr_9991/im000572_00-01-02.jpg,62,72,RGB,0.8611111111111112,4464,small_width
inaction,inaction/tr_9991,im000572_00-16-11.jpg,inaction/tr_9991/im000572_00-16-11.jpg,46,79,RGB,0.5822784810126582,3634,small_width
inaction,inaction/tr_9991,im000573_00-01-02.jpg,inaction/tr_9991/im000573_00-01-02.jpg,62,69,RGB,0.8985507246376812,4278,small_width
inaction,inaction/tr_9991,im000573_00-16-11.jpg,inaction/tr_9991/im000573_00-16-11.jpg,45,80,RGB,0.5625,3600,small_width
inaction,inaction/tr_9991,im000574_00-01-02.jpg,inaction/tr_9991/im000574_00-01-02.jpg,63,75,RGB,0.84,4725,small_width
inaction,inaction/tr_9991,im000574_00-16-11.jpg,inaction/tr_9991/im000574_00-16-11.jpg,45,79,RGB,0.569620253164557,3555,small_width
inaction,inaction/tr_9991,im000575_00-01-02.jpg,inaction/tr_9991/im000575_00-01-02.jpg,63,75,RGB,0.84,4725,small_width
inaction,inaction/tr_9991,im000575_00-16-11.jpg,inaction/tr_9991/im000575_00-16-11.jpg,46,79,RGB,0.5822784810126582,3634,small_width
inaction,inaction/tr_9991,im000576_00-01-02.jpg,inaction/tr_9991/im000576_00-01-02.jpg,63,76,RGB,0.8289473684210527,4788,small_width
inaction,inaction/tr_9991,im000576_00-16-12.jpg,inaction/tr_9991/im000576_00-16-12.jpg,45,80,RGB,0.5625,3600,small_width
inaction,inaction/tr_9991,im000577_00-01-02.jpg,inaction/tr_9991/im000577_00-01-02.jpg,63,74,RGB,0.8513513513513513,4662,small_width
inaction,inaction/tr_9991,im000577_00-16-12.jpg,inaction/tr_9991/im000577_00-16-12.jpg,45,81,RGB,0.5555555555555556,3645,small_width
inaction,inaction/tr_9991,im000578_00-01-02.jpg,inaction/tr_9991/im000578_00-01-02.jpg,62,75,RGB,0.8266666666666667,4650,small_width
inaction,inaction/tr_9991,im000578_00-16-12.jpg,inaction/tr_9991/im000578_00-16-12.jpg,45,81,RGB,0.5555555555555556,3645,small_width
inaction,inaction/tr_9991,im000579_00-01-02.jpg,inaction/tr_9991/im000579_00-01-02.jpg,62,74,RGB,0.8378378378378378,4588,small_width
inaction,inaction/tr_9991,im000579_00-16-12.jpg,inaction/tr_9991/im000579_00-16-12.jpg,45,81,RGB,0.5555555555555556,3645,small_width
inaction,inaction/tr_9991,im000580_00-01-02.jpg,inaction/tr_9991/im000580_00-01-02.jpg,62,74,RGB,0.8378378378378378,4588,small_width
inaction,inaction/tr_9991,im000580_00-16-13.jpg,inaction/tr_9991/im000580_00-16-13.jpg,55,78,RGB,0.7051282051282052,4290,small_width
inaction,inaction/tr_9991,im000581_00-01-02.jpg,inaction/tr_9991/im000581_00-01-02.jpg,62,76,RGB,0.8157894736842105,4712,small_width
inaction,inaction/tr_9991,im000581_00-16-13.jpg,inaction/tr_9991/im000581_00-16-13.jpg,55,78,RGB,0.7051282051282052,4290,small_width
inaction,inaction/tr_9991,im000582_00-01-03.jpg,inaction/tr_9991/im000582_00-01-03.jpg,62,73,RGB,0.8493150684931506,4526,small_width
inaction,inaction/tr_9991,im000582_00-16-13.jpg,inaction/tr_9991/im000582_00-16-13.jpg,55,78,RGB,0.7051282051282052,4290,small_width
inaction,inaction/tr_9991,im000583_00-01-03.jpg,inaction/tr_9991/im000583_00-01-03.jpg,62,76,RGB,0.8157894736842105,4712,small_width
inaction,inaction/tr_9991,im000583_00-16-13.jpg,inaction/tr_9991/im000583_00-16-13.jpg,54,78,RGB,0.6923076923076923,4212,small_width
inaction,inaction/tr_9991,im000584_00-01-03.jpg,inaction/tr_9991/im000584_00-01-03.jpg,62,76,RGB,0.8157894736842105,4712,small_width
inaction,inaction/tr_9991,im000584_00-16-13.jpg,inaction/tr_9991/im000584_00-16-13.jpg,56,78,RGB,0.717948717948718,4368,small_width
inaction,inaction/tr_9991,im000585_00-01-03.jpg,inaction/tr_9991/im000585_00-01-03.jpg,62,76,RGB,0.8157894736842105,4712,small_width
inaction,inaction/tr_9991,im000585_00-16-13.jpg,inaction/tr_9991/im000585_00-16-13.jpg,56,78,RGB,0.717948717948718,4368,small_width
inaction,inaction/tr_9991,im000586_00-01-03.jpg,inaction/tr_9991/im000586_00-01-03.jpg,61,77,RGB,0.7922077922077922,4697,small_width
inaction,inaction/tr_9991,im000586_00-16-13.jpg,inaction/tr_9991/im000586_00-16-13.jpg,56,78,RGB,0.717948717948718,4368,small_width
inaction,inaction/tr_9991,im000587_00-01-03.jpg,inaction/tr_9991/im000587_00-01-03.jpg,61,77,RGB,0.7922077922077922,4697,small_width
inaction,inaction/tr_9991,im000587_00-16-13.jpg,inaction/tr_9991/im000587_00-16-13.jpg,56,78,RGB,0.717948717948718,4368,small_width
inaction,inaction/tr_9991,im000588_00-01-03.jpg,inaction/tr_9991/im000588_00-01-03.jpg,61,77,RGB,0.7922077922077922,4697,small_width
inaction,inaction/tr_9991,im000588_00-16-13.jpg,inaction/tr_9991/im000588_00-16-13.jpg,56,79,RGB,0.7088607594936709,4424,small_width
inaction,inaction/tr_9991,im000589_00-01-03.jpg,inaction/tr_9991/im000589_00-01-03.jpg,61,76,RGB,0.8026315789473685,4636,small_width
inaction,inaction/tr_9991,im000589_00-16-13.jpg,inaction/tr_9991/im000589_00-16-13.jpg,56,78,RGB,0.717948717948718,4368,small_width
inaction,inaction/tr_9991,im000590_00-01-03.jpg,inaction/tr_9991/im000590_00-01-03.jpg,61,75,RGB,0.8133333333333334,4575,small_width
inaction,inaction/tr_9991,im000590_00-16-13.jpg,inaction/tr_9991/im000590_00-16-13.jpg,56,78,RGB,0.717948717948718,4368,small_width
inaction,inaction/tr_9991,im000591_00-01-03.jpg,inaction/tr_9991/im000591_00-01-03.jpg,60,76,RGB,0.7894736842105263,4560,small_width
inaction,inaction/tr_9991,im000591_00-16-13.jpg,inaction/tr_9991/im000591_00-16-13.jpg,56,78,RGB,0.717948717948718,4368,small_width
inaction,inaction/tr_9991,im000592_00-01-03.jpg,inaction/tr_9991/im000592_00-01-03.jpg,60,75,RGB,0.8,4500,small_width
inaction,inaction/tr_9991,im000592_00-16-14.jpg,inaction/tr_9991/im000592_00-16-14.jpg,57,78,RGB,0.7307692307692307,4446,small_width
inaction,inaction/tr_9991,im000593_00-01-03.jpg,inaction/tr_9991/im000593_00-01-03.jpg,60,77,RGB,0.7792207792207793,4620,small_width
inaction,inaction/tr_9991,im000593_00-16-14.jpg,inaction/tr_9991/im000593_00-16-14.jpg,57,78,RGB,0.7307692307692307,4446,small_width
inaction,inaction/tr_9991,im000594_00-01-04.jpg,inaction/tr_9991/im000594_00-01-04.jpg,62,77,RGB,0.8051948051948052,4774,small_width
inaction,inaction/tr_9991,im000594_00-16-14.jpg,inaction/tr_9991/im000594_00-16-14.jpg,56,78,RGB,0.717948717948718,4368,small_width
inaction,inaction/tr_9991,im000595_00-01-04.jpg,inaction/tr_9991/im000595_00-01-04.jpg,62,76,RGB,0.8157894736842105,4712,small_width
inaction,inaction/tr_9991,im000595_00-16-14.jpg,inaction/tr_9991/im000595_00-16-14.jpg,57,78,RGB,0.7307692307692307,4446,small_width
inaction,inaction/tr_9991,im000596_00-01-04.jpg,inaction/tr_9991/im000596_00-01-04.jpg,61,77,RGB,0.7922077922077922,4697,small_width
inaction,inaction/tr_9991,im000596_00-16-14.jpg,inaction/tr_9991/im000596_00-16-14.jpg,59,78,RGB,0.7564102564102564,4602,small_width
inaction,inaction/tr_9991,im000597_00-01-04.jpg,inaction/tr_9991/im000597_00-01-04.jpg,61,78,RGB,0.782051282051282,4758,small_width
inaction,inaction/tr_9991,im000597_00-16-14.jpg,inaction/tr_9991/im000597_00-16-14.jpg,58,78,RGB,0.7435897435897436,4524,small_width
inaction,inaction/tr_9991,im000598_00-01-04.jpg,inaction/tr_9991/im000598_00-01-04.jpg,60,78,RGB,0.7692307692307693,4680,small_width
inaction,inaction/tr_9991,im000598_00-16-14.jpg,inaction/tr_9991/im000598_00-16-14.jpg,55,78,RGB,0.7051282051282052,4290,small_width
inaction,inaction/tr_9991,im000599_00-01-04.jpg,inaction/tr_9991/im000599_00-01-04.jpg,59,78,RGB,0.7564102564102564,4602,small_width
inaction,inaction/tr_9991,im000599_00-16-14.jpg,inaction/tr_9991/im000599_00-16-14.jpg,55,77,RGB,0.7142857142857143,4235,small_width
inaction,inaction/tr_9991,im000600_00-01-04.jpg,inaction/tr_9991/im000600_00-01-04.jpg,58,78,RGB,0.7435897435897436,4524,small_width
inaction,inaction/tr_9991,im000600_00-16-14.jpg,inaction/tr_9991/im000600_00-16-14.jpg,58,78,RGB,0.7435897435897436,4524,small_width
inaction,inaction/tr_9991,im000601_00-01-04.jpg,inaction/tr_9991/im000601_00-01-04.jpg,57,79,RGB,0.7215189873417721,4503,small_width
inaction,inaction/tr_9991,im000601_00-16-14.jpg,inaction/tr_9991/im000601_00-16-14.jpg,57,78,RGB,0.7307692307692307,4446,small_width
inaction,inaction/tr_9991,im000602_00-01-04.jpg,inaction/tr_9991/im000602_00-01-04.jpg,60,78,RGB,0.7692307692307693,4680,small_width
inaction,inaction/tr_9991,im000602_00-16-14.jpg,inaction/tr_9991/im000602_00-16-14.jpg,57,78,RGB,0.7307692307692307,4446,small_width
inaction,inaction/tr_9991,im000603_00-01-04.jpg,inaction/tr_9991/im000603_00-01-04.jpg,58,78,RGB,0.7435897435897436,4524,small_width
inaction,inaction/tr_9991,im000603_00-16-14.jpg,inaction/tr_9991/im000603_00-16-14.jpg,56,77,RGB,0.7272727272727273,4312,small_width
inaction,inaction/tr_9991,im000604_00-01-04.jpg,inaction/tr_9991/im000604_00-01-04.jpg,55,77,RGB,0.7142857142857143,4235,small_width
inaction,inaction/tr_9991,im000604_00-16-15.jpg,inaction/tr_9991/im000604_00-16-15.jpg,56,78,RGB,0.717948717948718,4368,small_width
inaction,inaction/tr_9991,im000605_00-01-04.jpg,inaction/tr_9991/im000605_00-01-04.jpg,50,77,RGB,0.6493506493506493,3850,small_width
inaction,inaction/tr_9991,im000605_00-16-15.jpg,inaction/tr_9991/im000605_00-16-15.jpg,56,78,RGB,0.717948717948718,4368,small_width
inaction,inaction/tr_9991,im000606_00-01-05.jpg,inaction/tr_9991/im000606_00-01-05.jpg,48,73,RGB,0.6575342465753424,3504,small_width
inaction,inaction/tr_9991,im000606_00-16-15.jpg,inaction/tr_9991/im000606_00-16-15.jpg,56,78,RGB,0.717948717948718,4368,small_width
inaction,inaction/tr_9991,im000607_00-01-05.jpg,inaction/tr_9991/im000607_00-01-05.jpg,47,66,RGB,0.7121212121212122,3102,small_width
inaction,inaction/tr_9991,im000607_00-16-15.jpg,inaction/tr_9991/im000607_00-16-15.jpg,56,78,RGB,0.717948717948718,4368,small_width
inaction,inaction/tr_9991,im000608_00-01-05.jpg,inaction/tr_9991/im000608_00-01-05.jpg,47,69,RGB,0.6811594202898551,3243,small_width
inaction,inaction/tr_9991,im000608_00-16-15.jpg,inaction/tr_9991/im000608_00-16-15.jpg,56,78,RGB,0.717948717948718,4368,small_width
inaction,inaction/tr_9991,im000609_00-01-05.jpg,inaction/tr_9991/im000609_00-01-05.jpg,48,74,RGB,0.6486486486486487,3552,small_width
inaction,inaction/tr_9991,im000609_00-16-15.jpg,inaction/tr_9991/im000609_00-16-15.jpg,56,78,RGB,0.717948717948718,4368,small_width
inaction,inaction/tr_9991,im000610_00-01-05.jpg,inaction/tr_9991/im000610_00-01-05.jpg,49,80,RGB,0.6125,3920,small_width
inaction,inaction/tr_9991,im000610_00-16-15.jpg,inaction/tr_9991/im000610_00-16-15.jpg,56,78,RGB,0.717948717948718,4368,small_width
inaction,inaction/tr_9991,im000611_00-01-05.jpg,inaction/tr_9991/im000611_00-01-05.jpg,49,80,RGB,0.6125,3920,small_width
inaction,inaction/tr_9991,im000611_00-16-15.jpg,inaction/tr_9991/im000611_00-16-15.jpg,56,78,RGB,0.717948717948718,4368,small_width
inaction,inaction/tr_9991,im000612_00-01-05.jpg,inaction/tr_9991/im000612_00-01-05.jpg,51,80,RGB,0.6375,4080,small_width
inaction,inaction/tr_9991,im000612_00-16-15.jpg,inaction/tr_9991/im000612_00-16-15.jpg,56,78,RGB,0.717948717948718,4368,small_width
inaction,inaction/tr_9991,im000613_00-01-05.jpg,inaction/tr_9991/im000613_00-01-05.jpg,63,80,RGB,0.7875,5040,small_width
inaction,inaction/tr_9991,im000613_00-16-15.jpg,inaction/tr_9991/im000613_00-16-15.jpg,56,78,RGB,0.717948717948718,4368,small_width
inaction,inaction/tr_9991,im000614_00-01-05.jpg,inaction/tr_9991/im000614_00-01-05.jpg,62,79,RGB,0.7848101265822784,4898,small_width
inaction,inaction/tr_9991,im000614_00-16-15.jpg,inaction/tr_9991/im000614_00-16-15.jpg,56,78,RGB,0.717948717948718,4368,small_width
inaction,inaction/tr_9991,im000615_00-01-05.jpg,inaction/tr_9991/im000615_00-01-05.jpg,62,79,RGB,0.7848101265822784,4898,small_width
inaction,inaction/tr_9991,im000615_00-16-15.jpg,inaction/tr_9991/im000615_00-16-15.jpg,56,78,RGB,0.717948717948718,4368,small_width
inaction,inaction/tr_9991,im000616_00-01-05.jpg,inaction/tr_9991/im000616_00-01-05.jpg,62,78,RGB,0.7948717948717948,4836,small_width
inaction,inaction/tr_9991,im000616_00-16-16.jpg,inaction/tr_9991/im000616_00-16-16.jpg,57,77,RGB,0.7402597402597403,4389,small_width
inaction,inaction/tr_9991,im000617_00-01-06.jpg,inaction/tr_9991/im000617_00-01-06.jpg,62,77,RGB,0.8051948051948052,4774,small_width
inaction,inaction/tr_9991,im000617_00-16-16.jpg,inaction/tr_9991/im000617_00-16-16.jpg,57,78,RGB,0.7307692307692307,4446,small_width
inaction,inaction/tr_9991,im000618_00-01-06.jpg,inaction/tr_9991/im000618_00-01-06.jpg,62,77,RGB,0.8051948051948052,4774,small_width
inaction,inaction/tr_9991,im000618_00-16-16.jpg,inaction/tr_9991/im000618_00-16-16.jpg,57,77,RGB,0.7402597402597403,4389,small_width
inaction,inaction/tr_9991,im000619_00-01-06.jpg,inaction/tr_9991/im000619_00-01-06.jpg,63,78,RGB,0.8076923076923077,4914,small_width
inaction,inaction/tr_9991,im000619_00-16-16.jpg,inaction/tr_9991/im000619_00-16-16.jpg,57,78,RGB,0.7307692307692307,4446,small_width
inaction,inaction/tr_9991,im000620_00-01-06.jpg,inaction/tr_9991/im000620_00-01-06.jpg,62,78,RGB,0.7948717948717948,4836,small_width
inaction,inaction/tr_9991,im000620_00-16-16.jpg,inaction/tr_9991/im000620_00-16-16.jpg,56,78,RGB,0.717948717948718,4368,small_width
inaction,inaction/tr_9991,im000621_00-01-06.jpg,inaction/tr_9991/im000621_00-01-06.jpg,63,77,RGB,0.8181818181818182,4851,small_width
inaction,inaction/tr_9991,im000621_00-16-16.jpg,inaction/tr_9991/im000621_00-16-16.jpg,56,77,RGB,0.7272727272727273,4312,small_width
inaction,inaction/tr_9991,im000622_00-01-06.jpg,inaction/tr_9991/im000622_00-01-06.jpg,63,77,RGB,0.8181818181818182,4851,small_width
inaction,inaction/tr_9991,im000622_00-16-16.jpg,inaction/tr_9991/im000622_00-16-16.jpg,56,78,RGB,0.717948717948718,4368,small_width
inaction,inaction/tr_9991,im000623_00-01-06.jpg,inaction/tr_9991/im000623_00-01-06.jpg,47,79,RGB,0.5949367088607594,3713,small_width
inaction,inaction/tr_9991,im000623_00-16-16.jpg,inaction/tr_9991/im000623_00-16-16.jpg,56,78,RGB,0.717948717948718,4368,small_width
inaction,inaction/tr_9991,im000624_00-01-07.jpg,inaction/tr_9991/im000624_00-01-07.jpg,54,78,RGB,0.6923076923076923,4212,small_width
inaction,inaction/tr_9991,im000624_00-16-16.jpg,inaction/tr_9991/im000624_00-16-16.jpg,55,78,RGB,0.7051282051282052,4290,small_width
inaction,inaction/tr_9991,im000625_00-01-07.jpg,inaction/tr_9991/im000625_00-01-07.jpg,60,78,RGB,0.7692307692307693,4680,small_width
inaction,inaction/tr_9991,im000625_00-16-16.jpg,inaction/tr_9991/im000625_00-16-16.jpg,55,78,RGB,0.7051282051282052,4290,small_width
inaction,inaction/tr_9991,im000626_00-01-07.jpg,inaction/tr_9991/im000626_00-01-07.jpg,61,79,RGB,0.7721518987341772,4819,small_width
inaction,inaction/tr_9991,im000626_00-16-16.jpg,inaction/tr_9991/im000626_00-16-16.jpg,55,77,RGB,0.7142857142857143,4235,small_width
inaction,inaction/tr_9991,im000627_00-01-07.jpg,inaction/tr_9991/im000627_00-01-07.jpg,62,79,RGB,0.7848101265822784,4898,small_width
inaction,inaction/tr_9991,im000627_00-16-16.jpg,inaction/tr_9991/im000627_00-16-16.jpg,55,78,RGB,0.7051282051282052,4290,small_width
inaction,inaction/tr_9991,im000628_00-01-07.jpg,inaction/tr_9991/im000628_00-01-07.jpg,62,79,RGB,0.7848101265822784,4898,small_width
inaction,inaction/tr_9991,im000628_00-16-17.jpg,inaction/tr_9991/im000628_00-16-17.jpg,56,78,RGB,0.717948717948718,4368,small_width
inaction,inaction/tr_9991,im000629_00-01-07.jpg,inaction/tr_9991/im000629_00-01-07.jpg,62,79,RGB,0.7848101265822784,4898,small_width
inaction,inaction/tr_9991,im000629_00-16-17.jpg,inaction/tr_9991/im000629_00-16-17.jpg,56,78,RGB,0.717948717948718,4368,small_width
inaction,inaction/tr_9991,im000630_00-01-07.jpg,inaction/tr_9991/im000630_00-01-07.jpg,62,79,RGB,0.7848101265822784,4898,small_width
inaction,inaction/tr_9991,im000630_00-16-17.jpg,inaction/tr_9991/im000630_00-16-17.jpg,56,78,RGB,0.717948717948718,4368,small_width
inaction,inaction/tr_9991,im000631_00-01-07.jpg,inaction/tr_9991/im000631_00-01-07.jpg,62,79,RGB,0.7848101265822784,4898,small_width
inaction,inaction/tr_9991,im000631_00-16-17.jpg,inaction/tr_9991/im000631_00-16-17.jpg,56,78,RGB,0.717948717948718,4368,small_width
inaction,inaction/tr_9991,im000632_00-01-07.jpg,inaction/tr_9991/im000632_00-01-07.jpg,62,78,RGB,0.7948717948717948,4836,small_width
inaction,inaction/tr_9991,im000632_00-16-17.jpg,inaction/tr_9991/im000632_00-16-17.jpg,56,76,RGB,0.7368421052631579,4256,small_width
inaction,inaction/tr_9991,im000633_00-01-07.jpg,inaction/tr_9991/im000633_00-01-07.jpg,62,78,RGB,0.7948717948717948,4836,small_width
inaction,inaction/tr_9991,im000633_00-16-17.jpg,inaction/tr_9991/im000633_00-16-17.jpg,56,76,RGB,0.7368421052631579,4256,small_width
inaction,inaction/tr_9991,im000634_00-01-07.jpg,inaction/tr_9991/im000634_00-01-07.jpg,62,78,RGB,0.7948717948717948,4836,small_width
inaction,inaction/tr_9991,im000634_00-16-17.jpg,inaction/tr_9991/im000634_00-16-17.jpg,56,76,RGB,0.7368421052631579,4256,small_width
inaction,inaction/tr_9991,im000635_00-01-07.jpg,inaction/tr_9991/im000635_00-01-07.jpg,62,78,RGB,0.7948717948717948,4836,small_width
inaction,inaction/tr_9991,im000635_00-16-17.jpg,inaction/tr_9991/im000635_00-16-17.jpg,56,76,RGB,0.7368421052631579,4256,small_width
inaction,inaction/tr_9991,im000636_00-01-08.jpg,inaction/tr_9991/im000636_00-01-08.jpg,62,78,RGB,0.7948717948717948,4836,small_width
inaction,inaction/tr_9991,im000636_00-16-17.jpg,inaction/tr_9991/im000636_00-16-17.jpg,55,75,RGB,0.7333333333333333,4125,small_width
inaction,inaction/tr_9991,im000637_00-01-08.jpg,inaction/tr_9991/im000637_00-01-08.jpg,62,78,RGB,0.7948717948717948,4836,small_width
inaction,inaction/tr_9991,im000637_00-16-17.jpg,inaction/tr_9991/im000637_00-16-17.jpg,55,75,RGB,0.7333333333333333,4125,small_width
inaction,inaction/tr_9991,im000638_00-01-08.jpg,inaction/tr_9991/im000638_00-01-08.jpg,62,78,RGB,0.7948717948717948,4836,small_width
inaction,inaction/tr_9991,im000638_00-16-17.jpg,inaction/tr_9991/im000638_00-16-17.jpg,55,75,RGB,0.7333333333333333,4125,small_width
inaction,inaction/tr_9991,im000639_00-01-08.jpg,inaction/tr_9991/im000639_00-01-08.jpg,62,78,RGB,0.7948717948717948,4836,small_width
inaction,inaction/tr_9991,im000639_00-16-17.jpg,inaction/tr_9991/im000639_00-16-17.jpg,55,75,RGB,0.7333333333333333,4125,small_width
inaction,inaction/tr_9991,im000640_00-01-08.jpg,inaction/tr_9991/im000640_00-01-08.jpg,62,77,RGB,0.8051948051948052,4774,small_width
inaction,inaction/tr_9991,im000640_00-16-18.jpg,inaction/tr_9991/im000640_00-16-18.jpg,56,76,RGB,0.7368421052631579,4256,small_width
inaction,inaction/tr_9991,im000641_00-01-08.jpg,inaction/tr_9991/im000641_00-01-08.jpg,62,77,RGB,0.8051948051948052,4774,small_width
inaction,inaction/tr_9991,im000641_00-16-18.jpg,inaction/tr_9991/im000641_00-16-18.jpg,56,76,RGB,0.7368421052631579,4256,small_width
inaction,inaction/tr_9991,im000642_00-01-08.jpg,inaction/tr_9991/im000642_00-01-08.jpg,62,77,RGB,0.8051948051948052,4774,small_width
inaction,inaction/tr_9991,im000642_00-16-18.jpg,inaction/tr_9991/im000642_00-16-18.jpg,56,75,RGB,0.7466666666666667,4200,small_width
inaction,inaction/tr_9991,im000643_00-01-08.jpg,inaction/tr_9991/im000643_00-01-08.jpg,62,77,RGB,0.8051948051948052,4774,small_width
inaction,inaction/tr_9991,im000643_00-16-18.jpg,inaction/tr_9991/im000643_00-16-18.jpg,56,76,RGB,0.7368421052631579,4256,small_width
inaction,inaction/tr_9991,im000644_00-01-08.jpg,inaction/tr_9991/im000644_00-01-08.jpg,62,77,RGB,0.8051948051948052,4774,small_width
inaction,inaction/tr_9991,im000644_00-16-18.jpg,inaction/tr_9991/im000644_00-16-18.jpg,56,79,RGB,0.7088607594936709,4424,small_width
inaction,inaction/tr_9991,im000645_00-01-08.jpg,inaction/tr_9991/im000645_00-01-08.jpg,62,77,RGB,0.8051948051948052,4774,small_width
inaction,inaction/tr_9991,im000645_00-16-18.jpg,inaction/tr_9991/im000645_00-16-18.jpg,56,78,RGB,0.717948717948718,4368,small_width
inaction,inaction/tr_9991,im000646_00-01-08.jpg,inaction/tr_9991/im000646_00-01-08.jpg,62,77,RGB,0.8051948051948052,4774,small_width
inaction,inaction/tr_9991,im000646_00-16-18.jpg,inaction/tr_9991/im000646_00-16-18.jpg,56,77,RGB,0.7272727272727273,4312,small_width
inaction,inaction/tr_9991,im000647_00-01-08.jpg,inaction/tr_9991/im000647_00-01-08.jpg,62,77,RGB,0.8051948051948052,4774,small_width
inaction,inaction/tr_9991,im000647_00-16-18.jpg,inaction/tr_9991/im000647_00-16-18.jpg,56,76,RGB,0.7368421052631579,4256,small_width
inaction,inaction/tr_9991,im000648_00-01-09.jpg,inaction/tr_9991/im000648_00-01-09.jpg,62,78,RGB,0.7948717948717948,4836,small_width
inaction,inaction/tr_9991,im000648_00-16-18.jpg,inaction/tr_9991/im000648_00-16-18.jpg,55,77,RGB,0.7142857142857143,4235,small_width
inaction,inaction/tr_9991,im000649_00-01-09.jpg,inaction/tr_9991/im000649_00-01-09.jpg,63,78,RGB,0.8076923076923077,4914,small_width
inaction,inaction/tr_9991,im000649_00-16-18.jpg,inaction/tr_9991/im000649_00-16-18.jpg,55,77,RGB,0.7142857142857143,4235,small_width
inaction,inaction/tr_9991,im000650_00-01-09.jpg,inaction/tr_9991/im000650_00-01-09.jpg,62,78,RGB,0.7948717948717948,4836,small_width
inaction,inaction/tr_9991,im000650_00-16-18.jpg,inaction/tr_9991/im000650_00-16-18.jpg,55,77,RGB,0.7142857142857143,4235,small_width
inaction,inaction/tr_9991,im000651_00-01-09.jpg,inaction/tr_9991/im000651_00-01-09.jpg,62,77,RGB,0.8051948051948052,4774,small_width
inaction,inaction/tr_9991,im000651_00-16-18.jpg,inaction/tr_9991/im000651_00-16-18.jpg,56,77,RGB,0.7272727272727273,4312,small_width
inaction,inaction/tr_9991,im000652_00-01-09.jpg,inaction/tr_9991/im000652_00-01-09.jpg,62,77,RGB,0.8051948051948052,4774,small_width
inaction,inaction/tr_9991,im000652_00-16-19.jpg,inaction/tr_9991/im000652_00-16-19.jpg,56,77,RGB,0.7272727272727273,4312,small_width
inaction,inaction/tr_9991,im000653_00-01-09.jpg,inaction/tr_9991/im000653_00-01-09.jpg,62,77,RGB,0.8051948051948052,4774,small_width
inaction,inaction/tr_9991,im000653_00-16-19.jpg,inaction/tr_9991/im000653_00-16-19.jpg,56,77,RGB,0.7272727272727273,4312,small_width
inaction,inaction/tr_9991,im000654_00-01-09.jpg,inaction/tr_9991/im000654_00-01-09.jpg,61,77,RGB,0.7922077922077922,4697,small_width
inaction,inaction/tr_9991,im000654_00-16-19.jpg,inaction/tr_9991/im000654_00-16-19.jpg,57,78,RGB,0.7307692307692307,4446,small_width
inaction,inaction/tr_9991,im000655_00-01-09.jpg,inaction/tr_9991/im000655_00-01-09.jpg,62,77,RGB,0.8051948051948052,4774,small_width
inaction,inaction/tr_9991,im000655_00-16-19.jpg,inaction/tr_9991/im000655_00-16-19.jpg,56,78,RGB,0.717948717948718,4368,small_width
inaction,inaction/tr_9991,im000656_00-01-09.jpg,inaction/tr_9991/im000656_00-01-09.jpg,61,77,RGB,0.7922077922077922,4697,small_width
inaction,inaction/tr_9991,im000656_00-16-19.jpg,inaction/tr_9991/im000656_00-16-19.jpg,55,78,RGB,0.7051282051282052,4290,small_width
inaction,inaction/tr_9991,im000657_00-01-09.jpg,inaction/tr_9991/im000657_00-01-09.jpg,61,77,RGB,0.7922077922077922,4697,small_width
inaction,inaction/tr_9991,im000657_00-16-19.jpg,inaction/tr_9991/im000657_00-16-19.jpg,56,80,RGB,0.7,4480,small_width
inaction,inaction/tr_9991,im000658_00-01-09.jpg,inaction/tr_9991/im000658_00-01-09.jpg,61,77,RGB,0.7922077922077922,4697,small_width
inaction,inaction/tr_9991,im000658_00-16-19.jpg,inaction/tr_9991/im000658_00-16-19.jpg,56,80,RGB,0.7,4480,small_width
inaction,inaction/tr_9991,im000659_00-01-09.jpg,inaction/tr_9991/im000659_00-01-09.jpg,61,78,RGB,0.782051282051282,4758,small_width
inaction,inaction/tr_9991,im000659_00-16-19.jpg,inaction/tr_9991/im000659_00-16-19.jpg,56,80,RGB,0.7,4480,small_width
inaction,inaction/tr_9991,im000660_00-01-10.jpg,inaction/tr_9991/im000660_00-01-10.jpg,60,77,RGB,0.7792207792207793,4620,small_width
inaction,inaction/tr_9991,im000660_00-16-19.jpg,inaction/tr_9991/im000660_00-16-19.jpg,57,79,RGB,0.7215189873417721,4503,small_width
inaction,inaction/tr_9991,im000661_00-01-10.jpg,inaction/tr_9991/im000661_00-01-10.jpg,60,77,RGB,0.7792207792207793,4620,small_width
inaction,inaction/tr_9991,im000661_00-16-19.jpg,inaction/tr_9991/im000661_00-16-19.jpg,57,79,RGB,0.7215189873417721,4503,small_width
inaction,inaction/tr_9991,im000662_00-01-10.jpg,inaction/tr_9991/im000662_00-01-10.jpg,60,77,RGB,0.7792207792207793,4620,small_width
inaction,inaction/tr_9991,im000662_00-16-19.jpg,inaction/tr_9991/im000662_00-16-19.jpg,57,79,RGB,0.7215189873417721,4503,small_width
inaction,inaction/tr_9991,im000663_00-01-10.jpg,inaction/tr_9991/im000663_00-01-10.jpg,60,77,RGB,0.7792207792207793,4620,small_width
inaction,inaction/tr_9991,im000663_00-16-19.jpg,inaction/tr_9991/im000663_00-16-19.jpg,57,79,RGB,0.7215189873417721,4503,small_width
inaction,inaction/tr_9991,im000664_00-01-10.jpg,inaction/tr_9991/im000664_00-01-10.jpg,60,77,RGB,0.7792207792207793,4620,small_width
inaction,inaction/tr_9991,im000664_00-16-20.jpg,inaction/tr_9991/im000664_00-16-20.jpg,58,79,RGB,0.7341772151898734,4582,small_width
inaction,inaction/tr_9991,im000665_00-01-10.jpg,inaction/tr_9991/im000665_00-01-10.jpg,60,77,RGB,0.7792207792207793,4620,small_width
inaction,inaction/tr_9991,im000665_00-16-20.jpg,inaction/tr_9991/im000665_00-16-20.jpg,58,80,RGB,0.725,4640,small_width
inaction,inaction/tr_9991,im000666_00-01-10.jpg,inaction/tr_9991/im000666_00-01-10.jpg,60,77,RGB,0.7792207792207793,4620,small_width
inaction,inaction/tr_9991,im000666_00-16-20.jpg,inaction/tr_9991/im000666_00-16-20.jpg,58,81,RGB,0.7160493827160493,4698,small_width
inaction,inaction/tr_9991,im000667_00-01-10.jpg,inaction/tr_9991/im000667_00-01-10.jpg,60,77,RGB,0.7792207792207793,4620,small_width
inaction,inaction/tr_9991,im000667_00-16-20.jpg,inaction/tr_9991/im000667_00-16-20.jpg,58,81,RGB,0.7160493827160493,4698,small_width
inaction,inaction/tr_9991,im000668_00-01-10.jpg,inaction/tr_9991/im000668_00-01-10.jpg,61,77,RGB,0.7922077922077922,4697,small_width
inaction,inaction/tr_9991,im000668_00-16-20.jpg,inaction/tr_9991/im000668_00-16-20.jpg,57,80,RGB,0.7125,4560,small_width
inaction,inaction/tr_9991,im000669_00-01-10.jpg,inaction/tr_9991/im000669_00-01-10.jpg,61,77,RGB,0.7922077922077922,4697,small_width
inaction,inaction/tr_9991,im000669_00-16-20.jpg,inaction/tr_9991/im000669_00-16-20.jpg,57,80,RGB,0.7125,4560,small_width
inaction,inaction/tr_9991,im000670_00-01-10.jpg,inaction/tr_9991/im000670_00-01-10.jpg,61,77,RGB,0.7922077922077922,4697,small_width
inaction,inaction/tr_9991,im000670_00-16-20.jpg,inaction/tr_9991/im000670_00-16-20.jpg,57,80,RGB,0.7125,4560,small_width
inaction,inaction/tr_9991,im000671_00-01-10.jpg,inaction/tr_9991/im000671_00-01-10.jpg,61,77,RGB,0.7922077922077922,4697,small_width
inaction,inaction/tr_9991,im000671_00-16-20.jpg,inaction/tr_9991/im000671_00-16-20.jpg,56,80,RGB,0.7,4480,small_width
inaction,inaction/tr_9991,im000672_00-01-11.jpg,inaction/tr_9991/im000672_00-01-11.jpg,60,77,RGB,0.7792207792207793,4620,small_width
inaction,inaction/tr_9991,im000672_00-16-20.jpg,inaction/tr_9991/im000672_00-16-20.jpg,58,80,RGB,0.725,4640,small_width
inaction,inaction/tr_9991,im000673_00-01-11.jpg,inaction/tr_9991/im000673_00-01-11.jpg,60,77,RGB,0.7792207792207793,4620,small_width
inaction,inaction/tr_9991,im000673_00-16-20.jpg,inaction/tr_9991/im000673_00-16-20.jpg,58,81,RGB,0.7160493827160493,4698,small_width
inaction,inaction/tr_9991,im000674_00-01-11.jpg,inaction/tr_9991/im000674_00-01-11.jpg,61,77,RGB,0.7922077922077922,4697,small_width
inaction,inaction/tr_9991,im000674_00-16-20.jpg,inaction/tr_9991/im000674_00-16-20.jpg,57,82,RGB,0.6951219512195121,4674,small_width
inaction,inaction/tr_9991,im000675_00-01-11.jpg,inaction/tr_9991/im000675_00-01-11.jpg,60,77,RGB,0.7792207792207793,4620,small_width
inaction,inaction/tr_9991,im000675_00-16-20.jpg,inaction/tr_9991/im000675_00-16-20.jpg,59,81,RGB,0.7283950617283951,4779,small_width
inaction,inaction/tr_9991,im000676_00-01-11.jpg,inaction/tr_9991/im000676_00-01-11.jpg,62,77,RGB,0.8051948051948052,4774,small_width
inaction,inaction/tr_9991,im000676_00-16-21.jpg,inaction/tr_9991/im000676_00-16-21.jpg,55,79,RGB,0.6962025316455697,4345,small_width
inaction,inaction/tr_9991,im000677_00-01-11.jpg,inaction/tr_9991/im000677_00-01-11.jpg,62,77,RGB,0.8051948051948052,4774,small_width
inaction,inaction/tr_9991,im000677_00-16-21.jpg,inaction/tr_9991/im000677_00-16-21.jpg,55,79,RGB,0.6962025316455697,4345,small_width
inaction,inaction/tr_9991,im000678_00-01-11.jpg,inaction/tr_9991/im000678_00-01-11.jpg,62,77,RGB,0.8051948051948052,4774,small_width
inaction,inaction/tr_9991,im000678_00-16-21.jpg,inaction/tr_9991/im000678_00-16-21.jpg,55,79,RGB,0.6962025316455697,4345,small_width
inaction,inaction/tr_9991,im000679_00-01-11.jpg,inaction/tr_9991/im000679_00-01-11.jpg,62,77,RGB,0.8051948051948052,4774,small_width
inaction,inaction/tr_9991,im000679_00-16-21.jpg,inaction/tr_9991/im000679_00-16-21.jpg,55,79,RGB,0.6962025316455697,4345,small_width
inaction,inaction/tr_9991,im000680_00-01-11.jpg,inaction/tr_9991/im000680_00-01-11.jpg,61,77,RGB,0.7922077922077922,4697,small_width
inaction,inaction/tr_9991,im000680_00-16-21.jpg,inaction/tr_9991/im000680_00-16-21.jpg,57,79,RGB,0.7215189873417721,4503,small_width
inaction,inaction/tr_9991,im000681_00-01-11.jpg,inaction/tr_9991/im000681_00-01-11.jpg,61,77,RGB,0.7922077922077922,4697,small_width
inaction,inaction/tr_9991,im000681_00-16-21.jpg,inaction/tr_9991/im000681_00-16-21.jpg,56,79,RGB,0.7088607594936709,4424,small_width
inaction,inaction/tr_9991,im000682_00-01-11.jpg,inaction/tr_9991/im000682_00-01-11.jpg,61,77,RGB,0.7922077922077922,4697,small_width
inaction,inaction/tr_9991,im000682_00-16-21.jpg,inaction/tr_9991/im000682_00-16-21.jpg,56,79,RGB,0.7088607594936709,4424,small_width
inaction,inaction/tr_9991,im000683_00-01-11.jpg,inaction/tr_9991/im000683_00-01-11.jpg,60,77,RGB,0.7792207792207793,4620,small_width
inaction,inaction/tr_9991,im000683_00-16-21.jpg,inaction/tr_9991/im000683_00-16-21.jpg,56,79,RGB,0.7088607594936709,4424,small_width
inaction,inaction/tr_9991,im000684_00-01-12.jpg,inaction/tr_9991/im000684_00-01-12.jpg,61,77,RGB,0.7922077922077922,4697,small_width
inaction,inaction/tr_9991,im000684_00-16-21.jpg,inaction/tr_9991/im000684_00-16-21.jpg,54,79,RGB,0.6835443037974683,4266,small_width
inaction,inaction/tr_9991,im000685_00-01-12.jpg,inaction/tr_9991/im000685_00-01-12.jpg,60,77,RGB,0.7792207792207793,4620,small_width
inaction,inaction/tr_9991,im000685_00-16-21.jpg,inaction/tr_9991/im000685_00-16-21.jpg,55,80,RGB,0.6875,4400,small_width
inaction,inaction/tr_9991,im000686_00-01-12.jpg,inaction/tr_9991/im000686_00-01-12.jpg,60,77,RGB,0.7792207792207793,4620,small_width
inaction,inaction/tr_9991,im000686_00-16-21.jpg,inaction/tr_9991/im000686_00-16-21.jpg,55,80,RGB,0.6875,4400,small_width
inaction,inaction/tr_9991,im000687_00-01-12.jpg,inaction/tr_9991/im000687_00-01-12.jpg,60,77,RGB,0.7792207792207793,4620,small_width
inaction,inaction/tr_9991,im000687_00-16-21.jpg,inaction/tr_9991/im000687_00-16-21.jpg,55,80,RGB,0.6875,4400,small_width
inaction,inaction/tr_9991,im000688_00-01-12.jpg,inaction/tr_9991/im000688_00-01-12.jpg,60,78,RGB,0.7692307692307693,4680,small_width
inaction,inaction/tr_9991,im000688_00-16-22.jpg,inaction/tr_9991/im000688_00-16-22.jpg,55,79,RGB,0.6962025316455697,4345,small_width
inaction,inaction/tr_9991,im000689_00-01-12.jpg,inaction/tr_9991/im000689_00-01-12.jpg,60,78,RGB,0.7692307692307693,4680,small_width
inaction,inaction/tr_9991,im000689_00-16-22.jpg,inaction/tr_9991/im000689_00-16-22.jpg,55,79,RGB,0.6962025316455697,4345,small_width
inaction,inaction/tr_9991,im000690_00-01-12.jpg,inaction/tr_9991/im000690_00-01-12.jpg,60,77,RGB,0.7792207792207793,4620,small_width
inaction,inaction/tr_9991,im000690_00-16-22.jpg,inaction/tr_9991/im000690_00-16-22.jpg,55,79,RGB,0.6962025316455697,4345,small_width
inaction,inaction/tr_9991,im000691_00-01-12.jpg,inaction/tr_9991/im000691_00-01-12.jpg,60,77,RGB,0.7792207792207793,4620,small_width
inaction,inaction/tr_9991,im000691_00-16-22.jpg,inaction/tr_9991/im000691_00-16-22.jpg,55,79,RGB,0.6962025316455697,4345,small_width
inaction,inaction/tr_9991,im000692_00-01-12.jpg,inaction/tr_9991/im000692_00-01-12.jpg,60,77,RGB,0.7792207792207793,4620,small_width
inaction,inaction/tr_9991,im000692_00-16-22.jpg,inaction/tr_9991/im000692_00-16-22.jpg,56,79,RGB,0.7088607594936709,4424,small_width
inaction,inaction/tr_9991,im000693_00-01-12.jpg,inaction/tr_9991/im000693_00-01-12.jpg,60,77,RGB,0.7792207792207793,4620,small_width
inaction,inaction/tr_9991,im000693_00-16-22.jpg,inaction/tr_9991/im000693_00-16-22.jpg,56,79,RGB,0.7088607594936709,4424,small_width
inaction,inaction/tr_9991,im000694_00-01-12.jpg,inaction/tr_9991/im000694_00-01-12.jpg,60,77,RGB,0.7792207792207793,4620,small_width
inaction,inaction/tr_9991,im000694_00-16-22.jpg,inaction/tr_9991/im000694_00-16-22.jpg,56,79,RGB,0.7088607594936709,4424,small_width
inaction,inaction/tr_9991,im000695_00-01-12.jpg,inaction/tr_9991/im000695_00-01-12.jpg,60,78,RGB,0.7692307692307693,4680,small_width
inaction,inaction/tr_9991,im000695_00-16-22.jpg,inaction/tr_9991/im000695_00-16-22.jpg,56,79,RGB,0.7088607594936709,4424,small_width
inaction,inaction/tr_9991,im000696_00-01-13.jpg,inaction/tr_9991/im000696_00-01-13.jpg,61,77,RGB,0.7922077922077922,4697,small_width
inaction,inaction/tr_9991,im000696_00-16-22.jpg,inaction/tr_9991/im000696_00-16-22.jpg,60,79,RGB,0.759493670886076,4740,small_width
inaction,inaction/tr_9991,im000697_00-01-13.jpg,inaction/tr_9991/im000697_00-01-13.jpg,60,77,RGB,0.7792207792207793,4620,small_width
inaction,inaction/tr_9991,im000697_00-16-22.jpg,inaction/tr_9991/im000697_00-16-22.jpg,58,79,RGB,0.7341772151898734,4582,small_width
inaction,inaction/tr_9991,im000698_00-01-13.jpg,inaction/tr_9991/im000698_00-01-13.jpg,61,77,RGB,0.7922077922077922,4697,small_width
inaction,inaction/tr_9991,im000698_00-16-22.jpg,inaction/tr_9991/im000698_00-16-22.jpg,58,79,RGB,0.7341772151898734,4582,small_width
inaction,inaction/tr_9991,im000699_00-01-13.jpg,inaction/tr_9991/im000699_00-01-13.jpg,61,77,RGB,0.7922077922077922,4697,small_width
inaction,inaction/tr_9991,im000699_00-16-22.jpg,inaction/tr_9991/im000699_00-16-22.jpg,58,79,RGB,0.7341772151898734,4582,small_width
inaction,inaction/tr_9991,im000700_00-01-13.jpg,inaction/tr_9991/im000700_00-01-13.jpg,60,78,RGB,0.7692307692307693,4680,small_width
inaction,inaction/tr_9991,im000700_00-16-23.jpg,inaction/tr_9991/im000700_00-16-23.jpg,55,79,RGB,0.6962025316455697,4345,small_width
inaction,inaction/tr_9991,im000701_00-01-13.jpg,inaction/tr_9991/im000701_00-01-13.jpg,60,78,RGB,0.7692307692307693,4680,small_width
inaction,inaction/tr_9991,im000701_00-16-23.jpg,inaction/tr_9991/im000701_00-16-23.jpg,55,79,RGB,0.6962025316455697,4345,small_width
inaction,inaction/tr_9991,im000702_00-01-13.jpg,inaction/tr_9991/im000702_00-01-13.jpg,60,78,RGB,0.7692307692307693,4680,small_width
inaction,inaction/tr_9991,im000702_00-16-23.jpg,inaction/tr_9991/im000702_00-16-23.jpg,55,80,RGB,0.6875,4400,small_width
inaction,inaction/tr_9991,im000703_00-01-13.jpg,inaction/tr_9991/im000703_00-01-13.jpg,60,76,RGB,0.7894736842105263,4560,small_width
inaction,inaction/tr_9991,im000703_00-16-23.jpg,inaction/tr_9991/im000703_00-16-23.jpg,55,79,RGB,0.6962025316455697,4345,small_width
inaction,inaction/tr_9991,im000704_00-01-13.jpg,inaction/tr_9991/im000704_00-01-13.jpg,60,76,RGB,0.7894736842105263,4560,small_width
inaction,inaction/tr_9991,im000704_00-16-23.jpg,inaction/tr_9991/im000704_00-16-23.jpg,56,79,RGB,0.7088607594936709,4424,small_width
inaction,inaction/tr_9991,im000705_00-01-13.jpg,inaction/tr_9991/im000705_00-01-13.jpg,60,76,RGB,0.7894736842105263,4560,small_width
inaction,inaction/tr_9991,im000705_00-16-23.jpg,inaction/tr_9991/im000705_00-16-23.jpg,56,79,RGB,0.7088607594936709,4424,small_width
inaction,inaction/tr_9991,im000706_00-01-13.jpg,inaction/tr_9991/im000706_00-01-13.jpg,60,76,RGB,0.7894736842105263,4560,small_width
inaction,inaction/tr_9991,im000706_00-16-23.jpg,inaction/tr_9991/im000706_00-16-23.jpg,56,79,RGB,0.7088607594936709,4424,small_width
inaction,inaction/tr_9991,im000707_00-01-13.jpg,inaction/tr_9991/im000707_00-01-13.jpg,60,75,RGB,0.8,4500,small_width
inaction,inaction/tr_9991,im000707_00-16-23.jpg,inaction/tr_9991/im000707_00-16-23.jpg,56,79,RGB,0.7088607594936709,4424,small_width
inaction,inaction/tr_9991,im000708_00-01-14.jpg,inaction/tr_9991/im000708_00-01-14.jpg,61,74,RGB,0.8243243243243243,4514,small_width
inaction,inaction/tr_9991,im000708_00-16-23.jpg,inaction/tr_9991/im000708_00-16-23.jpg,57,78,RGB,0.7307692307692307,4446,small_width
inaction,inaction/tr_9991,im000709_00-01-14.jpg,inaction/tr_9991/im000709_00-01-14.jpg,61,74,RGB,0.8243243243243243,4514,small_width
inaction,inaction/tr_9991,im000709_00-16-23.jpg,inaction/tr_9991/im000709_00-16-23.jpg,56,78,RGB,0.717948717948718,4368,small_width
inaction,inaction/tr_9991,im000710_00-01-14.jpg,inaction/tr_9991/im000710_00-01-14.jpg,61,73,RGB,0.8356164383561644,4453,small_width
inaction,inaction/tr_9991,im000710_00-16-23.jpg,inaction/tr_9991/im000710_00-16-23.jpg,56,77,RGB,0.7272727272727273,4312,small_width
inaction,inaction/tr_9991,im000711_00-01-14.jpg,inaction/tr_9991/im000711_00-01-14.jpg,60,73,RGB,0.821917808219178,4380,small_width
inaction,inaction/tr_9991,im000711_00-16-23.jpg,inaction/tr_9991/im000711_00-16-23.jpg,56,79,RGB,0.7088607594936709,4424,small_width
inaction,inaction/tr_9991,im000712_00-01-14.jpg,inaction/tr_9991/im000712_00-01-14.jpg,61,73,RGB,0.8356164383561644,4453,small_width
inaction,inaction/tr_9991,im000712_00-16-24.jpg,inaction/tr_9991/im000712_00-16-24.jpg,57,78,RGB,0.7307692307692307,4446,small_width
inaction,inaction/tr_9991,im000713_00-01-14.jpg,inaction/tr_9991/im000713_00-01-14.jpg,61,73,RGB,0.8356164383561644,4453,small_width
inaction,inaction/tr_9991,im000713_00-16-24.jpg,inaction/tr_9991/im000713_00-16-24.jpg,57,78,RGB,0.7307692307692307,4446,small_width
inaction,inaction/tr_9991,im000714_00-01-14.jpg,inaction/tr_9991/im000714_00-01-14.jpg,61,73,RGB,0.8356164383561644,4453,small_width
inaction,inaction/tr_9991,im000714_00-16-24.jpg,inaction/tr_9991/im000714_00-16-24.jpg,56,78,RGB,0.717948717948718,4368,small_width
inaction,inaction/tr_9991,im000715_00-01-14.jpg,inaction/tr_9991/im000715_00-01-14.jpg,61,73,RGB,0.8356164383561644,4453,small_width
inaction,inaction/tr_9991,im000715_00-16-24.jpg,inaction/tr_9991/im000715_00-16-24.jpg,56,78,RGB,0.717948717948718,4368,small_width
inaction,inaction/tr_9991,im000716_00-01-14.jpg,inaction/tr_9991/im000716_00-01-14.jpg,61,74,RGB,0.8243243243243243,4514,small_width
inaction,inaction/tr_9991,im000717_00-01-14.jpg,inaction/tr_9991/im000717_00-01-14.jpg,60,73,RGB,0.821917808219178,4380,small_width
inaction,inaction/tr_9991,im000718_00-01-14.jpg,inaction/tr_9991/im000718_00-01-14.jpg,59,72,RGB,0.8194444444444444,4248,small_width
inaction,inaction/tr_9991,im000719_00-01-14.jpg,inaction/tr_9991/im000719_00-01-14.jpg,58,72,RGB,0.8055555555555556,4176,small_width
inaction,inaction/tr_9991,im000720_00-01-15.jpg,inaction/tr_9991/im000720_00-01-15.jpg,60,72,RGB,0.8333333333333334,4320,small_width
inaction,inaction/tr_9991,im000721_00-01-15.jpg,inaction/tr_9991/im000721_00-01-15.jpg,58,72,RGB,0.8055555555555556,4176,small_width
inaction,inaction/tr_9991,im000722_00-01-15.jpg,inaction/tr_9991/im000722_00-01-15.jpg,53,72,RGB,0.7361111111111112,3816,small_width
inaction,inaction/tr_9991,im000723_00-01-15.jpg,inaction/tr_9991/im000723_00-01-15.jpg,50,72,RGB,0.6944444444444444,3600,small_width
inaction,inaction/tr_9991,im000724_00-01-15.jpg,inaction/tr_9991/im000724_00-01-15.jpg,45,66,RGB,0.6818181818181818,2970,small_width
inaction,inaction/tr_9991,im000725_00-01-16.jpg,inaction/tr_9991/im000725_00-01-16.jpg,45,66,RGB,0.6818181818181818,2970,small_width
inaction,inaction/tr_9991,im000726_00-01-16.jpg,inaction/tr_9991/im000726_00-01-16.jpg,49,66,RGB,0.7424242424242424,3234,small_width
inaction,inaction/tr_9991,im000727_00-01-16.jpg,inaction/tr_9991/im000727_00-01-16.jpg,56,67,RGB,0.835820895522388,3752,small_width
inaction,inaction/tr_9991,im000728_00-01-16.jpg,inaction/tr_9991/im000728_00-01-16.jpg,60,73,RGB,0.821917808219178,4380,small_width
inaction,inaction/tr_9991,im000729_00-01-16.jpg,inaction/tr_9991/im000729_00-01-16.jpg,61,75,RGB,0.8133333333333334,4575,small_width
inaction,inaction/tr_9991,im000730_00-01-16.jpg,inaction/tr_9991/im000730_00-01-16.jpg,62,73,RGB,0.8493150684931506,4526,small_width
inaction,inaction/tr_9991,im000731_00-01-16.jpg,inaction/tr_9991/im000731_00-01-16.jpg,63,74,RGB,0.8513513513513513,4662,small_width
inaction,inaction/tr_9991,im000734_00-01-16.jpg,inaction/tr_9991/im000734_00-01-16.jpg,63,74,RGB,0.8513513513513513,4662,small_width
inaction,inaction/tr_9991,im000737_00-01-17.jpg,inaction/tr_9991/im000737_00-01-17.jpg,63,74,RGB,0.8513513513513513,4662,small_width
inaction,inaction/tr_9991,im000738_00-01-17.jpg,inaction/tr_9991/im000738_00-01-17.jpg,63,74,RGB,0.8513513513513513,4662,small_width
inaction,inaction/tr_9991,im000741_00-01-17.jpg,inaction/tr_9991/im000741_00-01-17.jpg,56,67,RGB,0.835820895522388,3752,small_width
inaction,inaction/tr_9991,im000742_00-01-17.jpg,inaction/tr_9991/im000742_00-01-17.jpg,46,73,RGB,0.6301369863013698,3358,small_width
inaction,inaction/tr_9991,im000743_00-01-17.jpg,inaction/tr_9991/im000743_00-01-17.jpg,46,68,RGB,0.6764705882352942,3128,small_width
inaction,inaction/tr_9991,im000744_00-01-17.jpg,inaction/tr_9991/im000744_00-01-17.jpg,49,74,RGB,0.6621621621621622,3626,small_width
inaction,inaction/tr_9991,im000745_00-01-17.jpg,inaction/tr_9991/im000745_00-01-17.jpg,50,70,RGB,0.7142857142857143,3500,small_width
inaction,inaction/tr_9991,im000746_00-01-17.jpg,inaction/tr_9991/im000746_00-01-17.jpg,53,72,RGB,0.7361111111111112,3816,small_width
inaction,inaction/tr_9991,im000747_00-01-17.jpg,inaction/tr_9991/im000747_00-01-17.jpg,63,74,RGB,0.8513513513513513,4662,small_width
inaction,inaction/tr_9991,im000753_00-01-18.jpg,inaction/tr_9991/im000753_00-01-18.jpg,63,73,RGB,0.863013698630137,4599,small_width
inaction,inaction/tr_9991,im000754_00-01-18.jpg,inaction/tr_9991/im000754_00-01-18.jpg,63,73,RGB,0.863013698630137,4599,small_width
inaction,inaction/tr_9991,im000755_00-01-18.jpg,inaction/tr_9991/im000755_00-01-18.jpg,63,73,RGB,0.863013698630137,4599,small_width
inaction,inaction/tr_9991,im000756_00-01-18.jpg,inaction/tr_9991/im000756_00-01-18.jpg,62,73,RGB,0.8493150684931506,4526,small_width
inaction,inaction/tr_9991,im000758_00-01-18.jpg,inaction/tr_9991/im000758_00-01-18.jpg,63,74,RGB,0.8513513513513513,4662,small_width
inaction,inaction/tr_9991,im000759_00-01-18.jpg,inaction/tr_9991/im000759_00-01-18.jpg,63,74,RGB,0.8513513513513513,4662,small_width
inaction,inaction/tr_9991,im000760_00-01-18.jpg,inaction/tr_9991/im000760_00-01-18.jpg,63,75,RGB,0.84,4725,small_width
inaction,inaction/tr_9991,im000765_00-01-19.jpg,inaction/tr_9991/im000765_00-01-19.jpg,63,78,RGB,0.8076923076923077,4914,small_width
inaction,inaction/tr_9991,im000766_00-01-19.jpg,inaction/tr_9991/im000766_00-01-19.jpg,63,77,RGB,0.8181818181818182,4851,small_width
inaction,inaction/tr_9991,im000767_00-01-19.jpg,inaction/tr_9991/im000767_00-01-19.jpg,63,78,RGB,0.8076923076923077,4914,small_width
inaction,inaction/tr_9991,im000768_00-01-19.jpg,inaction/tr_9991/im000768_00-01-19.jpg,63,78,RGB,0.8076923076923077,4914,small_width
inaction,inaction/tr_9991,im000769_00-01-19.jpg,inaction/tr_9991/im000769_00-01-19.jpg,63,74,RGB,0.8513513513513513,4662,small_width
inaction,inaction/tr_9991,im000770_00-01-19.jpg,inaction/tr_9991/im000770_00-01-19.jpg,63,74,RGB,0.8513513513513513,4662,small_width
inaction,inaction/tr_9991,im000771_00-01-19.jpg,inaction/tr_9991/im000771_00-01-19.jpg,62,75,RGB,0.8266666666666667,4650,small_width
inaction,inaction/tr_9991,im000772_00-01-19.jpg,inaction/tr_9991/im000772_00-01-19.jpg,61,76,RGB,0.8026315789473685,4636,small_width
inaction,inaction/tr_9991,im000773_00-01-20.jpg,inaction/tr_9991/im000773_00-01-20.jpg,63,78,RGB,0.8076923076923077,4914,small_width
inaction,inaction/tr_9991,im000778_00-01-20.jpg,inaction/tr_9991/im000778_00-01-20.jpg,63,76,RGB,0.8289473684210527,4788,small_width
inaction,inaction/tr_9991,im000779_00-01-20.jpg,inaction/tr_9991/im000779_00-01-20.jpg,63,77,RGB,0.8181818181818182,4851,small_width
inaction,inaction/tr_9991,im000780_00-01-20.jpg,inaction/tr_9991/im000780_00-01-20.jpg,63,77,RGB,0.8181818181818182,4851,small_width
inaction,inaction/tr_9991,im000781_00-01-20.jpg,inaction/tr_9991/im000781_00-01-20.jpg,62,78,RGB,0.7948717948717948,4836,small_width
inaction,inaction/tr_9991,im000782_00-01-20.jpg,inaction/tr_9991/im000782_00-01-20.jpg,62,78,RGB,0.7948717948717948,4836,small_width
inaction,inaction/tr_9991,im000783_00-01-20.jpg,inaction/tr_9991/im000783_00-01-20.jpg,63,78,RGB,0.8076923076923077,4914,small_width
inaction,inaction/tr_9991,im000784_00-01-20.jpg,inaction/tr_9991/im000784_00-01-20.jpg,62,78,RGB,0.7948717948717948,4836,small_width
inaction,inaction/tr_9991,im000785_00-01-21.jpg,inaction/tr_9991/im000785_00-01-21.jpg,63,78,RGB,0.8076923076923077,4914,small_width
inaction,inaction/tr_9991,im000786_00-01-21.jpg,inaction/tr_9991/im000786_00-01-21.jpg,63,78,RGB,0.8076923076923077,4914,small_width
inaction,inaction/tr_9991,im000787_00-01-21.jpg,inaction/tr_9991/im000787_00-01-21.jpg,63,78,RGB,0.8076923076923077,4914,small_width
inaction,inaction/tr_9991,im000788_00-01-21.jpg,inaction/tr_9991/im000788_00-01-21.jpg,63,78,RGB,0.8076923076923077,4914,small_width
inaction,inaction/tr_9991,im000789_00-01-21.jpg,inaction/tr_9991/im000789_00-01-21.jpg,63,77,RGB,0.8181818181818182,4851,small_width
inaction,inaction/tr_9991,im000790_00-01-21.jpg,inaction/tr_9991/im000790_00-01-21.jpg,63,77,RGB,0.8181818181818182,4851,small_width
inaction,inaction/tr_9991,im000791_00-01-21.jpg,inaction/tr_9991/im000791_00-01-21.jpg,63,77,RGB,0.8181818181818182,4851,small_width
inaction,inaction/tr_9991,im000792_00-01-21.jpg,inaction/tr_9991/im000792_00-01-21.jpg,63,77,RGB,0.8181818181818182,4851,small_width
inaction,inaction/tr_9991,im000793_00-01-21.jpg,inaction/tr_9991/im000793_00-01-21.jpg,63,76,RGB,0.8289473684210527,4788,small_width
inaction,inaction/tr_9991,im000794_00-01-21.jpg,inaction/tr_9991/im000794_00-01-21.jpg,63,77,RGB,0.8181818181818182,4851,small_width
inaction,inaction/tr_9991,im000795_00-01-21.jpg,inaction/tr_9991/im000795_00-01-21.jpg,63,77,RGB,0.8181818181818182,4851,small_width
inaction,inaction/tr_9991,im000796_00-01-21.jpg,inaction/tr_9991/im000796_00-01-21.jpg,63,77,RGB,0.8181818181818182,4851,small_width
inaction,inaction/tr_9991,im000797_00-01-22.jpg,inaction/tr_9991/im000797_00-01-22.jpg,63,77,RGB,0.8181818181818182,4851,small_width
inaction,inaction/tr_9991,im000798_00-01-22.jpg,inaction/tr_9991/im000798_00-01-22.jpg,63,77,RGB,0.8181818181818182,4851,small_width
inaction,inaction/tr_9991,im000799_00-01-22.jpg,inaction/tr_9991/im000799_00-01-22.jpg,62,77,RGB,0.8051948051948052,4774,small_width
inaction,inaction/tr_9991,im000800_00-01-22.jpg,inaction/tr_9991/im000800_00-01-22.jpg,62,77,RGB,0.8051948051948052,4774,small_width
inaction,inaction/tr_9991,im000801_00-01-22.jpg,inaction/tr_9991/im000801_00-01-22.jpg,62,76,RGB,0.8157894736842105,4712,small_width
inaction,inaction/tr_9991,im000802_00-01-22.jpg,inaction/tr_9991/im000802_00-01-22.jpg,62,76,RGB,0.8157894736842105,4712,small_width
inaction,inaction/tr_9991,im000803_00-01-22.jpg,inaction/tr_9991/im000803_00-01-22.jpg,62,76,RGB,0.8157894736842105,4712,small_width
inaction,inaction/tr_9991,im000804_00-01-22.jpg,inaction/tr_9991/im000804_00-01-22.jpg,63,76,RGB,0.8289473684210527,4788,small_width
inaction,inaction/tr_9991,im000805_00-01-22.jpg,inaction/tr_9991/im000805_00-01-22.jpg,61,77,RGB,0.7922077922077922,4697,small_width
inaction,inaction/tr_9991,im000806_00-01-22.jpg,inaction/tr_9991/im000806_00-01-22.jpg,62,77,RGB,0.8051948051948052,4774,small_width
inaction,inaction/tr_9991,im000807_00-01-22.jpg,inaction/tr_9991/im000807_00-01-22.jpg,62,77,RGB,0.8051948051948052,4774,small_width
inaction,inaction/tr_9991,im000808_00-01-22.jpg,inaction/tr_9991/im000808_00-01-22.jpg,61,77,RGB,0.7922077922077922,4697,small_width
inaction,inaction/tr_9991,im000813_00-01-23.jpg,inaction/tr_9991/im000813_00-01-23.jpg,61,76,RGB,0.8026315789473685,4636,small_width
inaction,inaction/tr_9991,im000814_00-01-23.jpg,inaction/tr_9991/im000814_00-01-23.jpg,61,76,RGB,0.8026315789473685,4636,small_width
inaction,inaction/tr_9991,im000815_00-01-23.jpg,inaction/tr_9991/im000815_00-01-23.jpg,61,76,RGB,0.8026315789473685,4636,small_width
inaction,inaction/tr_9991,im000816_00-01-23.jpg,inaction/tr_9991/im000816_00-01-23.jpg,61,76,RGB,0.8026315789473685,4636,small_width
inaction,inaction/tr_9991,im000825_00-01-24.jpg,inaction/tr_9991/im000825_00-01-24.jpg,63,76,RGB,0.8289473684210527,4788,small_width
inaction,inaction/tr_9991,im000827_00-01-24.jpg,inaction/tr_9991/im000827_00-01-24.jpg,63,76,RGB,0.8289473684210527,4788,small_width
inaction,inaction/tr_9991,im000828_00-01-24.jpg,inaction/tr_9991/im000828_00-01-24.jpg,63,76,RGB,0.8289473684210527,4788,small_width
inaction,inaction/tr_9991,im000830_00-01-24.jpg,inaction/tr_9991/im000830_00-01-24.jpg,63,76,RGB,0.8289473684210527,4788,small_width
inaction,inaction/tr_9991,im000831_00-01-24.jpg,inaction/tr_9991/im000831_00-01-24.jpg,63,76,RGB,0.8289473684210527,4788,small_width
inaction,inaction/tr_9991,im000832_00-01-24.jpg,inaction/tr_9991/im000832_00-01-24.jpg,63,76,RGB,0.8289473684210527,4788,small_width
inaction,inaction/tr_9991,im000833_00-01-25.jpg,inaction/tr_9991/im000833_00-01-25.jpg,63,77,RGB,0.8181818181818182,4851,small_width
inaction,inaction/tr_9991,im000834_00-01-25.jpg,inaction/tr_9991/im000834_00-01-25.jpg,63,76,RGB,0.8289473684210527,4788,small_width
inaction,inaction/tr_9991,im000835_00-01-25.jpg,inaction/tr_9991/im000835_00-01-25.jpg,63,77,RGB,0.8181818181818182,4851,small_width
inaction,inaction/tr_9991,im000836_00-01-25.jpg,inaction/tr_9991/im000836_00-01-25.jpg,63,77,RGB,0.8181818181818182,4851,small_width
inaction,inaction/tr_9991,im000845_00-01-26.jpg,inaction/tr_9991/im000845_00-01-26.jpg,63,76,RGB,0.8289473684210527,4788,small_width
inaction,inaction/tr_9991,im000846_00-01-26.jpg,inaction/tr_9991/im000846_00-01-26.jpg,63,77,RGB,0.8181818181818182,4851,small_width
inaction,inaction/tr_9991,im000847_00-01-26.jpg,inaction/tr_9991/im000847_00-01-26.jpg,62,76,RGB,0.8157894736842105,4712,small_width
inaction,inaction/tr_9991,im000848_00-01-26.jpg,inaction/tr_9991/im000848_00-01-26.jpg,61,76,RGB,0.8026315789473685,4636,small_width
inaction,inaction/tr_9991,im000849_00-01-26.jpg,inaction/tr_9991/im000849_00-01-26.jpg,61,74,RGB,0.8243243243243243,4514,small_width
inaction,inaction/tr_9991,im000850_00-01-26.jpg,inaction/tr_9991/im000850_00-01-26.jpg,61,75,RGB,0.8133333333333334,4575,small_width
inaction,inaction/tr_9991,im000851_00-01-26.jpg,inaction/tr_9991/im000851_00-01-26.jpg,61,75,RGB,0.8133333333333334,4575,small_width
inaction,inaction/tr_9991,im000852_00-01-26.jpg,inaction/tr_9991/im000852_00-01-26.jpg,61,76,RGB,0.8026315789473685,4636,small_width
inaction,inaction/tr_9991,im000853_00-01-26.jpg,inaction/tr_9991/im000853_00-01-26.jpg,59,74,RGB,0.7972972972972973,4366,small_width
inaction,inaction/tr_9991,im000854_00-01-26.jpg,inaction/tr_9991/im000854_00-01-26.jpg,59,74,RGB,0.7972972972972973,4366,small_width
inaction,inaction/tr_9991,im000855_00-01-26.jpg,inaction/tr_9991/im000855_00-01-26.jpg,60,74,RGB,0.8108108108108109,4440,small_width
inaction,inaction/tr_9991,im000856_00-01-26.jpg,inaction/tr_9991/im000856_00-01-26.jpg,60,75,RGB,0.8,4500,small_width
inaction,inaction/tr_9991,im000857_00-01-27.jpg,inaction/tr_9991/im000857_00-01-27.jpg,61,74,RGB,0.8243243243243243,4514,small_width
inaction,inaction/tr_9991,im000858_00-01-27.jpg,inaction/tr_9991/im000858_00-01-27.jpg,62,74,RGB,0.8378378378378378,4588,small_width
inaction,inaction/tr_9991,im000859_00-01-27.jpg,inaction/tr_9991/im000859_00-01-27.jpg,61,74,RGB,0.8243243243243243,4514,small_width
inaction,inaction/tr_9991,im000860_00-01-27.jpg,inaction/tr_9991/im000860_00-01-27.jpg,62,74,RGB,0.8378378378378378,4588,small_width
inaction,inaction/tr_9991,im000861_00-01-27.jpg,inaction/tr_9991/im000861_00-01-27.jpg,62,75,RGB,0.8266666666666667,4650,small_width
inaction,inaction/tr_9991,im000862_00-01-27.jpg,inaction/tr_9991/im000862_00-01-27.jpg,61,75,RGB,0.8133333333333334,4575,small_width
inaction,inaction/tr_9991,im000863_00-01-27.jpg,inaction/tr_9991/im000863_00-01-27.jpg,61,75,RGB,0.8133333333333334,4575,small_width
inaction,inaction/tr_9991,im000864_00-01-27.jpg,inaction/tr_9991/im000864_00-01-27.jpg,61,75,RGB,0.8133333333333334,4575,small_width
inaction,inaction/tr_9991,im000865_00-01-27.jpg,inaction/tr_9991/im000865_00-01-27.jpg,62,75,RGB,0.8266666666666667,4650,small_width
inaction,inaction/tr_9991,im000866_00-01-27.jpg,inaction/tr_9991/im000866_00-01-27.jpg,63,75,RGB,0.84,4725,small_width
inaction,inaction/tr_9991,im000867_00-01-27.jpg,inaction/tr_9991/im000867_00-01-27.jpg,63,75,RGB,0.84,4725,small_width
inaction,inaction/tr_9991,im000868_00-01-27.jpg,inaction/tr_9991/im000868_00-01-27.jpg,63,75,RGB,0.84,4725,small_width
inaction,inaction/tr_9991,im000869_00-01-28.jpg,inaction/tr_9991/im000869_00-01-28.jpg,63,75,RGB,0.84,4725,small_width
inaction,inaction/tr_9991,im000871_00-01-28.jpg,inaction/tr_9991/im000871_00-01-28.jpg,63,75,RGB,0.84,4725,small_width
inaction,inaction/tr_9991,im000873_00-01-28.jpg,inaction/tr_9991/im000873_00-01-28.jpg,63,74,RGB,0.8513513513513513,4662,small_width
inaction,inaction/tr_9991,im000874_00-01-28.jpg,inaction/tr_9991/im000874_00-01-28.jpg,63,74,RGB,0.8513513513513513,4662,small_width
inaction,inaction/tr_9991,im000875_00-01-28.jpg,inaction/tr_9991/im000875_00-01-28.jpg,63,74,RGB,0.8513513513513513,4662,small_width
inaction,inaction/tr_9991,im000876_00-01-28.jpg,inaction/tr_9991/im000876_00-01-28.jpg,63,74,RGB,0.8513513513513513,4662,small_width
inaction,inaction/tr_9991,im000880_00-01-28.jpg,inaction/tr_9991/im000880_00-01-28.jpg,63,75,RGB,0.84,4725,small_width
inaction,inaction/tr_9991,im000881_00-01-29.jpg,inaction/tr_9991/im000881_00-01-29.jpg,63,75,RGB,0.84,4725,small_width
inaction,inaction/tr_9991,im000882_00-01-29.jpg,inaction/tr_9991/im000882_00-01-29.jpg,63,75,RGB,0.84,4725,small_width
inaction,inaction/tr_9991,im000883_00-01-29.jpg,inaction/tr_9991/im000883_00-01-29.jpg,63,75,RGB,0.84,4725,small_width
inaction,inaction/tr_9991,im000884_00-01-29.jpg,inaction/tr_9991/im000884_00-01-29.jpg,63,75,RGB,0.84,4725,small_width
inaction,inaction/tr_9991,im000885_00-01-29.jpg,inaction/tr_9991/im000885_00-01-29.jpg,63,74,RGB,0.8513513513513513,4662,small_width
inaction,inaction/tr_9991,im000886_00-01-29.jpg,inaction/tr_9991/im000886_00-01-29.jpg,63,74,RGB,0.8513513513513513,4662,small_width
inaction,inaction/tr_9991,im000887_00-01-29.jpg,inaction/tr_9991/im000887_00-01-29.jpg,63,74,RGB,0.8513513513513513,4662,small_width
inaction,inaction/tr_9991,im000888_00-01-29.jpg,inaction/tr_9991/im000888_00-01-29.jpg,63,74,RGB,0.8513513513513513,4662,small_width
inaction,inaction/tr_9991,im000889_00-01-29.jpg,inaction/tr_9991/im000889_00-01-29.jpg,62,74,RGB,0.8378378378378378,4588,small_width
inaction,inaction/tr_9991,im000890_00-01-29.jpg,inaction/tr_9991/im000890_00-01-29.jpg,62,75,RGB,0.8266666666666667,4650,small_width
inaction,inaction/tr_9991,im000891_00-01-29.jpg,inaction/tr_9991/im000891_00-01-29.jpg,62,75,RGB,0.8266666666666667,4650,small_width
inaction,inaction/tr_9991,im000892_00-01-29.jpg,inaction/tr_9991/im000892_00-01-29.jpg,62,75,RGB,0.8266666666666667,4650,small_width
inaction,inaction/tr_9991,im000893_00-01-30.jpg,inaction/tr_9991/im000893_00-01-30.jpg,62,74,RGB,0.8378378378378378,4588,small_width
inaction,inaction/tr_9991,im000894_00-01-30.jpg,inaction/tr_9991/im000894_00-01-30.jpg,62,74,RGB,0.8378378378378378,4588,small_width
inaction,inaction/tr_9991,im000895_00-01-30.jpg,inaction/tr_9991/im000895_00-01-30.jpg,61,74,RGB,0.8243243243243243,4514,small_width
inaction,inaction/tr_9991,im000896_00-01-30.jpg,inaction/tr_9991/im000896_00-01-30.jpg,61,74,RGB,0.8243243243243243,4514,small_width
inaction,inaction/tr_9991,im000897_00-01-30.jpg,inaction/tr_9991/im000897_00-01-30.jpg,62,74,RGB,0.8378378378378378,4588,small_width
inaction,inaction/tr_9991,im000898_00-01-30.jpg,inaction/tr_9991/im000898_00-01-30.jpg,62,74,RGB,0.8378378378378378,4588,small_width
inaction,inaction/tr_9991,im000899_00-01-30.jpg,inaction/tr_9991/im000899_00-01-30.jpg,62,74,RGB,0.8378378378378378,4588,small_width
inaction,inaction/tr_9991,im000900_00-01-30.jpg,inaction/tr_9991/im000900_00-01-30.jpg,62,74,RGB,0.8378378378378378,4588,small_width
inaction,inaction/tr_9991,im000901_00-01-30.jpg,inaction/tr_9991/im000901_00-01-30.jpg,62,74,RGB,0.8378378378378378,4588,small_width
inaction,inaction/tr_9991,im000902_00-01-30.jpg,inaction/tr_9991/im000902_00-01-30.jpg,62,74,RGB,0.8378378378378378,4588,small_width
inaction,inaction/tr_9991,im000903_00-01-30.jpg,inaction/tr_9991/im000903_00-01-30.jpg,62,74,RGB,0.8378378378378378,4588,small_width
inaction,inaction/tr_9991,im000904_00-01-30.jpg,inaction/tr_9991/im000904_00-01-30.jpg,62,74,RGB,0.8378378378378378,4588,small_width
inaction,inaction/tr_9991,im000909_00-01-31.jpg,inaction/tr_9991/im000909_00-01-31.jpg,63,74,RGB,0.8513513513513513,4662,small_width
inaction,inaction/tr_9991,im000910_00-01-31.jpg,inaction/tr_9991/im000910_00-01-31.jpg,62,73,RGB,0.8493150684931506,4526,small_width
inaction,inaction/tr_9991,im000911_00-01-31.jpg,inaction/tr_9991/im000911_00-01-31.jpg,62,73,RGB,0.8493150684931506,4526,small_width
inaction,inaction/tr_9991,im000912_00-01-31.jpg,inaction/tr_9991/im000912_00-01-31.jpg,62,73,RGB,0.8493150684931506,4526,small_width
inaction,inaction/tr_9991,im000913_00-01-31.jpg,inaction/tr_9991/im000913_00-01-31.jpg,62,73,RGB,0.8493150684931506,4526,small_width
inaction,inaction/tr_9991,im000914_00-01-31.jpg,inaction/tr_9991/im000914_00-01-31.jpg,62,73,RGB,0.8493150684931506,4526,small_width
inaction,inaction/tr_9991,im000915_00-01-31.jpg,inaction/tr_9991/im000915_00-01-31.jpg,62,73,RGB,0.8493150684931506,4526,small_width
inaction,inaction/tr_9991,im000916_00-01-31.jpg,inaction/tr_9991/im000916_00-01-31.jpg,62,73,RGB,0.8493150684931506,4526,small_width
inaction,inaction/tr_9991,im000917_00-01-32.jpg,inaction/tr_9991/im000917_00-01-32.jpg,63,73,RGB,0.863013698630137,4599,small_width
inaction,inaction/tr_9991,im000920_00-01-32.jpg,inaction/tr_9991/im000920_00-01-32.jpg,63,74,RGB,0.8513513513513513,4662,small_width
inaction,inaction/tr_9991,im000921_00-01-32.jpg,inaction/tr_9991/im000921_00-01-32.jpg,63,71,RGB,0.8873239436619719,4473,small_width
inaction,inaction/tr_9991,im000922_00-01-32.jpg,inaction/tr_9991/im000922_00-01-32.jpg,63,72,RGB,0.875,4536,small_width
inaction,inaction/tr_9991,im000923_00-01-32.jpg,inaction/tr_9991/im000923_00-01-32.jpg,63,74,RGB,0.8513513513513513,4662,small_width
inaction,inaction/tr_9991,im000924_00-01-32.jpg,inaction/tr_9991/im000924_00-01-32.jpg,62,74,RGB,0.8378378378378378,4588,small_width
inaction,inaction/tr_9991,im000929_00-01-33.jpg,inaction/tr_9991/im000929_00-01-33.jpg,63,73,RGB,0.863013698630137,4599,small_width
inaction,inaction/tr_9991,im000930_00-01-33.jpg,inaction/tr_9991/im000930_00-01-33.jpg,63,73,RGB,0.863013698630137,4599,small_width
inaction,inaction/tr_9991,im000931_00-01-33.jpg,inaction/tr_9991/im000931_00-01-33.jpg,63,73,RGB,0.863013698630137,4599,small_width
inaction,inaction/tr_9991,im000932_00-01-33.jpg,inaction/tr_9991/im000932_00-01-33.jpg,63,73,RGB,0.863013698630137,4599,small_width
inaction,inaction/tr_9991,im000941_00-01-34.jpg,inaction/tr_9991/im000941_00-01-34.jpg,63,73,RGB,0.863013698630137,4599,small_width
inaction,inaction/tr_9991,im000942_00-01-34.jpg,inaction/tr_9991/im000942_00-01-34.jpg,63,73,RGB,0.863013698630137,4599,small_width
inaction,inaction/tr_9991,im000943_00-01-34.jpg,inaction/tr_9991/im000943_00-01-34.jpg,62,73,RGB,0.8493150684931506,4526,small_width
inaction,inaction/tr_9991,im000944_00-01-34.jpg,inaction/tr_9991/im000944_00-01-34.jpg,62,73,RGB,0.8493150684931506,4526,small_width
inaction,inaction/tr_9991,im000953_00-01-35.jpg,inaction/tr_9991/im000953_00-01-35.jpg,63,73,RGB,0.863013698630137,4599,small_width
inaction,inaction/tr_9991,im000954_00-01-35.jpg,inaction/tr_9991/im000954_00-01-35.jpg,63,73,RGB,0.863013698630137,4599,small_width
inaction,inaction/tr_9991,im000955_00-01-35.jpg,inaction/tr_9991/im000955_00-01-35.jpg,63,72,RGB,0.875,4536,small_width
inaction,inaction/tr_9991,im000956_00-01-35.jpg,inaction/tr_9991/im000956_00-01-35.jpg,63,72,RGB,0.875,4536,small_width
inaction,inaction/tr_9991,im000961_00-01-35.jpg,inaction/tr_9991/im000961_00-01-35.jpg,63,73,RGB,0.863013698630137,4599,small_width
inaction,inaction/tr_9991,im000962_00-01-35.jpg,inaction/tr_9991/im000962_00-01-35.jpg,63,73,RGB,0.863013698630137,4599,small_width
inaction,inaction/tr_9991,im000963_00-01-35.jpg,inaction/tr_9991/im000963_00-01-35.jpg,63,73,RGB,0.863013698630137,4599,small_width
inaction,inaction/tr_9991,im000964_00-01-35.jpg,inaction/tr_9991/im000964_00-01-35.jpg,63,74,RGB,0.8513513513513513,4662,small_width
inaction,inaction/tr_9991,im000965_00-01-36.jpg,inaction/tr_9991/im000965_00-01-36.jpg,63,72,RGB,0.875,4536,small_width
inaction,inaction/tr_9991,im000966_00-01-36.jpg,inaction/tr_9991/im000966_00-01-36.jpg,63,72,RGB,0.875,4536,small_width
inaction,inaction/tr_9991,im000967_00-01-36.jpg,inaction/tr_9991/im000967_00-01-36.jpg,63,72,RGB,0.875,4536,small_width
inaction,inaction/tr_9991,im000968_00-01-36.jpg,inaction/tr_9991/im000968_00-01-36.jpg,63,72,RGB,0.875,4536,small_width
inaction,inaction/tr_9991,im000969_00-01-36.jpg,inaction/tr_9991/im000969_00-01-36.jpg,62,72,RGB,0.8611111111111112,4464,small_width
inaction,inaction/tr_9991,im000970_00-01-36.jpg,inaction/tr_9991/im000970_00-01-36.jpg,62,72,RGB,0.8611111111111112,4464,small_width
inaction,inaction/tr_9991,im000971_00-01-36.jpg,inaction/tr_9991/im000971_00-01-36.jpg,62,72,RGB,0.8611111111111112,4464,small_width
inaction,inaction/tr_9991,im000972_00-01-36.jpg,inaction/tr_9991/im000972_00-01-36.jpg,63,72,RGB,0.875,4536,small_width
inaction,inaction/tr_9991,im000977_00-01-37.jpg,inaction/tr_9991/im000977_00-01-37.jpg,62,72,RGB,0.8611111111111112,4464,small_width
inaction,inaction/tr_9991,im000978_00-01-37.jpg,inaction/tr_9991/im000978_00-01-37.jpg,62,72,RGB,0.8611111111111112,4464,small_width
inaction,inaction/tr_9991,im000979_00-01-37.jpg,inaction/tr_9991/im000979_00-01-37.jpg,63,72,RGB,0.875,4536,small_width
inaction,inaction/tr_9991,im000980_00-01-37.jpg,inaction/tr_9991/im000980_00-01-37.jpg,62,72,RGB,0.8611111111111112,4464,small_width
inaction,inaction/tr_9991,im000981_00-01-37.jpg,inaction/tr_9991/im000981_00-01-37.jpg,63,72,RGB,0.875,4536,small_width
inaction,inaction/tr_9991,im000982_00-01-37.jpg,inaction/tr_9991/im000982_00-01-37.jpg,62,72,RGB,0.8611111111111112,4464,small_width
inaction,inaction/tr_9991,im000983_00-01-37.jpg,inaction/tr_9991/im000983_00-01-37.jpg,62,72,RGB,0.8611111111111112,4464,small_width
inaction,inaction/tr_9991,im000984_00-01-37.jpg,inaction/tr_9991/im000984_00-01-37.jpg,62,72,RGB,0.8611111111111112,4464,small_width
inaction,inaction/tr_9991,im000985_00-01-37.jpg,inaction/tr_9991/im000985_00-01-37.jpg,62,72,RGB,0.8611111111111112,4464,small_width
inaction,inaction/tr_9991,im000986_00-01-37.jpg,inaction/tr_9991/im000986_00-01-37.jpg,62,71,RGB,0.8732394366197183,4402,small_width
inaction,inaction/tr_9991,im000987_00-01-37.jpg,inaction/tr_9991/im000987_00-01-37.jpg,63,72,RGB,0.875,4536,small_width
inaction,inaction/tr_9991,im000988_00-01-37.jpg,inaction/tr_9991/im000988_00-01-37.jpg,62,72,RGB,0.8611111111111112,4464,small_width
inaction,inaction/tr_9991,im000997_00-01-38.jpg,inaction/tr_9991/im000997_00-01-38.jpg,63,71,RGB,0.8873239436619719,4473,small_width
inaction,inaction/tr_9991,im000998_00-01-38.jpg,inaction/tr_9991/im000998_00-01-38.jpg,63,71,RGB,0.8873239436619719,4473,small_width
inaction,inaction/tr_9991,im000999_00-01-38.jpg,inaction/tr_9991/im000999_00-01-38.jpg,63,71,RGB,0.8873239436619719,4473,small_width
inaction,inaction/tr_9991,im001000_00-01-38.jpg,inaction/tr_9991/im001000_00-01-38.jpg,63,71,RGB,0.8873239436619719,4473,small_width
inaction,inaction/tr_9991,im001008_00-01-39.jpg,inaction/tr_9991/im001008_00-01-39.jpg,63,72,RGB,0.875,4536,small_width
inaction,inaction/tr_9991,im001010_00-01-39.jpg,inaction/tr_9991/im001010_00-01-39.jpg,63,73,RGB,0.863013698630137,4599,small_width
inaction,inaction/tr_9991,im001011_00-01-39.jpg,inaction/tr_9991/im001011_00-01-39.jpg,63,74,RGB,0.8513513513513513,4662,small_width
inaction,inaction/tr_9991,im001012_00-01-39.jpg,inaction/tr_9991/im001012_00-01-39.jpg,63,74,RGB,0.8513513513513513,4662,small_width
inaction,inaction/tr_9991,im001013_00-01-40.jpg,inaction/tr_9991/im001013_00-01-40.jpg,63,73,RGB,0.863013698630137,4599,small_width
inaction,inaction/tr_9991,im001014_00-01-40.jpg,inaction/tr_9991/im001014_00-01-40.jpg,63,72,RGB,0.875,4536,small_width
inaction,inaction/tr_9991,im001015_00-01-40.jpg,inaction/tr_9991/im001015_00-01-40.jpg,63,73,RGB,0.863013698630137,4599,small_width
inaction,inaction/tr_9991,im001016_00-01-40.jpg,inaction/tr_9991/im001016_00-01-40.jpg,63,73,RGB,0.863013698630137,4599,small_width
inaction,inaction/tr_9991,im001021_00-01-40.jpg,inaction/tr_9991/im001021_00-01-40.jpg,62,72,RGB,0.8611111111111112,4464,small_width
inaction,inaction/tr_9991,im001022_00-01-40.jpg,inaction/tr_9991/im001022_00-01-40.jpg,62,72,RGB,0.8611111111111112,4464,small_width
inaction,inaction/tr_9991,im001023_00-01-40.jpg,inaction/tr_9991/im001023_00-01-40.jpg,62,72,RGB,0.8611111111111112,4464,small_width
inaction,inaction/tr_9991,im001024_00-01-40.jpg,inaction/tr_9991/im001024_00-01-40.jpg,62,72,RGB,0.8611111111111112,4464,small_width
inaction,inaction/tr_9991,im001030_00-01-41.jpg,inaction/tr_9991/im001030_00-01-41.jpg,63,73,RGB,0.863013698630137,4599,small_width
inaction,inaction/tr_9991,im001031_00-01-41.jpg,inaction/tr_9991/im001031_00-01-41.jpg,63,73,RGB,0.863013698630137,4599,small_width
inaction,inaction/tr_9991,im001032_00-01-41.jpg,inaction/tr_9991/im001032_00-01-41.jpg,63,73,RGB,0.863013698630137,4599,small_width
inaction,inaction/tr_9991,im001033_00-01-41.jpg,inaction/tr_9991/im001033_00-01-41.jpg,63,73,RGB,0.863013698630137,4599,small_width
inaction,inaction/tr_9991,im001034_00-01-41.jpg,inaction/tr_9991/im001034_00-01-41.jpg,63,72,RGB,0.875,4536,small_width
inaction,inaction/tr_9991,im001035_00-01-41.jpg,inaction/tr_9991/im001035_00-01-41.jpg,63,74,RGB,0.8513513513513513,4662,small_width
inaction,inaction/tr_9991,im001036_00-01-41.jpg,inaction/tr_9991/im001036_00-01-41.jpg,63,74,RGB,0.8513513513513513,4662,small_width
inaction,inaction/tr_9991,im001037_00-01-42.jpg,inaction/tr_9991/im001037_00-01-42.jpg,63,74,RGB,0.8513513513513513,4662,small_width
inaction,inaction/tr_9991,im001039_00-01-42.jpg,inaction/tr_9991/im001039_00-01-42.jpg,63,75,RGB,0.84,4725,small_width
inaction,inaction/tr_9991,im001040_00-01-42.jpg,inaction/tr_9991/im001040_00-01-42.jpg,63,75,RGB,0.84,4725,small_width
inaction,inaction/tr_9991,im001041_00-01-42.jpg,inaction/tr_9991/im001041_00-01-42.jpg,63,75,RGB,0.84,4725,small_width
inaction,inaction/tr_9991,im001042_00-01-42.jpg,inaction/tr_9991/im001042_00-01-42.jpg,63,75,RGB,0.84,4725,small_width
inaction,inaction/tr_9991,im001043_00-01-42.jpg,inaction/tr_9991/im001043_00-01-42.jpg,63,75,RGB,0.84,4725,small_width
inaction,inaction/tr_9991,im001044_00-01-42.jpg,inaction/tr_9991/im001044_00-01-42.jpg,63,75,RGB,0.84,4725,small_width
inaction,inaction/tr_9991,im001045_00-01-42.jpg,inaction/tr_9991/im001045_00-01-42.jpg,62,75,RGB,0.8266666666666667,4650,small_width
inaction,inaction/tr_9991,im001046_00-01-42.jpg,inaction/tr_9991/im001046_00-01-42.jpg,62,75,RGB,0.8266666666666667,4650,small_width
inaction,inaction/tr_9991,im001047_00-01-42.jpg,inaction/tr_9991/im001047_00-01-42.jpg,62,75,RGB,0.8266666666666667,4650,small_width
inaction,inaction/tr_9991,im001048_00-01-42.jpg,inaction/tr_9991/im001048_00-01-42.jpg,62,75,RGB,0.8266666666666667,4650,small_width
inaction,inaction/tr_9991,im001049_00-01-43.jpg,inaction/tr_9991/im001049_00-01-43.jpg,63,75,RGB,0.84,4725,small_width
inaction,inaction/tr_9991,im001050_00-01-43.jpg,inaction/tr_9991/im001050_00-01-43.jpg,63,75,RGB,0.84,4725,small_width
inaction,inaction/tr_9991,im001051_00-01-43.jpg,inaction/tr_9991/im001051_00-01-43.jpg,63,75,RGB,0.84,4725,small_width
inaction,inaction/tr_9991,im001058_00-01-43.jpg,inaction/tr_9991/im001058_00-01-43.jpg,63,73,RGB,0.863013698630137,4599,small_width
inaction,inaction/tr_9991,im001061_00-01-44.jpg,inaction/tr_9991/im001061_00-01-44.jpg,63,73,RGB,0.863013698630137,4599,small_width
inaction,inaction/tr_9991,im001062_00-01-44.jpg,inaction/tr_9991/im001062_00-01-44.jpg,63,72,RGB,0.875,4536,small_width
inaction,inaction/tr_9991,im001063_00-01-44.jpg,inaction/tr_9991/im001063_00-01-44.jpg,63,72,RGB,0.875,4536,small_width
inaction,inaction/tr_9991,im001064_00-01-44.jpg,inaction/tr_9991/im001064_00-01-44.jpg,63,72,RGB,0.875,4536,small_width
inaction,inaction/tr_9991,im001074_00-01-45.jpg,inaction/tr_9991/im001074_00-01-45.jpg,63,74,RGB,0.8513513513513513,4662,small_width
inaction,inaction/tr_9991,im001075_00-01-45.jpg,inaction/tr_9991/im001075_00-01-45.jpg,63,73,RGB,0.863013698630137,4599,small_width
inaction,inaction/tr_9991,im001076_00-01-45.jpg,inaction/tr_9991/im001076_00-01-45.jpg,63,73,RGB,0.863013698630137,4599,small_width
inaction,inaction/tr_9991,im001077_00-01-45.jpg,inaction/tr_9991/im001077_00-01-45.jpg,63,74,RGB,0.8513513513513513,4662,small_width
inaction,inaction/tr_9991,im001078_00-01-45.jpg,inaction/tr_9991/im001078_00-01-45.jpg,63,73,RGB,0.863013698630137,4599,small_width
inaction,inaction/tr_9991,im001079_00-01-45.jpg,inaction/tr_9991/im001079_00-01-45.jpg,63,72,RGB,0.875,4536,small_width
inaction,inaction/tr_9991,im001080_00-01-45.jpg,inaction/tr_9991/im001080_00-01-45.jpg,63,73,RGB,0.863013698630137,4599,small_width
inaction,inaction/tr_9991,im001085_00-01-46.jpg,inaction/tr_9991/im001085_00-01-46.jpg,63,72,RGB,0.875,4536,small_width
inaction,inaction/tr_9991,im001086_00-01-46.jpg,inaction/tr_9991/im001086_00-01-46.jpg,63,72,RGB,0.875,4536,small_width
inaction,inaction/tr_9991,im001087_00-01-46.jpg,inaction/tr_9991/im001087_00-01-46.jpg,63,72,RGB,0.875,4536,small_width
inaction,inaction/tr_9991,im001088_00-01-46.jpg,inaction/tr_9991/im001088_00-01-46.jpg,63,71,RGB,0.8873239436619719,4473,small_width
inaction,inaction/tr_9991,im001089_00-01-46.jpg,inaction/tr_9991/im001089_00-01-46.jpg,62,73,RGB,0.8493150684931506,4526,small_width
inaction,inaction/tr_9991,im001090_00-01-46.jpg,inaction/tr_9991/im001090_00-01-46.jpg,62,73,RGB,0.8493150684931506,4526,small_width
inaction,inaction/tr_9991,im001093_00-01-46.jpg,inaction/tr_9991/im001093_00-01-46.jpg,61,75,RGB,0.8133333333333334,4575,small_width
inaction,inaction/tr_9991,im001094_00-01-46.jpg,inaction/tr_9991/im001094_00-01-46.jpg,61,75,RGB,0.8133333333333334,4575,small_width
inaction,inaction/tr_9991,im001095_00-01-46.jpg,inaction/tr_9991/im001095_00-01-46.jpg,61,77,RGB,0.7922077922077922,4697,small_width
inaction,inaction/tr_9991,im001096_00-01-46.jpg,inaction/tr_9991/im001096_00-01-46.jpg,62,78,RGB,0.7948717948717948,4836,small_width
inaction,inaction/tr_9991,im001103_00-01-47.jpg,inaction/tr_9991/im001103_00-01-47.jpg,63,78,RGB,0.8076923076923077,4914,small_width
inaction,inaction/tr_9991,im001112_00-01-48.jpg,inaction/tr_9991/im001112_00-01-48.jpg,63,79,RGB,0.7974683544303798,4977,small_width
inaction,inaction/tr_9991,im001113_00-01-48.jpg,inaction/tr_9991/im001113_00-01-48.jpg,63,79,RGB,0.7974683544303798,4977,small_width
inaction,inaction/tr_9991,im001114_00-01-48.jpg,inaction/tr_9991/im001114_00-01-48.jpg,62,78,RGB,0.7948717948717948,4836,small_width
inaction,inaction/tr_9991,im001115_00-01-48.jpg,inaction/tr_9991/im001115_00-01-48.jpg,63,78,RGB,0.8076923076923077,4914,small_width
inaction,inaction/tr_9991,im001116_00-01-48.jpg,inaction/tr_9991/im001116_00-01-48.jpg,63,78,RGB,0.8076923076923077,4914,small_width
inaction,inaction/tr_9991,im001117_00-01-48.jpg,inaction/tr_9991/im001117_00-01-48.jpg,62,79,RGB,0.7848101265822784,4898,small_width
inaction,inaction/tr_9991,im001118_00-01-48.jpg,inaction/tr_9991/im001118_00-01-48.jpg,62,78,RGB,0.7948717948717948,4836,small_width
inaction,inaction/tr_9991,im001119_00-01-48.jpg,inaction/tr_9991/im001119_00-01-48.jpg,62,78,RGB,0.7948717948717948,4836,small_width
inaction,inaction/tr_9991,im001120_00-01-48.jpg,inaction/tr_9991/im001120_00-01-48.jpg,63,78,RGB,0.8076923076923077,4914,small_width
inaction,inaction/tr_9991,im001121_00-01-49.jpg,inaction/tr_9991/im001121_00-01-49.jpg,62,78,RGB,0.7948717948717948,4836,small_width
inaction,inaction/tr_9991,im001122_00-01-49.jpg,inaction/tr_9991/im001122_00-01-49.jpg,62,78,RGB,0.7948717948717948,4836,small_width
inaction,inaction/tr_9991,im001123_00-01-49.jpg,inaction/tr_9991/im001123_00-01-49.jpg,62,78,RGB,0.7948717948717948,4836,small_width
inaction,inaction/tr_9991,im001124_00-01-49.jpg,inaction/tr_9991/im001124_00-01-49.jpg,62,78,RGB,0.7948717948717948,4836,small_width
inaction,inaction/tr_9991,im001125_00-01-49.jpg,inaction/tr_9991/im001125_00-01-49.jpg,62,78,RGB,0.7948717948717948,4836,small_width
inaction,inaction/tr_9991,im001126_00-01-49.jpg,inaction/tr_9991/im001126_00-01-49.jpg,62,78,RGB,0.7948717948717948,4836,small_width
inaction,inaction/tr_9991,im001127_00-01-49.jpg,inaction/tr_9991/im001127_00-01-49.jpg,62,78,RGB,0.7948717948717948,4836,small_width
inaction,inaction/tr_9991,im001128_00-01-49.jpg,inaction/tr_9991/im001128_00-01-49.jpg,63,78,RGB,0.8076923076923077,4914,small_width
inaction,inaction/tr_9991,im001129_00-01-49.jpg,inaction/tr_9991/im001129_00-01-49.jpg,63,78,RGB,0.8076923076923077,4914,small_width
inaction,inaction/tr_9991,im001130_00-01-49.jpg,inaction/tr_9991/im001130_00-01-49.jpg,63,78,RGB,0.8076923076923077,4914,small_width
inaction,inaction/tr_9991,im001131_00-01-49.jpg,inaction/tr_9991/im001131_00-01-49.jpg,63,77,RGB,0.8181818181818182,4851,small_width
inaction,inaction/tr_9991,im001132_00-01-49.jpg,inaction/tr_9991/im001132_00-01-49.jpg,63,78,RGB,0.8076923076923077,4914,small_width
inaction,inaction/tr_9991,im001133_00-01-50.jpg,inaction/tr_9991/im001133_00-01-50.jpg,63,78,RGB,0.8076923076923077,4914,small_width
inaction,inaction/tr_9991,im001134_00-01-50.jpg,inaction/tr_9991/im001134_00-01-50.jpg,63,78,RGB,0.8076923076923077,4914,small_width
inaction,inaction/tr_9991,im001135_00-01-50.jpg,inaction/tr_9991/im001135_00-01-50.jpg,63,78,RGB,0.8076923076923077,4914,small_width
inaction,inaction/tr_9991,im001136_00-01-50.jpg,inaction/tr_9991/im001136_00-01-50.jpg,63,78,RGB,0.8076923076923077,4914,small_width
inaction,inaction/tr_9991,im001141_00-01-50.jpg,inaction/tr_9991/im001141_00-01-50.jpg,62,79,RGB,0.7848101265822784,4898,small_width
inaction,inaction/tr_9991,im001142_00-01-50.jpg,inaction/tr_9991/im001142_00-01-50.jpg,62,79,RGB,0.7848101265822784,4898,small_width
inaction,inaction/tr_9991,im001143_00-01-50.jpg,inaction/tr_9991/im001143_00-01-50.jpg,62,79,RGB,0.7848101265822784,4898,small_width
inaction,inaction/tr_9991,im001144_00-01-50.jpg,inaction/tr_9991/im001144_00-01-50.jpg,62,79,RGB,0.7848101265822784,4898,small_width
inaction,inaction/tr_9991,im001145_00-01-51.jpg,inaction/tr_9991/im001145_00-01-51.jpg,63,78,RGB,0.8076923076923077,4914,small_width
inaction,inaction/tr_9991,im001146_00-01-51.jpg,inaction/tr_9991/im001146_00-01-51.jpg,63,79,RGB,0.7974683544303798,4977,small_width
inaction,inaction/tr_9991,im001147_00-01-51.jpg,inaction/tr_9991/im001147_00-01-51.jpg,63,79,RGB,0.7974683544303798,4977,small_width
inaction,inaction/tr_9991,im001148_00-01-51.jpg,inaction/tr_9991/im001148_00-01-51.jpg,63,79,RGB,0.7974683544303798,4977,small_width
inaction,inaction/tr_9991,im001149_00-01-51.jpg,inaction/tr_9991/im001149_00-01-51.jpg,62,78,RGB,0.7948717948717948,4836,small_width
inaction,inaction/tr_9991,im001150_00-01-51.jpg,inaction/tr_9991/im001150_00-01-51.jpg,62,78,RGB,0.7948717948717948,4836,small_width
inaction,inaction/tr_9991,im001151_00-01-51.jpg,inaction/tr_9991/im001151_00-01-51.jpg,61,78,RGB,0.782051282051282,4758,small_width
inaction,inaction/tr_9991,im001152_00-01-51.jpg,inaction/tr_9991/im001152_00-01-51.jpg,61,78,RGB,0.782051282051282,4758,small_width
inaction,inaction/tr_9991,im001153_00-01-51.jpg,inaction/tr_9991/im001153_00-01-51.jpg,63,79,RGB,0.7974683544303798,4977,small_width
inaction,inaction/tr_9991,im001154_00-01-51.jpg,inaction/tr_9991/im001154_00-01-51.jpg,63,79,RGB,0.7974683544303798,4977,small_width
inaction,inaction/tr_9991,im001155_00-01-51.jpg,inaction/tr_9991/im001155_00-01-51.jpg,63,79,RGB,0.7974683544303798,4977,small_width
inaction,inaction/tr_9991,im001156_00-01-51.jpg,inaction/tr_9991/im001156_00-01-51.jpg,63,79,RGB,0.7974683544303798,4977,small_width
inaction,inaction/tr_9991,im001157_00-01-52.jpg,inaction/tr_9991/im001157_00-01-52.jpg,62,77,RGB,0.8051948051948052,4774,small_width
inaction,inaction/tr_9991,im001158_00-01-52.jpg,inaction/tr_9991/im001158_00-01-52.jpg,62,77,RGB,0.8051948051948052,4774,small_width
inaction,inaction/tr_9991,im001159_00-01-52.jpg,inaction/tr_9991/im001159_00-01-52.jpg,62,77,RGB,0.8051948051948052,4774,small_width
inaction,inaction/tr_9991,im001160_00-01-52.jpg,inaction/tr_9991/im001160_00-01-52.jpg,62,78,RGB,0.7948717948717948,4836,small_width
inaction,inaction/tr_9991,im001163_00-01-52.jpg,inaction/tr_9991/im001163_00-01-52.jpg,63,80,RGB,0.7875,5040,small_width
inaction,inaction/tr_9991,im001165_00-01-52.jpg,inaction/tr_9991/im001165_00-01-52.jpg,61,80,RGB,0.7625,4880,small_width
inaction,inaction/tr_9991,im001166_00-01-52.jpg,inaction/tr_9991/im001166_00-01-52.jpg,60,78,RGB,0.7692307692307693,4680,small_width
inaction,inaction/tr_9991,im001167_00-01-52.jpg,inaction/tr_9991/im001167_00-01-52.jpg,61,78,RGB,0.782051282051282,4758,small_width
inaction,inaction/tr_9991,im001168_00-01-52.jpg,inaction/tr_9991/im001168_00-01-52.jpg,61,78,RGB,0.782051282051282,4758,small_width
inaction,inaction/tr_9991,im001169_00-01-53.jpg,inaction/tr_9991/im001169_00-01-53.jpg,62,78,RGB,0.7948717948717948,4836,small_width
inaction,inaction/tr_9991,im001170_00-01-53.jpg,inaction/tr_9991/im001170_00-01-53.jpg,62,78,RGB,0.7948717948717948,4836,small_width
inaction,inaction/tr_9991,im001171_00-01-53.jpg,inaction/tr_9991/im001171_00-01-53.jpg,62,78,RGB,0.7948717948717948,4836,small_width
inaction,inaction/tr_9991,im001172_00-01-53.jpg,inaction/tr_9991/im001172_00-01-53.jpg,62,78,RGB,0.7948717948717948,4836,small_width
inaction,inaction/tr_9991,im001173_00-01-53.jpg,inaction/tr_9991/im001173_00-01-53.jpg,62,78,RGB,0.7948717948717948,4836,small_width
inaction,inaction/tr_9991,im001174_00-01-53.jpg,inaction/tr_9991/im001174_00-01-53.jpg,62,79,RGB,0.7848101265822784,4898,small_width
inaction,inaction/tr_9991,im001175_00-01-53.jpg,inaction/tr_9991/im001175_00-01-53.jpg,62,79,RGB,0.7848101265822784,4898,small_width
inaction,inaction/tr_9991,im001176_00-01-53.jpg,inaction/tr_9991/im001176_00-01-53.jpg,62,79,RGB,0.7848101265822784,4898,small_width
inaction,inaction/tr_9991,im001177_00-01-53.jpg,inaction/tr_9991/im001177_00-01-53.jpg,63,78,RGB,0.8076923076923077,4914,small_width
inaction,inaction/tr_9991,im001178_00-01-53.jpg,inaction/tr_9991/im001178_00-01-53.jpg,62,78,RGB,0.7948717948717948,4836,small_width
inaction,inaction/tr_9991,im001179_00-01-53.jpg,inaction/tr_9991/im001179_00-01-53.jpg,63,78,RGB,0.8076923076923077,4914,small_width
inaction,inaction/tr_9991,im001180_00-01-53.jpg,inaction/tr_9991/im001180_00-01-53.jpg,62,78,RGB,0.7948717948717948,4836,small_width
inaction,inaction/tr_9991,im001181_00-01-54.jpg,inaction/tr_9991/im001181_00-01-54.jpg,62,78,RGB,0.7948717948717948,4836,small_width
inaction,inaction/tr_9991,im001182_00-01-54.jpg,inaction/tr_9991/im001182_00-01-54.jpg,63,78,RGB,0.8076923076923077,4914,small_width
inaction,inaction/tr_9991,im001183_00-01-54.jpg,inaction/tr_9991/im001183_00-01-54.jpg,63,79,RGB,0.7974683544303798,4977,small_width
inaction,inaction/tr_9991,im001184_00-01-54.jpg,inaction/tr_9991/im001184_00-01-54.jpg,63,79,RGB,0.7974683544303798,4977,small_width
inaction,inaction/tr_9991,im001186_00-01-54.jpg,inaction/tr_9991/im001186_00-01-54.jpg,63,78,RGB,0.8076923076923077,4914,small_width
inaction,inaction/tr_9991,im001187_00-01-54.jpg,inaction/tr_9991/im001187_00-01-54.jpg,63,78,RGB,0.8076923076923077,4914,small_width
inaction,inaction/tr_9991,im001188_00-01-54.jpg,inaction/tr_9991/im001188_00-01-54.jpg,63,78,RGB,0.8076923076923077,4914,small_width
inaction,inaction/tr_9991,im001193_00-01-55.jpg,inaction/tr_9991/im001193_00-01-55.jpg,62,78,RGB,0.7948717948717948,4836,small_width
inaction,inaction/tr_9991,im001194_00-01-55.jpg,inaction/tr_9991/im001194_00-01-55.jpg,62,78,RGB,0.7948717948717948,4836,small_width
inaction,inaction/tr_9991,im001195_00-01-55.jpg,inaction/tr_9991/im001195_00-01-55.jpg,62,78,RGB,0.7948717948717948,4836,small_width
inaction,inaction/tr_9991,im001196_00-01-55.jpg,inaction/tr_9991/im001196_00-01-55.jpg,62,78,RGB,0.7948717948717948,4836,small_width
inaction,inaction/tr_9991,im001197_00-01-55.jpg,inaction/tr_9991/im001197_00-01-55.jpg,62,78,RGB,0.7948717948717948,4836,small_width
inaction,inaction/tr_9991,im001198_00-01-55.jpg,inaction/tr_9991/im001198_00-01-55.jpg,62,78,RGB,0.7948717948717948,4836,small_width
inaction,inaction/tr_9991,im001199_00-01-55.jpg,inaction/tr_9991/im001199_00-01-55.jpg,62,78,RGB,0.7948717948717948,4836,small_width
inaction,inaction/tr_9991,im001200_00-01-55.jpg,inaction/tr_9991/im001200_00-01-55.jpg,62,78,RGB,0.7948717948717948,4836,small_width
inaction,inaction/tr_9991,im001201_00-01-55.jpg,inaction/tr_9991/im001201_00-01-55.jpg,62,78,RGB,0.7948717948717948,4836,small_width
inaction,inaction/tr_9991,im001202_00-01-55.jpg,inaction/tr_9991/im001202_00-01-55.jpg,63,78,RGB,0.8076923076923077,4914,small_width
inaction,inaction/tr_9991,im001203_00-01-55.jpg,inaction/tr_9991/im001203_00-01-55.jpg,62,78,RGB,0.7948717948717948,4836,small_width
inaction,inaction/tr_9991,im001204_00-01-55.jpg,inaction/tr_9991/im001204_00-01-55.jpg,63,78,RGB,0.8076923076923077,4914,small_width
inaction,inaction/tr_9991,im001205_00-01-56.jpg,inaction/tr_9991/im001205_00-01-56.jpg,63,78,RGB,0.8076923076923077,4914,small_width
inaction,inaction/tr_9991,im001206_00-01-56.jpg,inaction/tr_9991/im001206_00-01-56.jpg,63,78,RGB,0.8076923076923077,4914,small_width
inaction,inaction/tr_9991,im001207_00-01-56.jpg,inaction/tr_9991/im001207_00-01-56.jpg,63,78,RGB,0.8076923076923077,4914,small_width
inaction,inaction/tr_9991,im001208_00-01-56.jpg,inaction/tr_9991/im001208_00-01-56.jpg,63,78,RGB,0.8076923076923077,4914,small_width
inaction,inaction/tr_9991,im001209_00-01-56.jpg,inaction/tr_9991/im001209_00-01-56.jpg,62,78,RGB,0.7948717948717948,4836,small_width
inaction,inaction/tr_9991,im001210_00-01-56.jpg,inaction/tr_9991/im001210_00-01-56.jpg,63,78,RGB,0.8076923076923077,4914,small_width
inaction,inaction/tr_9991,im001211_00-01-56.jpg,inaction/tr_9991/im001211_00-01-56.jpg,63,78,RGB,0.8076923076923077,4914,small_width
inaction,inaction/tr_9991,im001212_00-01-56.jpg,inaction/tr_9991/im001212_00-01-56.jpg,63,78,RGB,0.8076923076923077,4914,small_width
inaction,inaction/tr_9991,im001213_00-01-56.jpg,inaction/tr_9991/im001213_00-01-56.jpg,63,78,RGB,0.8076923076923077,4914,small_width
inaction,inaction/tr_9991,im001214_00-01-56.jpg,inaction/tr_9991/im001214_00-01-56.jpg,63,78,RGB,0.8076923076923077,4914,small_width
inaction,inaction/tr_9991,im001217_00-01-57.jpg,inaction/tr_9991/im001217_00-01-57.jpg,63,78,RGB,0.8076923076923077,4914,small_width
inaction,inaction/tr_9991,im001218_00-01-57.jpg,inaction/tr_9991/im001218_00-01-57.jpg,63,78,RGB,0.8076923076923077,4914,small_width
inaction,inaction/tr_9991,im001219_00-01-57.jpg,inaction/tr_9991/im001219_00-01-57.jpg,63,78,RGB,0.8076923076923077,4914,small_width
inaction,inaction/tr_9991,im001220_00-01-57.jpg,inaction/tr_9991/im001220_00-01-57.jpg,63,78,RGB,0.8076923076923077,4914,small_width
inaction,inaction/tr_9991,im001221_00-01-57.jpg,inaction/tr_9991/im001221_00-01-57.jpg,63,78,RGB,0.8076923076923077,4914,small_width
inaction,inaction/tr_9991,im001222_00-01-57.jpg,inaction/tr_9991/im001222_00-01-57.jpg,62,78,RGB,0.7948717948717948,4836,small_width
inaction,inaction/tr_9991,im001223_00-01-57.jpg,inaction/tr_9991/im001223_00-01-57.jpg,63,78,RGB,0.8076923076923077,4914,small_width
inaction,inaction/tr_9991,im001224_00-01-57.jpg,inaction/tr_9991/im001224_00-01-57.jpg,63,78,RGB,0.8076923076923077,4914,small_width
inaction,inaction/tr_9991,im001225_00-01-57.jpg,inaction/tr_9991/im001225_00-01-57.jpg,62,78,RGB,0.7948717948717948,4836,small_width
inaction,inaction/tr_9991,im001226_00-01-57.jpg,inaction/tr_9991/im001226_00-01-57.jpg,62,78,RGB,0.7948717948717948,4836,small_width
inaction,inaction/tr_9991,im001227_00-01-57.jpg,inaction/tr_9991/im001227_00-01-57.jpg,62,78,RGB,0.7948717948717948,4836,small_width
inaction,inaction/tr_9991,im001228_00-01-57.jpg,inaction/tr_9991/im001228_00-01-57.jpg,62,78,RGB,0.7948717948717948,4836,small_width
inaction,inaction/tr_9991,im001229_00-01-58.jpg,inaction/tr_9991/im001229_00-01-58.jpg,62,78,RGB,0.7948717948717948,4836,small_width
inaction,inaction/tr_9991,im001230_00-01-58.jpg,inaction/tr_9991/im001230_00-01-58.jpg,62,78,RGB,0.7948717948717948,4836,small_width
inaction,inaction/tr_9991,im001231_00-01-58.jpg,inaction/tr_9991/im001231_00-01-58.jpg,62,78,RGB,0.7948717948717948,4836,small_width
inaction,inaction/tr_9991,im001232_00-01-58.jpg,inaction/tr_9991/im001232_00-01-58.jpg,62,78,RGB,0.7948717948717948,4836,small_width
inaction,inaction/tr_9991,im001233_00-01-58.jpg,inaction/tr_9991/im001233_00-01-58.jpg,62,78,RGB,0.7948717948717948,4836,small_width
inaction,inaction/tr_9991,im001234_00-01-58.jpg,inaction/tr_9991/im001234_00-01-58.jpg,62,78,RGB,0.7948717948717948,4836,small_width
inaction,inaction/tr_9991,im001235_00-01-58.jpg,inaction/tr_9991/im001235_00-01-58.jpg,62,78,RGB,0.7948717948717948,4836,small_width
inaction,inaction/tr_9991,im001236_00-01-58.jpg,inaction/tr_9991/im001236_00-01-58.jpg,62,78,RGB,0.7948717948717948,4836,small_width
inaction,inaction/tr_9991,im001237_00-01-58.jpg,inaction/tr_9991/im001237_00-01-58.jpg,62,78,RGB,0.7948717948717948,4836,small_width
inaction,inaction/tr_9991,im001238_00-01-58.jpg,inaction/tr_9991/im001238_00-01-58.jpg,62,78,RGB,0.7948717948717948,4836,small_width
inaction,inaction/tr_9991,im001239_00-01-58.jpg,inaction/tr_9991/im001239_00-01-58.jpg,62,78,RGB,0.7948717948717948,4836,small_width
inaction,inaction/tr_9991,im001240_00-01-58.jpg,inaction/tr_9991/im001240_00-01-58.jpg,62,78,RGB,0.7948717948717948,4836,small_width
inaction,inaction/tr_9991,im001241_00-01-59.jpg,inaction/tr_9991/im001241_00-01-59.jpg,63,78,RGB,0.8076923076923077,4914,small_width
inaction,inaction/tr_9991,im001242_00-01-59.jpg,inaction/tr_9991/im001242_00-01-59.jpg,63,78,RGB,0.8076923076923077,4914,small_width
inaction,inaction/tr_9991,im001243_00-01-59.jpg,inaction/tr_9991/im001243_00-01-59.jpg,63,78,RGB,0.8076923076923077,4914,small_width
inaction,inaction/tr_9991,im001244_00-01-59.jpg,inaction/tr_9991/im001244_00-01-59.jpg,63,78,RGB,0.8076923076923077,4914,small_width
inaction,inaction/tr_9991,im001245_00-01-59.jpg,inaction/tr_9991/im001245_00-01-59.jpg,63,78,RGB,0.8076923076923077,4914,small_width
inaction,inaction/tr_9991,im001246_00-01-59.jpg,inaction/tr_9991/im001246_00-01-59.jpg,63,78,RGB,0.8076923076923077,4914,small_width
inaction,inaction/tr_9991,im001247_00-01-59.jpg,inaction/tr_9991/im001247_00-01-59.jpg,63,77,RGB,0.8181818181818182,4851,small_width
inaction,inaction/tr_9991,im001248_00-01-59.jpg,inaction/tr_9991/im001248_00-01-59.jpg,63,77,RGB,0.8181818181818182,4851,small_width
inaction,inaction/tr_9991,im001249_00-01-59.jpg,inaction/tr_9991/im001249_00-01-59.jpg,63,76,RGB,0.8289473684210527,4788,small_width
inaction,inaction/track_000451,im000007_00-28-23.jpg,inaction/track_000451/im000007_00-28-23.jpg,54,111,RGB,0.4864864864864865,5994,small_width
inaction,inaction/track_000451,im000008_00-28-23.jpg,inaction/track_000451/im000008_00-28-23.jpg,57,108,RGB,0.5277777777777778,6156,small_width
inaction,inaction/track_000451,im000009_00-28-23.jpg,inaction/track_000451/im000009_00-28-23.jpg,62,106,RGB,0.5849056603773585,6572,small_width
inaction,inaction/track_000451,im000014_00-28-24.jpg,inaction/track_000451/im000014_00-28-24.jpg,63,82,RGB,0.7682926829268293,5166,small_width
inaction,inaction/track_000451,im000015_00-28-24.jpg,inaction/track_000451/im000015_00-28-24.jpg,59,85,RGB,0.6941176470588235,5015,small_width
inaction,inaction/track_000451,im000016_00-28-24.jpg,inaction/track_000451/im000016_00-28-24.jpg,59,89,RGB,0.6629213483146067,5251,small_width
inaction,inaction/track_000451,im000019_00-28-24.jpg,inaction/track_000451/im000019_00-28-24.jpg,62,94,RGB,0.6595744680851063,5828,small_width
inaction,inaction/track_000451,im000020_00-28-24.jpg,inaction/track_000451/im000020_00-28-24.jpg,63,93,RGB,0.6774193548387096,5859,small_width
inaction,inaction/track_000451,im000021_00-28-24.jpg,inaction/track_000451/im000021_00-28-24.jpg,61,91,RGB,0.6703296703296703,5551,small_width
inaction,inaction/track_000451,im000022_00-28-24.jpg,inaction/track_000451/im000022_00-28-24.jpg,61,90,RGB,0.6777777777777778,5490,small_width
inaction,inaction/track_000451,im000024_00-28-25.jpg,inaction/track_000451/im000024_00-28-25.jpg,63,88,RGB,0.7159090909090909,5544,small_width
inaction,inaction/track_000451,im000053_00-28-27.jpg,inaction/track_000451/im000053_00-28-27.jpg,61,118,RGB,0.5169491525423728,7198,small_width
inaction,inaction/track_000458,im000001_00-29-01.jpg,inaction/track_000458/im000001_00-29-01.jpg,29,79,RGB,0.3670886075949367,2291,small_width
inaction,inaction/track_000458,im000002_00-29-01.jpg,inaction/track_000458/im000002_00-29-01.jpg,30,81,RGB,0.37037037037037035,2430,small_width
inaction,inaction/track_000458,im000003_00-29-01.jpg,inaction/track_000458/im000003_00-29-01.jpg,30,79,RGB,0.379746835443038,2370,small_width
inaction,inaction/track_000458,im000004_00-29-02.jpg,inaction/track_000458/im000004_00-29-02.jpg,31,83,RGB,0.37349397590361444,2573,small_width
inaction,inaction/track_000458,im000005_00-29-02.jpg,inaction/track_000458/im000005_00-29-02.jpg,31,83,RGB,0.37349397590361444,2573,small_width
inaction,inaction/track_000458,im000006_00-29-02.jpg,inaction/track_000458/im000006_00-29-02.jpg,31,83,RGB,0.37349397590361444,2573,small_width
inaction,inaction/track_000458,im000007_00-29-02.jpg,inaction/track_000458/im000007_00-29-02.jpg,31,82,RGB,0.3780487804878049,2542,small_width
inaction,inaction/track_000458,im000008_00-29-02.jpg,inaction/track_000458/im000008_00-29-02.jpg,32,84,RGB,0.38095238095238093,2688,small_width
inaction,inaction/track_000458,im000009_00-29-02.jpg,inaction/track_000458/im000009_00-29-02.jpg,32,84,RGB,0.38095238095238093,2688,small_width
inaction,inaction/track_000458,im000010_00-29-02.jpg,inaction/track_000458/im000010_00-29-02.jpg,31,83,RGB,0.37349397590361444,2573,small_width
inaction,inaction/track_000458,im000011_00-29-02.jpg,inaction/track_000458/im000011_00-29-02.jpg,31,83,RGB,0.37349397590361444,2573,small_width
inaction,inaction/track_000458,im000012_00-29-02.jpg,inaction/track_000458/im000012_00-29-02.jpg,31,83,RGB,0.37349397590361444,2573,small_width
inaction,inaction/track_000458,im000013_00-29-02.jpg,inaction/track_000458/im000013_00-29-02.jpg,31,83,RGB,0.37349397590361444,2573,small_width
inaction,inaction/track_000458,im000014_00-29-02.jpg,inaction/track_000458/im000014_00-29-02.jpg,31,84,RGB,0.36904761904761907,2604,small_width
inaction,inaction/track_000458,im000015_00-29-02.jpg,inaction/track_000458/im000015_00-29-02.jpg,31,84,RGB,0.36904761904761907,2604,small_width
inaction,inaction/track_000458,im000016_00-29-03.jpg,inaction/track_000458/im000016_00-29-03.jpg,31,84,RGB,0.36904761904761907,2604,small_width
inaction,inaction/track_000458,im000017_00-29-03.jpg,inaction/track_000458/im000017_00-29-03.jpg,31,84,RGB,0.36904761904761907,2604,small_width
inaction,inaction/track_000458,im000018_00-29-03.jpg,inaction/track_000458/im000018_00-29-03.jpg,31,83,RGB,0.37349397590361444,2573,small_width
inaction,inaction/track_000458,im000019_00-29-03.jpg,inaction/track_000458/im000019_00-29-03.jpg,32,83,RGB,0.3855421686746988,2656,small_width
inaction,inaction/track_000458,im000020_00-29-03.jpg,inaction/track_000458/im000020_00-29-03.jpg,31,81,RGB,0.38271604938271603,2511,small_width
inaction,inaction/track_000458,im000021_00-29-03.jpg,inaction/track_000458/im000021_00-29-03.jpg,31,82,RGB,0.3780487804878049,2542,small_width
inaction,inaction/track_000458,im000022_00-29-03.jpg,inaction/track_000458/im000022_00-29-03.jpg,31,83,RGB,0.37349397590361444,2573,small_width
inaction,inaction/track_000458,im000023_00-29-03.jpg,inaction/track_000458/im000023_00-29-03.jpg,31,83,RGB,0.37349397590361444,2573,small_width
inaction,inaction/track_000458,im000024_00-29-03.jpg,inaction/track_000458/im000024_00-29-03.jpg,31,84,RGB,0.36904761904761907,2604,small_width
inaction,inaction/track_000458,im000025_00-29-03.jpg,inaction/track_000458/im000025_00-29-03.jpg,32,84,RGB,0.38095238095238093,2688,small_width
inaction,inaction/track_000458,im000026_00-29-03.jpg,inaction/track_000458/im000026_00-29-03.jpg,31,84,RGB,0.36904761904761907,2604,small_width
inaction,inaction/track_000458,im000027_00-29-03.jpg,inaction/track_000458/im000027_00-29-03.jpg,32,84,RGB,0.38095238095238093,2688,small_width
inaction,inaction/track_000458,im000028_00-29-04.jpg,inaction/track_000458/im000028_00-29-04.jpg,35,93,RGB,0.3763440860215054,3255,small_width
inaction,inaction/track_000458,im000029_00-29-04.jpg,inaction/track_000458/im000029_00-29-04.jpg,37,93,RGB,0.3978494623655914,3441,small_width
inaction,inaction/track_001449,im000001_00-21-26.jpg,inaction/track_001449/im000001_00-21-26.jpg,60,134,RGB,0.44776119402985076,8040,small_width
inaction,inaction/track_001449,im000002_00-21-26.jpg,inaction/track_001449/im000002_00-21-26.jpg,57,135,RGB,0.4222222222222222,7695,small_width
inaction,inaction/track_001449,im000003_00-21-26.jpg,inaction/track_001449/im000003_00-21-26.jpg,59,135,RGB,0.43703703703703706,7965,small_width
inaction,inaction/track_001449,im000004_00-21-26.jpg,inaction/track_001449/im000004_00-21-26.jpg,59,136,RGB,0.4338235294117647,8024,small_width
inaction,inaction/track_001449,im000005_00-21-27.jpg,inaction/track_001449/im000005_00-21-27.jpg,49,139,RGB,0.35251798561151076,6811,small_width
inaction,inaction/track_001449,im000006_00-21-27.jpg,inaction/track_001449/im000006_00-21-27.jpg,47,143,RGB,0.32867132867132864,6721,small_width
inaction,inaction/track_001449,im000007_00-21-27.jpg,inaction/track_001449/im000007_00-21-27.jpg,48,142,RGB,0.3380281690140845,6816,small_width
inaction,inaction/track_001449,im000008_00-21-27.jpg,inaction/track_001449/im000008_00-21-27.jpg,47,143,RGB,0.32867132867132864,6721,small_width
inaction,inaction/track_001449,im000009_00-21-27.jpg,inaction/track_001449/im000009_00-21-27.jpg,47,143,RGB,0.32867132867132864,6721,small_width
inaction,inaction/track_001449,im000010_00-21-31.jpg,inaction/track_001449/im000010_00-21-31.jpg,59,143,RGB,0.4125874125874126,8437,small_width
inaction,inaction/track_001449,im000011_00-21-31.jpg,inaction/track_001449/im000011_00-21-31.jpg,57,143,RGB,0.3986013986013986,8151,small_width
inaction,inaction/track_001449,im000012_00-21-31.jpg,inaction/track_001449/im000012_00-21-31.jpg,59,144,RGB,0.4097222222222222,8496,small_width
inaction,inaction/track_001449,im000013_00-21-31.jpg,inaction/track_001449/im000013_00-21-31.jpg,56,145,RGB,0.38620689655172413,8120,small_width
inaction,inaction/track_001449,im000014_00-21-31.jpg,inaction/track_001449/im000014_00-21-31.jpg,55,153,RGB,0.35947712418300654,8415,small_width
inaction,inaction/track_001449,im000015_00-21-31.jpg,inaction/track_001449/im000015_00-21-31.jpg,58,148,RGB,0.3918918918918919,8584,small_width
inaction,inaction/track_001449,im000017_00-21-31.jpg,inaction/track_001449/im000017_00-21-31.jpg,53,135,RGB,0.3925925925925926,7155,small_width
inaction,inaction/track_001449,im000018_00-21-31.jpg,inaction/track_001449/im000018_00-21-31.jpg,56,130,RGB,0.4307692307692308,7280,small_width
inaction,inaction/track_001449,im000021_00-21-32.jpg,inaction/track_001449/im000021_00-21-32.jpg,54,113,RGB,0.4778761061946903,6102,small_width
inaction,inaction/track_001449,im000022_00-21-32.jpg,inaction/track_001449/im000022_00-21-32.jpg,50,65,RGB,0.7692307692307693,3250,small_width
inaction,inaction/track_001449,im000023_00-21-32.jpg,inaction/track_001449/im000023_00-21-32.jpg,51,77,RGB,0.6623376623376623,3927,small_width
inaction,inaction/track_001449,im000024_00-21-32.jpg,inaction/track_001449/im000024_00-21-32.jpg,52,104,RGB,0.5,5408,small_width
inaction,inaction/track_001449,im000025_00-21-32.jpg,inaction/track_001449/im000025_00-21-32.jpg,53,98,RGB,0.5408163265306123,5194,small_width
inaction,inaction/track_001449,im000026_00-21-32.jpg,inaction/track_001449/im000026_00-21-32.jpg,58,96,RGB,0.6041666666666666,5568,small_width
inaction,inaction/track_001449,im000027_00-21-32.jpg,inaction/track_001449/im000027_00-21-32.jpg,61,100,RGB,0.61,6100,small_width
inaction,inaction/track_001449,im000028_00-21-32.jpg,inaction/track_001449/im000028_00-21-32.jpg,60,97,RGB,0.6185567010309279,5820,small_width
inaction,inaction/track_001449,im000029_00-21-32.jpg,inaction/track_001449/im000029_00-21-32.jpg,57,99,RGB,0.5757575757575758,5643,small_width
inaction,inaction/track_001449,im000030_00-21-32.jpg,inaction/track_001449/im000030_00-21-32.jpg,52,99,RGB,0.5252525252525253,5148,small_width
inaction,inaction/track_001449,im000031_00-21-33.jpg,inaction/track_001449/im000031_00-21-33.jpg,57,96,RGB,0.59375,5472,small_width
move,move/(10),0_im1.jpg,move/(10)/0_im1.jpg,41,116,RGB,0.35344827586206895,4756,small_width
move,move/(10),0_im2.jpg,move/(10)/0_im2.jpg,41,114,RGB,0.35964912280701755,4674,small_width
move,move/(10),0_im3.jpg,move/(10)/0_im3.jpg,42,114,RGB,0.3684210526315789,4788,small_width
move,move/(10),0_im4.jpg,move/(10)/0_im4.jpg,40,113,RGB,0.35398230088495575,4520,small_width
move,move/(10),0_im5.jpg,move/(10)/0_im5.jpg,37,111,RGB,0.3333333333333333,4107,small_width
move,move/(10),0_im6.jpg,move/(10)/0_im6.jpg,40,109,RGB,0.3669724770642202,4360,small_width
move,move/(10),0_im7.jpg,move/(10)/0_im7.jpg,42,109,RGB,0.3853211009174312,4578,small_width
move,move/(10),0_im8.jpg,move/(10)/0_im8.jpg,43,110,RGB,0.39090909090909093,4730,small_width
move,move/(10),1_im1.jpg,move/(10)/1_im1.jpg,42,109,RGB,0.3853211009174312,4578,small_width
move,move/(10),1_im2.jpg,move/(10)/1_im2.jpg,43,110,RGB,0.39090909090909093,4730,small_width
move,move/(10),1_im3.jpg,move/(10)/1_im3.jpg,40,110,RGB,0.36363636363636365,4400,small_width
move,move/(10),1_im4.jpg,move/(10)/1_im4.jpg,39,112,RGB,0.3482142857142857,4368,small_width
move,move/(10),1_im5.jpg,move/(10)/1_im5.jpg,37,112,RGB,0.33035714285714285,4144,small_width
move,move/(10),1_im6.jpg,move/(10)/1_im6.jpg,36,109,RGB,0.3302752293577982,3924,small_width
move,move/(10),1_im7.jpg,move/(10)/1_im7.jpg,37,107,RGB,0.34579439252336447,3959,small_width
move,move/(10),1_im8.jpg,move/(10)/1_im8.jpg,37,104,RGB,0.3557692307692308,3848,small_width
move,move/(11),0_im1.jpg,move/(11)/0_im1.jpg,60,139,RGB,0.4316546762589928,8340,small_width
move,move/(11),0_im3.jpg,move/(11)/0_im3.jpg,57,142,RGB,0.4014084507042254,8094,small_width
move,move/(11),0_im4.jpg,move/(11)/0_im4.jpg,61,153,RGB,0.39869281045751637,9333,small_width
move,move/(11),0_im5.jpg,move/(11)/0_im5.jpg,61,155,RGB,0.3935483870967742,9455,small_width
move,move/(12),0_im1.jpg,move/(12)/0_im1.jpg,42,114,RGB,0.3684210526315789,4788,small_width
move,move/(12),0_im2.jpg,move/(12)/0_im2.jpg,45,114,RGB,0.39473684210526316,5130,small_width
move,move/(12),0_im3.jpg,move/(12)/0_im3.jpg,41,115,RGB,0.3565217391304348,4715,small_width
move,move/(12),0_im4.jpg,move/(12)/0_im4.jpg,44,114,RGB,0.38596491228070173,5016,small_width
move,move/(12),0_im5.jpg,move/(12)/0_im5.jpg,44,118,RGB,0.3728813559322034,5192,small_width
move,move/(12),0_im6.jpg,move/(12)/0_im6.jpg,43,119,RGB,0.36134453781512604,5117,small_width
move,move/(12),0_im7.jpg,move/(12)/0_im7.jpg,42,121,RGB,0.34710743801652894,5082,small_width
move,move/(12),0_im8.jpg,move/(12)/0_im8.jpg,45,120,RGB,0.375,5400,small_width
move,move/(12),1_im1.jpg,move/(12)/1_im1.jpg,42,121,RGB,0.34710743801652894,5082,small_width
move,move/(12),1_im2.jpg,move/(12)/1_im2.jpg,45,120,RGB,0.375,5400,small_width
move,move/(12),1_im3.jpg,move/(12)/1_im3.jpg,42,121,RGB,0.34710743801652894,5082,small_width
move,move/(12),1_im4.jpg,move/(12)/1_im4.jpg,37,119,RGB,0.31092436974789917,4403,small_width
move,move/(12),1_im5.jpg,move/(12)/1_im5.jpg,42,117,RGB,0.358974358974359,4914,small_width
move,move/(12),1_im6.jpg,move/(12)/1_im6.jpg,42,119,RGB,0.35294117647058826,4998,small_width
move,move/(12),1_im7.jpg,move/(12)/1_im7.jpg,41,116,RGB,0.35344827586206895,4756,small_width
move,move/(12),1_im8.jpg,move/(12)/1_im8.jpg,41,114,RGB,0.35964912280701755,4674,small_width
move,move/(4),0_im1.jpg,move/(4)/0_im1.jpg,48,117,RGB,0.41025641025641024,5616,small_width
move,move/(4),0_im2.jpg,move/(4)/0_im2.jpg,44,120,RGB,0.36666666666666664,5280,small_width
move,move/(4),0_im3.jpg,move/(4)/0_im3.jpg,41,120,RGB,0.3416666666666667,4920,small_width
move,move/(4),0_im4.jpg,move/(4)/0_im4.jpg,41,118,RGB,0.3474576271186441,4838,small_width
move,move/(4),0_im5.jpg,move/(4)/0_im5.jpg,41,118,RGB,0.3474576271186441,4838,small_width
move,move/(4),0_im6.jpg,move/(4)/0_im6.jpg,43,118,RGB,0.3644067796610169,5074,small_width
move,move/(4),0_im7.jpg,move/(4)/0_im7.jpg,42,115,RGB,0.3652173913043478,4830,small_width
move,move/(4),0_im8.jpg,move/(4)/0_im8.jpg,42,117,RGB,0.358974358974359,4914,small_width
move,move/(4),1_im1.jpg,move/(4)/1_im1.jpg,42,115,RGB,0.3652173913043478,4830,small_width
move,move/(4),1_im2.jpg,move/(4)/1_im2.jpg,42,117,RGB,0.358974358974359,4914,small_width
move,move/(4),1_im3.jpg,move/(4)/1_im3.jpg,45,115,RGB,0.391304347826087,5175,small_width
move,move/(4),1_im4.jpg,move/(4)/1_im4.jpg,56,116,RGB,0.4827586206896552,6496,small_width
move,move/(4),1_im5.jpg,move/(4)/1_im5.jpg,47,112,RGB,0.41964285714285715,5264,small_width
move,move/(4),1_im6.jpg,move/(4)/1_im6.jpg,52,111,RGB,0.46846846846846846,5772,small_width
move,move/(4),1_im7.jpg,move/(4)/1_im7.jpg,58,113,RGB,0.5132743362831859,6554,small_width
move,move/(4),1_im8.jpg,move/(4)/1_im8.jpg,58,133,RGB,0.43609022556390975,7714,small_width
move,move/(5),3_im6.jpg,move/(5)/3_im6.jpg,63,165,RGB,0.38181818181818183,10395,small_width
move,move/(5),3_im7.jpg,move/(5)/3_im7.jpg,57,163,RGB,0.3496932515337423,9291,small_width
move,move/(5),3_im8.jpg,move/(5)/3_im8.jpg,56,157,RGB,0.35668789808917195,8792,small_width
move,move/(5),4_im1.jpg,move/(5)/4_im1.jpg,39,116,RGB,0.33620689655172414,4524,small_width
move,move/(5),4_im2.jpg,move/(5)/4_im2.jpg,41,122,RGB,0.3360655737704918,5002,small_width
move,move/(5),4_im3.jpg,move/(5)/4_im3.jpg,44,121,RGB,0.36363636363636365,5324,small_width
move,move/(5),4_im4.jpg,move/(5)/4_im4.jpg,50,119,RGB,0.42016806722689076,5950,small_width
move,move/(5),4_im5.jpg,move/(5)/4_im5.jpg,55,122,RGB,0.45081967213114754,6710,small_width
move,move/(5),4_im6.jpg,move/(5)/4_im6.jpg,49,121,RGB,0.4049586776859504,5929,small_width
move,move/(5),4_im7.jpg,move/(5)/4_im7.jpg,45,123,RGB,0.36585365853658536,5535,small_width
move,move/(5),4_im8.jpg,move/(5)/4_im8.jpg,41,123,RGB,0.3333333333333333,5043,small_width
move,move/(5),5_im1.jpg,move/(5)/5_im1.jpg,47,114,RGB,0.41228070175438597,5358,small_width
move,move/(5),5_im2.jpg,move/(5)/5_im2.jpg,50,116,RGB,0.43103448275862066,5800,small_width
move,move/(5),5_im3.jpg,move/(5)/5_im3.jpg,52,115,RGB,0.45217391304347826,5980,small_width
move,move/(5),5_im4.jpg,move/(5)/5_im4.jpg,49,114,RGB,0.4298245614035088,5586,small_width
move,move/(5),5_im5.jpg,move/(5)/5_im5.jpg,47,120,RGB,0.39166666666666666,5640,small_width
move,move/(5),5_im6.jpg,move/(5)/5_im6.jpg,43,114,RGB,0.37719298245614036,4902,small_width
move,move/(5),5_im7.jpg,move/(5)/5_im7.jpg,40,112,RGB,0.35714285714285715,4480,small_width
move,move/(5),5_im8.jpg,move/(5)/5_im8.jpg,41,110,RGB,0.37272727272727274,4510,small_width
move,move/(6),0_im1.jpg,move/(6)/0_im1.jpg,40,112,RGB,0.35714285714285715,4480,small_width
move,move/(6),0_im2.jpg,move/(6)/0_im2.jpg,41,110,RGB,0.37272727272727274,4510,small_width
move,move/(6),0_im3.jpg,move/(6)/0_im3.jpg,45,109,RGB,0.41284403669724773,4905,small_width
move,move/(6),0_im4.jpg,move/(6)/0_im4.jpg,55,106,RGB,0.5188679245283019,5830,small_width
move,move/(6),0_im6.jpg,move/(6)/0_im6.jpg,49,106,RGB,0.46226415094339623,5194,small_width
move,move/(6),0_im7.jpg,move/(6)/0_im7.jpg,46,109,RGB,0.42201834862385323,5014,small_width
move,move/(6),0_im8.jpg,move/(6)/0_im8.jpg,54,150,RGB,0.36,8100,small_width
move,move/(6),1_im1.jpg,move/(6)/1_im1.jpg,46,109,RGB,0.42201834862385323,5014,small_width
move,move/(6),1_im2.jpg,move/(6)/1_im2.jpg,54,150,RGB,0.36,8100,small_width
move,move/(8),0_im2.jpg,move/(8)/0_im2.jpg,58,136,RGB,0.4264705882352941,7888,small_width
move,move/(8),0_im3.jpg,move/(8)/0_im3.jpg,53,134,RGB,0.39552238805970147,7102,small_width
move,move/(8),0_im4.jpg,move/(8)/0_im4.jpg,57,137,RGB,0.41605839416058393,7809,small_width
move,move/(8),0_im5.jpg,move/(8)/0_im5.jpg,57,135,RGB,0.4222222222222222,7695,small_width
move,move/(8),0_im6.jpg,move/(8)/0_im6.jpg,53,135,RGB,0.3925925925925926,7155,small_width
move,move/(8),0_im7.jpg,move/(8)/0_im7.jpg,55,134,RGB,0.41044776119402987,7370,small_width
move,move/(8),0_im8.jpg,move/(8)/0_im8.jpg,47,133,RGB,0.3533834586466165,6251,small_width
move,move/(8),1_im1.jpg,move/(8)/1_im1.jpg,52,132,RGB,0.3939393939393939,6864,small_width
move,move/(8),1_im2.jpg,move/(8)/1_im2.jpg,46,140,RGB,0.32857142857142857,6440,small_width
move,move/(8),1_im3.jpg,move/(8)/1_im3.jpg,48,138,RGB,0.34782608695652173,6624,small_width
move,move/(8),1_im4.jpg,move/(8)/1_im4.jpg,54,136,RGB,0.39705882352941174,7344,small_width
move,move/(8),1_im5.jpg,move/(8)/1_im5.jpg,54,134,RGB,0.40298507462686567,7236,small_width
move,move/(8),1_im6.jpg,move/(8)/1_im6.jpg,56,133,RGB,0.42105263157894735,7448,small_width
move,move/(8),1_im7.jpg,move/(8)/1_im7.jpg,58,133,RGB,0.43609022556390975,7714,small_width
move,move/(8),2_im1.jpg,move/(8)/2_im1.jpg,52,138,RGB,0.37681159420289856,7176,small_width
move,move/(8),2_im2.jpg,move/(8)/2_im2.jpg,51,133,RGB,0.38345864661654133,6783,small_width
move,move/(8),2_im3.jpg,move/(8)/2_im3.jpg,58,132,RGB,0.4393939393939394,7656,small_width
move,move/(8),2_im4.jpg,move/(8)/2_im4.jpg,62,136,RGB,0.45588235294117646,8432,small_width
move,move/(8),2_im5.jpg,move/(8)/2_im5.jpg,59,135,RGB,0.43703703703703706,7965,small_width
move,move/(8),2_im6.jpg,move/(8)/2_im6.jpg,53,137,RGB,0.38686131386861317,7261,small_width
move,move/(8),2_im8.jpg,move/(8)/2_im8.jpg,58,134,RGB,0.43283582089552236,7772,small_width
move,move/(8),3_im1.jpg,move/(8)/3_im1.jpg,52,71,RGB,0.7323943661971831,3692,small_width
move,move/(8),3_im2.jpg,move/(8)/3_im2.jpg,54,77,RGB,0.7012987012987013,4158,small_width
move,move/(8),3_im3.jpg,move/(8)/3_im3.jpg,46,121,RGB,0.38016528925619836,5566,small_width
move,move/(8),3_im4.jpg,move/(8)/3_im4.jpg,45,133,RGB,0.3383458646616541,5985,small_width
move,move/(8),3_im5.jpg,move/(8)/3_im5.jpg,47,136,RGB,0.34558823529411764,6392,small_width
move,move/(8),3_im6.jpg,move/(8)/3_im6.jpg,49,139,RGB,0.35251798561151076,6811,small_width
move,move/(8),3_im7.jpg,move/(8)/3_im7.jpg,43,131,RGB,0.3282442748091603,5633,small_width
move,move/(8),3_im8.jpg,move/(8)/3_im8.jpg,50,131,RGB,0.3816793893129771,6550,small_width
move,move/(9),0_im1.jpg,move/(9)/0_im1.jpg,63,94,RGB,0.6702127659574468,5922,small_width
move,move/(9),0_im2.jpg,move/(9)/0_im2.jpg,62,94,RGB,0.6595744680851063,5828,small_width
move,move/1030,im4.jpg,move/1030/im4.jpg,57,146,RGB,0.3904109589041096,8322,small_width
move,move/1030,im5.jpg,move/1030/im5.jpg,59,144,RGB,0.4097222222222222,8496,small_width
move,move/1030,im6.jpg,move/1030/im6.jpg,59,140,RGB,0.42142857142857143,8260,small_width
move,move/1030,im7.jpg,move/1030/im7.jpg,51,131,RGB,0.3893129770992366,6681,small_width
move,move/1030,im8.jpg,move/1030/im8.jpg,48,128,RGB,0.375,6144,small_width
move,move/1212321fsafsa,im_07-34-52_122.jpg,move/1212321fsafsa/im_07-34-52_122.jpg,59,169,RGB,0.34911242603550297,9971,small_width
move,move/1212321fsafsa,im_07-34-52_123.jpg,move/1212321fsafsa/im_07-34-52_123.jpg,57,174,RGB,0.3275862068965517,9918,small_width
move,move/1212321fsafsa,im_07-34-52_124.jpg,move/1212321fsafsa/im_07-34-52_124.jpg,60,175,RGB,0.34285714285714286,10500,small_width
move,move/1212321fsafsa,im_07-34-52_125.jpg,move/1212321fsafsa/im_07-34-52_125.jpg,63,175,RGB,0.36,11025,small_width
move,move/130,im1.jpg,move/130/im1.jpg,59,115,RGB,0.5130434782608696,6785,small_width
move,move/130,im2.jpg,move/130/im2.jpg,51,113,RGB,0.45132743362831856,5763,small_width
move,move/130,im3.jpg,move/130/im3.jpg,57,115,RGB,0.4956521739130435,6555,small_width
move,move/130,im4.jpg,move/130/im4.jpg,60,116,RGB,0.5172413793103449,6960,small_width
move,move/130,im5.jpg,move/130/im5.jpg,63,115,RGB,0.5478260869565217,7245,small_width
move,move/130,im6.jpg,move/130/im6.jpg,55,111,RGB,0.4954954954954955,6105,small_width
move,move/130,im7.jpg,move/130/im7.jpg,53,110,RGB,0.4818181818181818,5830,small_width
move,move/130,im8.jpg,move/130/im8.jpg,54,111,RGB,0.4864864864864865,5994,small_width
move,move/144,im1.jpg,move/144/im1.jpg,63,183,RGB,0.3442622950819672,11529,small_width
move,move/144,im2.jpg,move/144/im2.jpg,63,181,RGB,0.34806629834254144,11403,small_width
move,move/144,im3.jpg,move/144/im3.jpg,62,181,RGB,0.3425414364640884,11222,small_width
move,move/144,im4.jpg,move/144/im4.jpg,59,183,RGB,0.3224043715846995,10797,small_width
move,move/144,im5.jpg,move/144/im5.jpg,62,185,RGB,0.33513513513513515,11470,small_width
move,move/145,im1.jpg,move/145/im1.jpg,41,113,RGB,0.36283185840707965,4633,small_width
move,move/145,im2.jpg,move/145/im2.jpg,47,110,RGB,0.42727272727272725,5170,small_width
move,move/145,im3.jpg,move/145/im3.jpg,47,111,RGB,0.42342342342342343,5217,small_width
move,move/145,im4.jpg,move/145/im4.jpg,45,109,RGB,0.41284403669724773,4905,small_width
move,move/145,im5.jpg,move/145/im5.jpg,40,106,RGB,0.37735849056603776,4240,small_width
move,move/145,im6.jpg,move/145/im6.jpg,40,111,RGB,0.36036036036036034,4440,small_width
move,move/145,im7.jpg,move/145/im7.jpg,42,107,RGB,0.3925233644859813,4494,small_width
move,move/145,im8.jpg,move/145/im8.jpg,46,105,RGB,0.4380952380952381,4830,small_width
move,move/tr_move_2141254125,im_05-31-45_45.jpg,move/tr_move_2141254125/im_05-31-45_45.jpg,62,122,RGB,0.5081967213114754,7564,small_width
move,move/tr_move_2141254125,im_05-31-45_46.jpg,move/tr_move_2141254125/im_05-31-45_46.jpg,58,112,RGB,0.5178571428571429,6496,small_width
move,move/tr_move_2141254125,im_05-31-45_47.jpg,move/tr_move_2141254125/im_05-31-45_47.jpg,57,115,RGB,0.4956521739130435,6555,small_width
move,move/tr_move_2141254125,im_05-31-45_48.jpg,move/tr_move_2141254125/im_05-31-45_48.jpg,54,111,RGB,0.4864864864864865,5994,small_width
move,move/tr_move_2141254125,im_05-31-45_49.jpg,move/tr_move_2141254125/im_05-31-45_49.jpg,57,110,RGB,0.5181818181818182,6270,small_width
move,move/tr_move_2141254125,im_05-31-45_50.jpg,move/tr_move_2141254125/im_05-31-45_50.jpg,58,101,RGB,0.5742574257425742,5858,small_width
move,move/tr_move_2141254125,im_05-31-45_51.jpg,move/tr_move_2141254125/im_05-31-45_51.jpg,55,89,RGB,0.6179775280898876,4895,small_width
move,move/track_000015,im000001_00-01-39.jpg,move/track_000015/im000001_00-01-39.jpg,49,143,RGB,0.34265734265734266,7007,small_width
move,move/track_000015,im000002_00-01-39.jpg,move/track_000015/im000002_00-01-39.jpg,56,185,RGB,0.3027027027027027,10360,small_width
move,move/track_000015,im000003_00-01-39.jpg,move/track_000015/im000003_00-01-39.jpg,63,184,RGB,0.3423913043478261,11592,small_width
move,move/track_000016,im000013_00-00-38.jpg,move/track_000016/im000013_00-00-38.jpg,58,255,RGB,0.22745098039215686,14790,"small_width,low_aspect"
move,move/track_000016,im000014_00-00-38.jpg,move/track_000016/im000014_00-00-38.jpg,54,249,RGB,0.21686746987951808,13446,"small_width,low_aspect"
move,move/track_000016,im000015_00-00-38.jpg,move/track_000016/im000015_00-00-38.jpg,54,240,RGB,0.225,12960,"small_width,low_aspect"
move,move/track_000016,im000016_00-00-39.jpg,move/track_000016/im000016_00-00-39.jpg,53,235,RGB,0.225531914893617,12455,"small_width,low_aspect"
move,move/track_000016,im000017_00-00-39.jpg,move/track_000016/im000017_00-00-39.jpg,43,202,RGB,0.21287128712871287,8686,"small_width,low_aspect"
move,move/track_000016,im000018_00-00-39.jpg,move/track_000016/im000018_00-00-39.jpg,46,216,RGB,0.21296296296296297,9936,"small_width,low_aspect"
move,move/track_000016,im000019_00-00-39.jpg,move/track_000016/im000019_00-00-39.jpg,47,219,RGB,0.2146118721461187,10293,"small_width,low_aspect"
move,move/track_000016,im000020_00-00-39.jpg,move/track_000016/im000020_00-00-39.jpg,48,205,RGB,0.23414634146341465,9840,"small_width,low_aspect"
move,move/track_000016,im000021_00-00-39.jpg,move/track_000016/im000021_00-00-39.jpg,53,205,RGB,0.25853658536585367,10865,small_width
move,move/track_000016,im000022_00-00-39.jpg,move/track_000016/im000022_00-00-39.jpg,52,200,RGB,0.26,10400,small_width
move,move/track_000016,im000023_00-00-39.jpg,move/track_000016/im000023_00-00-39.jpg,56,184,RGB,0.30434782608695654,10304,small_width
move,move/track_000016,im000024_00-00-39.jpg,move/track_000016/im000024_00-00-39.jpg,58,186,RGB,0.3118279569892473,10788,small_width
move,move/track_000016,im000025_00-00-39.jpg,move/track_000016/im000025_00-00-39.jpg,60,175,RGB,0.34285714285714286,10500,small_width
move,move/track_000016,im000026_00-00-39.jpg,move/track_000016/im000026_00-00-39.jpg,58,166,RGB,0.3493975903614458,9628,small_width
move,move/track_000016,im000027_00-00-40.jpg,move/track_000016/im000027_00-00-40.jpg,59,166,RGB,0.35542168674698793,9794,small_width
move,move/track_000016,im000029_00-00-40.jpg,move/track_000016/im000029_00-00-40.jpg,58,108,RGB,0.5370370370370371,6264,small_width
move,move/track_000016,im000030_00-00-40.jpg,move/track_000016/im000030_00-00-40.jpg,57,104,RGB,0.5480769230769231,5928,small_width
move,move/track_000033,im000001_00-01-13.jpg,move/track_000033/im000001_00-01-13.jpg,40,87,RGB,0.45977011494252873,3480,small_width
move,move/track_000033,im000002_00-01-13.jpg,move/track_000033/im000002_00-01-13.jpg,41,88,RGB,0.4659090909090909,3608,small_width
move,move/track_000033,im000003_00-01-13.jpg,move/track_000033/im000003_00-01-13.jpg,37,89,RGB,0.4157303370786517,3293,small_width
move,move/track_000033,im000004_00-01-13.jpg,move/track_000033/im000004_00-01-13.jpg,37,90,RGB,0.4111111111111111,3330,small_width
move,move/track_000033,im000005_00-01-13.jpg,move/track_000033/im000005_00-01-13.jpg,37,89,RGB,0.4157303370786517,3293,small_width
move,move/track_000033,im000006_00-01-13.jpg,move/track_000033/im000006_00-01-13.jpg,38,92,RGB,0.41304347826086957,3496,small_width
move,move/track_000033,im000007_00-01-13.jpg,move/track_000033/im000007_00-01-13.jpg,42,93,RGB,0.45161290322580644,3906,small_width
move,move/track_000033,im000008_00-01-13.jpg,move/track_000033/im000008_00-01-13.jpg,45,94,RGB,0.4787234042553192,4230,small_width
move,move/track_000033,im000009_00-01-13.jpg,move/track_000033/im000009_00-01-13.jpg,44,93,RGB,0.4731182795698925,4092,small_width
move,move/track_000033,im000010_00-01-13.jpg,move/track_000033/im000010_00-01-13.jpg,43,93,RGB,0.46236559139784944,3999,small_width
move,move/track_000033,im000011_00-01-14.jpg,move/track_000033/im000011_00-01-14.jpg,43,95,RGB,0.45263157894736844,4085,small_width
move,move/track_000033,im000012_00-01-14.jpg,move/track_000033/im000012_00-01-14.jpg,41,97,RGB,0.422680412371134,3977,small_width
move,move/track_000033,im000013_00-01-14.jpg,move/track_000033/im000013_00-01-14.jpg,44,99,RGB,0.4444444444444444,4356,small_width
move,move/track_000033,im000014_00-01-14.jpg,move/track_000033/im000014_00-01-14.jpg,47,99,RGB,0.47474747474747475,4653,small_width
move,move/track_000033,im000015_00-01-14.jpg,move/track_000033/im000015_00-01-14.jpg,50,100,RGB,0.5,5000,small_width
move,move/track_000033,im000016_00-01-14.jpg,move/track_000033/im000016_00-01-14.jpg,48,99,RGB,0.48484848484848486,4752,small_width
move,move/track_000033,im000017_00-01-14.jpg,move/track_000033/im000017_00-01-14.jpg,52,104,RGB,0.5,5408,small_width
move,move/track_000033,im000018_00-01-14.jpg,move/track_000033/im000018_00-01-14.jpg,50,105,RGB,0.47619047619047616,5250,small_width
move,move/track_000033,im000019_00-01-14.jpg,move/track_000033/im000019_00-01-14.jpg,44,105,RGB,0.41904761904761906,4620,small_width
move,move/track_000033,im000020_00-01-14.jpg,move/track_000033/im000020_00-01-14.jpg,45,105,RGB,0.42857142857142855,4725,small_width
move,move/track_000033,im000021_00-01-14.jpg,move/track_000033/im000021_00-01-14.jpg,47,110,RGB,0.42727272727272725,5170,small_width
move,move/track_000033,im000022_00-01-14.jpg,move/track_000033/im000022_00-01-14.jpg,50,113,RGB,0.4424778761061947,5650,small_width
move,move/track_000033,im000023_00-01-15.jpg,move/track_000033/im000023_00-01-15.jpg,49,117,RGB,0.4188034188034188,5733,small_width
move,move/track_000033,im000024_00-01-15.jpg,move/track_000033/im000024_00-01-15.jpg,47,120,RGB,0.39166666666666666,5640,small_width
move,move/track_000033,im000025_00-01-15.jpg,move/track_000033/im000025_00-01-15.jpg,48,120,RGB,0.4,5760,small_width
move,move/track_000033,im000026_00-01-15.jpg,move/track_000033/im000026_00-01-15.jpg,48,125,RGB,0.384,6000,small_width
move,move/track_000033,im000027_00-01-15.jpg,move/track_000033/im000027_00-01-15.jpg,49,127,RGB,0.3858267716535433,6223,small_width
move,move/track_000033,im000028_00-01-15.jpg,move/track_000033/im000028_00-01-15.jpg,62,131,RGB,0.4732824427480916,8122,small_width
move,move/track_000033,im000029_00-01-15.jpg,move/track_000033/im000029_00-01-15.jpg,60,139,RGB,0.4316546762589928,8340,small_width
move,move/track_000033,im000034_00-01-15.jpg,move/track_000033/im000034_00-01-15.jpg,61,152,RGB,0.40131578947368424,9272,small_width
move,move/track_000058,im000035_00-03-07.jpg,move/track_000058/im000035_00-03-07.jpg,50,167,RGB,0.2994011976047904,8350,small_width
move,move/track_000063,im000009_00-02-01.jpg,move/track_000063/im000009_00-02-01.jpg,62,242,RGB,0.256198347107438,15004,small_width
move,move/track_000063,im000010_00-02-01.jpg,move/track_000063/im000010_00-02-01.jpg,60,240,RGB,0.25,14400,small_width
move,move/track_000063,im000011_00-02-02.jpg,move/track_000063/im000011_00-02-02.jpg,57,226,RGB,0.252212389380531,12882,small_width
move,move/track_000063,im000012_00-02-02.jpg,move/track_000063/im000012_00-02-02.jpg,58,215,RGB,0.26976744186046514,12470,small_width
move,move/track_000063,im000013_00-02-02.jpg,move/track_000063/im000013_00-02-02.jpg,63,211,RGB,0.2985781990521327,13293,small_width
move,move/track_000063,im000014_00-02-02.jpg,move/track_000063/im000014_00-02-02.jpg,56,199,RGB,0.2814070351758794,11144,small_width
move,move/track_000063,im000016_00-02-02.jpg,move/track_000063/im000016_00-02-02.jpg,29,115,RGB,0.25217391304347825,3335,small_width
move,move/track_000111231234,im_02-35-26_52.jpg,move/track_000111231234/im_02-35-26_52.jpg,63,180,RGB,0.35,11340,small_width
move,move/track_00012,im_01-32-11_109.jpg,move/track_00012/im_01-32-11_109.jpg,62,80,RGB,0.775,4960,small_width
move,move/track_00012,im_01-32-11_110.jpg,move/track_00012/im_01-32-11_110.jpg,62,80,RGB,0.775,4960,small_width
move,move/track_00012,im_01-32-11_111.jpg,move/track_00012/im_01-32-11_111.jpg,59,81,RGB,0.7283950617283951,4779,small_width
move,move/track_000135,im000001_00-06-27.jpg,move/track_000135/im000001_00-06-27.jpg,40,106,RGB,0.37735849056603776,4240,small_width
move,move/track_000135,im000002_00-06-27.jpg,move/track_000135/im000002_00-06-27.jpg,48,120,RGB,0.4,5760,small_width
move,move/track_000135,im000003_00-06-28.jpg,move/track_000135/im000003_00-06-28.jpg,54,128,RGB,0.421875,6912,small_width
move,move/track_000135,im000004_00-06-28.jpg,move/track_000135/im000004_00-06-28.jpg,49,126,RGB,0.3888888888888889,6174,small_width
move,move/track_000135,im000005_00-06-28.jpg,move/track_000135/im000005_00-06-28.jpg,54,129,RGB,0.4186046511627907,6966,small_width
move,move/track_000135,im000006_00-06-28.jpg,move/track_000135/im000006_00-06-28.jpg,59,124,RGB,0.47580645161290325,7316,small_width
move,move/track_000135,im000007_00-06-28.jpg,move/track_000135/im000007_00-06-28.jpg,59,124,RGB,0.47580645161290325,7316,small_width
move,move/track_000135,im000008_00-06-28.jpg,move/track_000135/im000008_00-06-28.jpg,58,126,RGB,0.4603174603174603,7308,small_width
move,move/track_000135,im000009_00-06-28.jpg,move/track_000135/im000009_00-06-28.jpg,61,122,RGB,0.5,7442,small_width
move,move/track_000135,im000011_00-06-28.jpg,move/track_000135/im000011_00-06-28.jpg,59,120,RGB,0.49166666666666664,7080,small_width
move,move/track_000135,im000012_00-06-28.jpg,move/track_000135/im000012_00-06-28.jpg,55,122,RGB,0.45081967213114754,6710,small_width
move,move/track_000135,im000013_00-06-28.jpg,move/track_000135/im000013_00-06-28.jpg,58,122,RGB,0.47540983606557374,7076,small_width
move,move/track_000135,im000014_00-06-28.jpg,move/track_000135/im000014_00-06-28.jpg,57,161,RGB,0.35403726708074534,9177,small_width
move,move/track_000174,im000033_00-10-09.jpg,move/track_000174/im000033_00-10-09.jpg,58,162,RGB,0.35802469135802467,9396,small_width
move,move/track_000174,im000034_00-10-09.jpg,move/track_000174/im000034_00-10-09.jpg,62,158,RGB,0.3924050632911392,9796,small_width
move,move/track_000174,im000035_00-10-09.jpg,move/track_000174/im000035_00-10-09.jpg,50,109,RGB,0.45871559633027525,5450,small_width
move,move/track_000174,im000036_00-10-09.jpg,move/track_000174/im000036_00-10-09.jpg,57,108,RGB,0.5277777777777778,6156,small_width
move,move/track_000174,im000037_00-10-09.jpg,move/track_000174/im000037_00-10-09.jpg,49,108,RGB,0.4537037037037037,5292,small_width
move,move/track_000174,im000038_00-10-09.jpg,move/track_000174/im000038_00-10-09.jpg,48,112,RGB,0.42857142857142855,5376,small_width
move,move/track_000174,im000039_00-10-09.jpg,move/track_000174/im000039_00-10-09.jpg,43,114,RGB,0.37719298245614036,4902,small_width
move,move/track_000193,im000001_00-10-47.jpg,move/track_000193/im000001_00-10-47.jpg,48,113,RGB,0.4247787610619469,5424,small_width
move,move/track_000193,im000002_00-10-47.jpg,move/track_000193/im000002_00-10-47.jpg,52,110,RGB,0.4727272727272727,5720,small_width
move,move/track_000193,im000003_00-10-47.jpg,move/track_000193/im000003_00-10-47.jpg,52,108,RGB,0.48148148148148145,5616,small_width
move,move/track_000193,im000004_00-10-47.jpg,move/track_000193/im000004_00-10-47.jpg,49,111,RGB,0.44144144144144143,5439,small_width
move,move/track_000193,im000005_00-10-47.jpg,move/track_000193/im000005_00-10-47.jpg,63,155,RGB,0.4064516129032258,9765,small_width
move,move/track_000193,im000006_00-10-47.jpg,move/track_000193/im000006_00-10-47.jpg,57,158,RGB,0.36075949367088606,9006,small_width
move,move/track_000195,im000035_00-11-03.jpg,move/track_000195/im000035_00-11-03.jpg,62,176,RGB,0.3522727272727273,10912,small_width
move,move/track_000195,im000036_00-11-03.jpg,move/track_000195/im000036_00-11-03.jpg,62,174,RGB,0.3563218390804598,10788,small_width
move,move/track_00023mv231,im_04-30-18_1.jpg,move/track_00023mv231/im_04-30-18_1.jpg,37,107,RGB,0.34579439252336447,3959,small_width
move,move/track_00023mv231,im_04-30-18_10.jpg,move/track_00023mv231/im_04-30-18_10.jpg,43,131,RGB,0.3282442748091603,5633,small_width
move,move/track_00023mv231,im_04-30-18_11.jpg,move/track_00023mv231/im_04-30-18_11.jpg,44,132,RGB,0.3333333333333333,5808,small_width
move,move/track_00023mv231,im_04-30-18_12.jpg,move/track_00023mv231/im_04-30-18_12.jpg,46,132,RGB,0.3484848484848485,6072,small_width
move,move/track_00023mv231,im_04-30-18_13.jpg,move/track_00023mv231/im_04-30-18_13.jpg,47,136,RGB,0.34558823529411764,6392,small_width
move,move/track_00023mv231,im_04-30-18_14.jpg,move/track_00023mv231/im_04-30-18_14.jpg,51,138,RGB,0.3695652173913043,7038,small_width
move,move/track_00023mv231,im_04-30-18_15.jpg,move/track_00023mv231/im_04-30-18_15.jpg,53,141,RGB,0.375886524822695,7473,small_width
move,move/track_00023mv231,im_04-30-18_16.jpg,move/track_00023mv231/im_04-30-18_16.jpg,51,133,RGB,0.38345864661654133,6783,small_width
move,move/track_00023mv231,im_04-30-18_17.jpg,move/track_00023mv231/im_04-30-18_17.jpg,51,134,RGB,0.3805970149253731,6834,small_width
move,move/track_00023mv231,im_04-30-18_18.jpg,move/track_00023mv231/im_04-30-18_18.jpg,52,138,RGB,0.37681159420289856,7176,small_width
move,move/track_00023mv231,im_04-30-18_19.jpg,move/track_00023mv231/im_04-30-18_19.jpg,52,141,RGB,0.36879432624113473,7332,small_width
move,move/track_00023mv231,im_04-30-18_2.jpg,move/track_00023mv231/im_04-30-18_2.jpg,39,115,RGB,0.3391304347826087,4485,small_width
move,move/track_00023mv231,im_04-30-18_20.jpg,move/track_00023mv231/im_04-30-18_20.jpg,49,148,RGB,0.3310810810810811,7252,small_width
move,move/track_00023mv231,im_04-30-18_21.jpg,move/track_00023mv231/im_04-30-18_21.jpg,50,149,RGB,0.33557046979865773,7450,small_width
move,move/track_00023mv231,im_04-30-18_22.jpg,move/track_00023mv231/im_04-30-18_22.jpg,51,152,RGB,0.3355263157894737,7752,small_width
move,move/track_00023mv231,im_04-30-18_23.jpg,move/track_00023mv231/im_04-30-18_23.jpg,54,154,RGB,0.35064935064935066,8316,small_width
move,move/track_00023mv231,im_04-30-18_24.jpg,move/track_00023mv231/im_04-30-18_24.jpg,57,153,RGB,0.37254901960784315,8721,small_width
move,move/track_00023mv231,im_04-30-18_25.jpg,move/track_00023mv231/im_04-30-18_25.jpg,59,153,RGB,0.38562091503267976,9027,small_width
move,move/track_00023mv231,im_04-30-18_26.jpg,move/track_00023mv231/im_04-30-18_26.jpg,62,160,RGB,0.3875,9920,small_width
move,move/track_00023mv231,im_04-30-18_27.jpg,move/track_00023mv231/im_04-30-18_27.jpg,63,157,RGB,0.4012738853503185,9891,small_width
move,move/track_00023mv231,im_04-30-18_28.jpg,move/track_00023mv231/im_04-30-18_28.jpg,63,165,RGB,0.38181818181818183,10395,small_width
move,move/track_00023mv231,im_04-30-18_3.jpg,move/track_00023mv231/im_04-30-18_3.jpg,42,119,RGB,0.35294117647058826,4998,small_width
move,move/track_00023mv231,im_04-30-18_4.jpg,move/track_00023mv231/im_04-30-18_4.jpg,42,120,RGB,0.35,5040,small_width
move,move/track_00023mv231,im_04-30-18_5.jpg,move/track_00023mv231/im_04-30-18_5.jpg,41,121,RGB,0.33884297520661155,4961,small_width
move,move/track_00023mv231,im_04-30-18_6.jpg,move/track_00023mv231/im_04-30-18_6.jpg,41,121,RGB,0.33884297520661155,4961,small_width
move,move/track_00023mv231,im_04-30-18_7.jpg,move/track_00023mv231/im_04-30-18_7.jpg,42,127,RGB,0.33070866141732286,5334,small_width
move,move/track_00023mv231,im_04-30-18_8.jpg,move/track_00023mv231/im_04-30-18_8.jpg,42,127,RGB,0.33070866141732286,5334,small_width
move,move/track_00023mv231,im_04-30-18_9.jpg,move/track_00023mv231/im_04-30-18_9.jpg,42,129,RGB,0.32558139534883723,5418,small_width
move,move/track_00023mv231,im_04-30-19_29.jpg,move/track_00023mv231/im_04-30-19_29.jpg,62,168,RGB,0.36904761904761907,10416,small_width
move,move/track_00023mv231,im_04-30-19_30.jpg,move/track_00023mv231/im_04-30-19_30.jpg,62,168,RGB,0.36904761904761907,10416,small_width
move,move/track_00023mv231,im_04-30-19_32.jpg,move/track_00023mv231/im_04-30-19_32.jpg,62,170,RGB,0.36470588235294116,10540,small_width
move,move/track_00023mv231,im_04-30-19_33.jpg,move/track_00023mv231/im_04-30-19_33.jpg,60,179,RGB,0.33519553072625696,10740,small_width
move,move/track_00023mv231,im_04-30-19_34.jpg,move/track_00023mv231/im_04-30-19_34.jpg,60,176,RGB,0.3409090909090909,10560,small_width
move,move/track_00023mv231,im_04-30-19_35.jpg,move/track_00023mv231/im_04-30-19_35.jpg,61,182,RGB,0.33516483516483514,11102,small_width
move,move/track_00023mv231,im_04-30-19_36.jpg,move/track_00023mv231/im_04-30-19_36.jpg,60,182,RGB,0.32967032967032966,10920,small_width
move,move/track_00023mv231,im_04-30-19_37.jpg,move/track_00023mv231/im_04-30-19_37.jpg,63,181,RGB,0.34806629834254144,11403,small_width
move,move/track_000256,im000001_00-15-03.jpg,move/track_000256/im000001_00-15-03.jpg,33,161,RGB,0.20496894409937888,5313,"small_width,low_aspect"
move,move/track_000256,im000002_00-15-04.jpg,move/track_000256/im000002_00-15-04.jpg,44,156,RGB,0.28205128205128205,6864,small_width
move,move/track_000256,im000003_00-15-04.jpg,move/track_000256/im000003_00-15-04.jpg,54,169,RGB,0.31952662721893493,9126,small_width
move,move/track_000256,im000004_00-15-04.jpg,move/track_000256/im000004_00-15-04.jpg,59,169,RGB,0.34911242603550297,9971,small_width
move,move/track_000256,im000006_00-15-04.jpg,move/track_000256/im000006_00-15-04.jpg,63,184,RGB,0.3423913043478261,11592,small_width
move,move/track_000269,im000030_00-23-53.jpg,move/track_000269/im000030_00-23-53.jpg,59,145,RGB,0.4068965517241379,8555,small_width
move,move/track_000269,im000031_00-23-53.jpg,move/track_000269/im000031_00-23-53.jpg,62,147,RGB,0.4217687074829932,9114,small_width
move,move/track_000269,im000032_00-23-53.jpg,move/track_000269/im000032_00-23-53.jpg,56,144,RGB,0.3888888888888889,8064,small_width
move,move/track_000269,im000033_00-23-53.jpg,move/track_000269/im000033_00-23-53.jpg,54,139,RGB,0.38848920863309355,7506,small_width
move,move/track_000269,im000034_00-23-53.jpg,move/track_000269/im000034_00-23-53.jpg,50,140,RGB,0.35714285714285715,7000,small_width
move,move/track_000269,im000035_00-23-53.jpg,move/track_000269/im000035_00-23-53.jpg,40,125,RGB,0.32,5000,small_width
move,move/track_000280,im000010_00-16-03.jpg,move/track_000280/im000010_00-16-03.jpg,63,161,RGB,0.391304347826087,10143,small_width
move,move/track_000280,im000013_00-16-03.jpg,move/track_000280/im000013_00-16-03.jpg,59,107,RGB,0.5514018691588785,6313,small_width
move,move/track_000280,im000014_00-16-03.jpg,move/track_000280/im000014_00-16-03.jpg,55,111,RGB,0.4954954954954955,6105,small_width
move,move/track_000284,im000001_00-17-50.jpg,move/track_000284/im000001_00-17-50.jpg,59,116,RGB,0.5086206896551724,6844,small_width
move,move/track_000284,im000002_00-17-50.jpg,move/track_000284/im000002_00-17-50.jpg,51,120,RGB,0.425,6120,small_width
move,move/track_000284,im000003_00-17-50.jpg,move/track_000284/im000003_00-17-50.jpg,45,126,RGB,0.35714285714285715,5670,small_width
move,move/track_000284,im000005_00-17-50.jpg,move/track_000284/im000005_00-17-50.jpg,49,123,RGB,0.3983739837398374,6027,small_width
move,move/track_000284,im000007_00-17-50.jpg,move/track_000284/im000007_00-17-50.jpg,61,123,RGB,0.4959349593495935,7503,small_width
move,move/track_000284,im000008_00-17-50.jpg,move/track_000284/im000008_00-17-50.jpg,46,120,RGB,0.38333333333333336,5520,small_width
move,move/track_000284,im000010_00-17-50.jpg,move/track_000284/im000010_00-17-50.jpg,61,119,RGB,0.5126050420168067,7259,small_width
move,move/track_000284,im000011_00-17-50.jpg,move/track_000284/im000011_00-17-50.jpg,56,121,RGB,0.4628099173553719,6776,small_width
move,move/track_000284,im000012_00-17-51.jpg,move/track_000284/im000012_00-17-51.jpg,62,123,RGB,0.5040650406504065,7626,small_width
move,move/track_000284,im000015_00-17-51.jpg,move/track_000284/im000015_00-17-51.jpg,57,126,RGB,0.4523809523809524,7182,small_width
move,move/track_000284,im000016_00-17-51.jpg,move/track_000284/im000016_00-17-51.jpg,53,123,RGB,0.43089430894308944,6519,small_width
move,move/track_000284,im000017_00-17-51.jpg,move/track_000284/im000017_00-17-51.jpg,51,126,RGB,0.40476190476190477,6426,small_width
move,move/track_000284,im000018_00-17-51.jpg,move/track_000284/im000018_00-17-51.jpg,52,126,RGB,0.4126984126984127,6552,small_width
move,move/track_000284,im000019_00-17-51.jpg,move/track_000284/im000019_00-17-51.jpg,51,124,RGB,0.4112903225806452,6324,small_width
move,move/track_000284,im000020_00-17-51.jpg,move/track_000284/im000020_00-17-51.jpg,45,123,RGB,0.36585365853658536,5535,small_width
move,move/track_000284,im000021_00-17-51.jpg,move/track_000284/im000021_00-17-51.jpg,53,125,RGB,0.424,6625,small_width
move,move/track_000284,im000022_00-17-51.jpg,move/track_000284/im000022_00-17-51.jpg,58,128,RGB,0.453125,7424,small_width
move,move/track_000284,im000023_00-17-51.jpg,move/track_000284/im000023_00-17-51.jpg,52,131,RGB,0.3969465648854962,6812,small_width
move,move/track_000284,im000024_00-17-52.jpg,move/track_000284/im000024_00-17-52.jpg,53,135,RGB,0.3925925925925926,7155,small_width
move,move/track_000284,im000025_00-17-52.jpg,move/track_000284/im000025_00-17-52.jpg,63,138,RGB,0.45652173913043476,8694,small_width
move,move/track_000284,im000026_00-17-52.jpg,move/track_000284/im000026_00-17-52.jpg,62,140,RGB,0.44285714285714284,8680,small_width
move,move/track_000284,im000027_00-17-52.jpg,move/track_000284/im000027_00-17-52.jpg,62,150,RGB,0.41333333333333333,9300,small_width
move,move/track_000284,im000028_00-17-52.jpg,move/track_000284/im000028_00-17-52.jpg,62,155,RGB,0.4,9610,small_width
move,move/track_000284,im000029_00-17-52.jpg,move/track_000284/im000029_00-17-52.jpg,59,154,RGB,0.38311688311688313,9086,small_width
move,move/track_000288,im000001_00-16-27.jpg,move/track_000288/im000001_00-16-27.jpg,57,110,RGB,0.5181818181818182,6270,small_width
move,move/track_000288,im000002_00-16-27.jpg,move/track_000288/im000002_00-16-27.jpg,56,110,RGB,0.509090909090909,6160,small_width
move,move/track_000288,im000003_00-16-27.jpg,move/track_000288/im000003_00-16-27.jpg,61,154,RGB,0.3961038961038961,9394,small_width
move,move/track_00028mv12321321,im_05-34-34_1.jpg,move/track_00028mv12321321/im_05-34-34_1.jpg,40,87,RGB,0.45977011494252873,3480,small_width
move,move/track_00028mv12321321,im_05-34-34_2.jpg,move/track_00028mv12321321/im_05-34-34_2.jpg,41,90,RGB,0.45555555555555555,3690,small_width
move,move/track_00028mv12321321,im_05-34-34_3.jpg,move/track_00028mv12321321/im_05-34-34_3.jpg,40,91,RGB,0.43956043956043955,3640,small_width
move,move/track_00028mv12321321,im_05-34-34_4.jpg,move/track_00028mv12321321/im_05-34-34_4.jpg,43,90,RGB,0.4777777777777778,3870,small_width
move,move/track_00028mv12321321,im_05-34-34_5.jpg,move/track_00028mv12321321/im_05-34-34_5.jpg,41,90,RGB,0.45555555555555555,3690,small_width
move,move/track_00028mv12321321,im_05-34-34_6.jpg,move/track_00028mv12321321/im_05-34-34_6.jpg,44,96,RGB,0.4583333333333333,4224,small_width
move,move/track_00028mv12321321,im_05-34-34_7.jpg,move/track_00028mv12321321/im_05-34-34_7.jpg,48,106,RGB,0.4528301886792453,5088,small_width
move,move/track_00028mv12321321,im_05-34-34_8.jpg,move/track_00028mv12321321/im_05-34-34_8.jpg,51,109,RGB,0.46788990825688076,5559,small_width
move,move/track_00028mv12321321,im_05-34-34_9.jpg,move/track_00028mv12321321/im_05-34-34_9.jpg,54,112,RGB,0.48214285714285715,6048,small_width
move,move/track_00028mv12321321,im_05-34-35_10.jpg,move/track_00028mv12321321/im_05-34-35_10.jpg,52,114,RGB,0.45614035087719296,5928,small_width
move,move/track_00028mv12321321,im_05-34-35_11.jpg,move/track_00028mv12321321/im_05-34-35_11.jpg,52,115,RGB,0.45217391304347826,5980,small_width
move,move/track_00028mv12321321,im_05-34-35_12.jpg,move/track_00028mv12321321/im_05-34-35_12.jpg,52,119,RGB,0.4369747899159664,6188,small_width
move,move/track_00028mv12321321,im_05-34-35_13.jpg,move/track_00028mv12321321/im_05-34-35_13.jpg,52,128,RGB,0.40625,6656,small_width
move,move/track_00028mv12321321,im_05-34-35_14.jpg,move/track_00028mv12321321/im_05-34-35_14.jpg,53,136,RGB,0.3897058823529412,7208,small_width
move,move/track_00028mv12321321,im_05-34-35_15.jpg,move/track_00028mv12321321/im_05-34-35_15.jpg,54,138,RGB,0.391304347826087,7452,small_width
move,move/track_00028mv12321321,im_05-34-35_16.jpg,move/track_00028mv12321321/im_05-34-35_16.jpg,53,133,RGB,0.39849624060150374,7049,small_width
move,move/track_00028mv12321321,im_05-34-35_17.jpg,move/track_00028mv12321321/im_05-34-35_17.jpg,54,137,RGB,0.39416058394160586,7398,small_width
move,move/track_00028mv12321321,im_05-34-35_18.jpg,move/track_00028mv12321321/im_05-34-35_18.jpg,54,146,RGB,0.3698630136986301,7884,small_width
move,move/track_00028mv12321321,im_05-34-35_19.jpg,move/track_00028mv12321321/im_05-34-35_19.jpg,55,156,RGB,0.3525641025641026,8580,small_width
move,move/track_00028mv12321321,im_05-34-35_20.jpg,move/track_00028mv12321321/im_05-34-35_20.jpg,58,163,RGB,0.3558282208588957,9454,small_width
move,move/track_00028mv12321321,im_05-34-35_21.jpg,move/track_00028mv12321321/im_05-34-35_21.jpg,61,168,RGB,0.3630952380952381,10248,small_width
move,move/track_00028mv12321321,im_05-34-35_22.jpg,move/track_00028mv12321321/im_05-34-35_22.jpg,62,167,RGB,0.3712574850299401,10354,small_width
move,move/track_00028mv12321321,im_05-34-35_23.jpg,move/track_00028mv12321321/im_05-34-35_23.jpg,60,169,RGB,0.35502958579881655,10140,small_width
move,move/track_00028mv12321321,im_05-34-35_24.jpg,move/track_00028mv12321321/im_05-34-35_24.jpg,60,174,RGB,0.3448275862068966,10440,small_width
move,move/track_000292,im000001_00-16-35.jpg,move/track_000292/im000001_00-16-35.jpg,63,94,RGB,0.6702127659574468,5922,small_width
move,move/track_000292,im000002_00-16-35.jpg,move/track_000292/im000002_00-16-35.jpg,57,116,RGB,0.49137931034482757,6612,small_width
move,move/track_000294,im000029_00-16-45.jpg,move/track_000294/im000029_00-16-45.jpg,58,167,RGB,0.3473053892215569,9686,small_width
move,move/track_000294,im000030_00-16-45.jpg,move/track_000294/im000030_00-16-45.jpg,60,166,RGB,0.3614457831325301,9960,small_width
move,move/track_000294,im000031_00-16-45.jpg,move/track_000294/im000031_00-16-45.jpg,59,162,RGB,0.36419753086419754,9558,small_width
move,move/track_000294,im000032_00-16-45.jpg,move/track_000294/im000032_00-16-45.jpg,58,116,RGB,0.5,6728,small_width
move,move/track_000294,im000033_00-16-45.jpg,move/track_000294/im000033_00-16-45.jpg,54,115,RGB,0.46956521739130436,6210,small_width
move,move/track_000294,im000034_00-16-45.jpg,move/track_000294/im000034_00-16-45.jpg,54,108,RGB,0.5,5832,small_width
move,move/track_000294,im000035_00-16-45.jpg,move/track_000294/im000035_00-16-45.jpg,56,89,RGB,0.6292134831460674,4984,small_width
move,move/track_000294,im000036_00-16-45.jpg,move/track_000294/im000036_00-16-45.jpg,57,85,RGB,0.6705882352941176,4845,small_width
move,move/track_000294,im000037_00-16-45.jpg,move/track_000294/im000037_00-16-45.jpg,52,93,RGB,0.5591397849462365,4836,small_width
move,move/track_000294,im000038_00-16-45.jpg,move/track_000294/im000038_00-16-45.jpg,53,93,RGB,0.5698924731182796,4929,small_width
move,move/track_000294,im000039_00-16-45.jpg,move/track_000294/im000039_00-16-45.jpg,47,95,RGB,0.49473684210526314,4465,small_width
move,move/track_000294,im000040_00-16-46.jpg,move/track_000294/im000040_00-16-46.jpg,54,95,RGB,0.5684210526315789,5130,small_width
move,move/track_000294,im000041_00-16-46.jpg,move/track_000294/im000041_00-16-46.jpg,46,98,RGB,0.46938775510204084,4508,small_width
move,move/track_000325,im000017_00-20-03.jpg,move/track_000325/im000017_00-20-03.jpg,60,228,RGB,0.2631578947368421,13680,small_width
move,move/track_000325,im000018_00-20-03.jpg,move/track_000325/im000018_00-20-03.jpg,59,219,RGB,0.2694063926940639,12921,small_width
move,move/track_000325,im000019_00-20-03.jpg,move/track_000325/im000019_00-20-03.jpg,58,218,RGB,0.26605504587155965,12644,small_width
move,move/track_000325,im000020_00-20-03.jpg,move/track_000325/im000020_00-20-03.jpg,57,217,RGB,0.2626728110599078,12369,small_width
move,move/track_000325,im000021_00-20-04.jpg,move/track_000325/im000021_00-20-04.jpg,54,214,RGB,0.2523364485981308,11556,small_width
move,move/track_000325,im000022_00-20-04.jpg,move/track_000325/im000022_00-20-04.jpg,54,214,RGB,0.2523364485981308,11556,small_width
move,move/track_000325,im000023_00-20-04.jpg,move/track_000325/im000023_00-20-04.jpg,54,214,RGB,0.2523364485981308,11556,small_width
move,move/track_000325,im000024_00-20-04.jpg,move/track_000325/im000024_00-20-04.jpg,51,216,RGB,0.2361111111111111,11016,"small_width,low_aspect"
move,move/track_000325,im000025_00-20-04.jpg,move/track_000325/im000025_00-20-04.jpg,51,218,RGB,0.23394495412844038,11118,"small_width,low_aspect"
move,move/track_000325,im000026_00-20-04.jpg,move/track_000325/im000026_00-20-04.jpg,49,224,RGB,0.21875,10976,"small_width,low_aspect"
move,move/track_000325,im000027_00-20-04.jpg,move/track_000325/im000027_00-20-04.jpg,46,226,RGB,0.20353982300884957,10396,"small_width,low_aspect"
move,move/track_000325,im000028_00-20-04.jpg,move/track_000325/im000028_00-20-04.jpg,47,223,RGB,0.21076233183856502,10481,"small_width,low_aspect"
move,move/track_000325,im000029_00-20-04.jpg,move/track_000325/im000029_00-20-04.jpg,55,220,RGB,0.25,12100,small_width
move,move/track_00033213213,im_06-30-17_1.jpg,move/track_00033213213/im_06-30-17_1.jpg,54,169,RGB,0.31952662721893493,9126,small_width
move,move/track_000347,im000001_00-21-08.jpg,move/track_000347/im000001_00-21-08.jpg,57,187,RGB,0.3048128342245989,10659,small_width
move,move/track_000347,im000002_00-21-08.jpg,move/track_000347/im000002_00-21-08.jpg,60,191,RGB,0.31413612565445026,11460,small_width
move,move/track_000347,im000003_00-21-08.jpg,move/track_000347/im000003_00-21-08.jpg,63,192,RGB,0.328125,12096,small_width
move,move/track_000347,im000007_00-21-08.jpg,move/track_000347/im000007_00-21-08.jpg,63,232,RGB,0.27155172413793105,14616,small_width
move,move/track_00036,im_09-30-01_44.jpg,move/track_00036/im_09-30-01_44.jpg,61,116,RGB,0.5258620689655172,7076,small_width
move,move/track_00036,im_09-30-01_45.jpg,move/track_00036/im_09-30-01_45.jpg,60,114,RGB,0.5263157894736842,6840,small_width
move,move/track_00036,im_09-30-01_46.jpg,move/track_00036/im_09-30-01_46.jpg,60,113,RGB,0.5309734513274337,6780,small_width
move,move/track_00036,im_09-30-01_47.jpg,move/track_00036/im_09-30-01_47.jpg,58,102,RGB,0.5686274509803921,5916,small_width
move,move/track_00036,im_09-30-01_48.jpg,move/track_00036/im_09-30-01_48.jpg,53,86,RGB,0.6162790697674418,4558,small_width
move,move/track_00036,im_09-30-01_49.jpg,move/track_00036/im_09-30-01_49.jpg,54,83,RGB,0.6506024096385542,4482,small_width
move,move/track_00036,im_09-30-01_50.jpg,move/track_00036/im_09-30-01_50.jpg,52,82,RGB,0.6341463414634146,4264,small_width
move,move/track_00036,im_09-30-01_51.jpg,move/track_00036/im_09-30-01_51.jpg,52,82,RGB,0.6341463414634146,4264,small_width
move,move/track_000407,im000001_00-25-30.jpg,move/track_000407/im000001_00-25-30.jpg,48,183,RGB,0.26229508196721313,8784,small_width
move,move/track_000407,im000002_00-25-30.jpg,move/track_000407/im000002_00-25-30.jpg,59,184,RGB,0.32065217391304346,10856,small_width
move,move/track_000407,im000003_00-25-31.jpg,move/track_000407/im000003_00-25-31.jpg,63,186,RGB,0.3387096774193548,11718,small_width
move,move/track_000407,im000004_00-25-31.jpg,move/track_000407/im000004_00-25-31.jpg,60,193,RGB,0.31088082901554404,11580,small_width
move,move/track_000407,im000009_00-25-31.jpg,move/track_000407/im000009_00-25-31.jpg,61,213,RGB,0.2863849765258216,12993,small_width
move,move/track_000407,im000534_00-26-15.jpg,move/track_000407/im000534_00-26-15.jpg,54,120,RGB,0.45,6480,small_width
move,move/track_000407,im000535_00-26-15.jpg,move/track_000407/im000535_00-26-15.jpg,61,121,RGB,0.5041322314049587,7381,small_width
move,move/track_000407,im000536_00-26-15.jpg,move/track_000407/im000536_00-26-15.jpg,56,127,RGB,0.4409448818897638,7112,small_width
move,move/track_000407,im000537_00-26-15.jpg,move/track_000407/im000537_00-26-15.jpg,59,131,RGB,0.45038167938931295,7729,small_width
move,move/track_000407,im000538_00-26-15.jpg,move/track_000407/im000538_00-26-15.jpg,60,121,RGB,0.49586776859504134,7260,small_width
move,move/track_000407,im000539_00-26-16.jpg,move/track_000407/im000539_00-26-16.jpg,59,120,RGB,0.49166666666666664,7080,small_width
move,move/track_000407,im000540_00-26-16.jpg,move/track_000407/im000540_00-26-16.jpg,52,119,RGB,0.4369747899159664,6188,small_width
move,move/track_000407,im000541_00-26-16.jpg,move/track_000407/im000541_00-26-16.jpg,45,121,RGB,0.371900826446281,5445,small_width
move,move/track_000407,im000542_00-26-16.jpg,move/track_000407/im000542_00-26-16.jpg,59,121,RGB,0.48760330578512395,7139,small_width
move,move/track_000407,im000543_00-26-16.jpg,move/track_000407/im000543_00-26-16.jpg,52,120,RGB,0.43333333333333335,6240,small_width
move,move/track_000407,im000544_00-26-16.jpg,move/track_000407/im000544_00-26-16.jpg,46,119,RGB,0.3865546218487395,5474,small_width
move,move/track_000407,im000545_00-26-16.jpg,move/track_000407/im000545_00-26-16.jpg,62,119,RGB,0.5210084033613446,7378,small_width
move,move/track_000407,im000546_00-26-16.jpg,move/track_000407/im000546_00-26-16.jpg,55,117,RGB,0.4700854700854701,6435,small_width
move,move/track_000407,im000547_00-26-16.jpg,move/track_000407/im000547_00-26-16.jpg,50,118,RGB,0.423728813559322,5900,small_width
move,move/track_000407,im000549_00-26-16.jpg,move/track_000407/im000549_00-26-16.jpg,55,119,RGB,0.46218487394957986,6545,small_width
move,move/track_000407,im000550_00-26-16.jpg,move/track_000407/im000550_00-26-16.jpg,56,121,RGB,0.4628099173553719,6776,small_width
move,move/track_000407,im000552_00-26-17.jpg,move/track_000407/im000552_00-26-17.jpg,53,122,RGB,0.4344262295081967,6466,small_width
move,move/track_000407,im000553_00-26-17.jpg,move/track_000407/im000553_00-26-17.jpg,49,121,RGB,0.4049586776859504,5929,small_width
move,move/track_000407,im000554_00-26-17.jpg,move/track_000407/im000554_00-26-17.jpg,54,121,RGB,0.4462809917355372,6534,small_width
move,move/track_000407,im000555_00-26-17.jpg,move/track_000407/im000555_00-26-17.jpg,61,120,RGB,0.5083333333333333,7320,small_width
move,move/track_000407,im000556_00-26-17.jpg,move/track_000407/im000556_00-26-17.jpg,55,124,RGB,0.4435483870967742,6820,small_width
move,move/track_000407,im000557_00-26-17.jpg,move/track_000407/im000557_00-26-17.jpg,55,126,RGB,0.4365079365079365,6930,small_width
move,move/track_000407,im000558_00-26-17.jpg,move/track_000407/im000558_00-26-17.jpg,51,124,RGB,0.4112903225806452,6324,small_width
move,move/track_000407,im000559_00-26-17.jpg,move/track_000407/im000559_00-26-17.jpg,50,127,RGB,0.3937007874015748,6350,small_width
move,move/track_000407,im000560_00-26-17.jpg,move/track_000407/im000560_00-26-17.jpg,51,132,RGB,0.38636363636363635,6732,small_width
move,move/track_000407,im000561_00-26-17.jpg,move/track_000407/im000561_00-26-17.jpg,58,132,RGB,0.4393939393939394,7656,small_width
move,move/track_000407,im000562_00-26-17.jpg,move/track_000407/im000562_00-26-17.jpg,52,132,RGB,0.3939393939393939,6864,small_width
move,move/track_000407,im000563_00-26-18.jpg,move/track_000407/im000563_00-26-18.jpg,55,136,RGB,0.40441176470588236,7480,small_width
move,move/track_000407,im000564_00-26-18.jpg,move/track_000407/im000564_00-26-18.jpg,55,139,RGB,0.39568345323741005,7645,small_width
move,move/track_000407,im000565_00-26-18.jpg,move/track_000407/im000565_00-26-18.jpg,56,138,RGB,0.4057971014492754,7728,small_width
move,move/track_000407,im000566_00-26-18.jpg,move/track_000407/im000566_00-26-18.jpg,61,145,RGB,0.4206896551724138,8845,small_width
move,move/track_000407,im000568_00-26-18.jpg,move/track_000407/im000568_00-26-18.jpg,61,152,RGB,0.40131578947368424,9272,small_width
move,move/track_000407,im000569_00-26-18.jpg,move/track_000407/im000569_00-26-18.jpg,60,161,RGB,0.37267080745341613,9660,small_width
move,move/track_000407,im000570_00-26-18.jpg,move/track_000407/im000570_00-26-18.jpg,63,160,RGB,0.39375,10080,small_width
move,move/track_000407,im000632_00-26-23.jpg,move/track_000407/im000632_00-26-23.jpg,62,223,RGB,0.27802690582959644,13826,small_width
move,move/track_000407,im000633_00-26-23.jpg,move/track_000407/im000633_00-26-23.jpg,60,218,RGB,0.27522935779816515,13080,small_width
move,move/track_000407,im000634_00-26-23.jpg,move/track_000407/im000634_00-26-23.jpg,62,215,RGB,0.28837209302325584,13330,small_width
move,move/track_000407,im000638_00-26-24.jpg,move/track_000407/im000638_00-26-24.jpg,62,189,RGB,0.328042328042328,11718,small_width
move,move/track_000407,im000640_00-26-24.jpg,move/track_000407/im000640_00-26-24.jpg,53,181,RGB,0.292817679558011,9593,small_width
move,move/track_000431,im000017_00-27-16.jpg,move/track_000431/im000017_00-27-16.jpg,56,120,RGB,0.4666666666666667,6720,small_width
move,move/track_000431,im000018_00-27-16.jpg,move/track_000431/im000018_00-27-16.jpg,59,122,RGB,0.48360655737704916,7198,small_width
move,move/track_000431,im000019_00-27-16.jpg,move/track_000431/im000019_00-27-16.jpg,57,122,RGB,0.4672131147540984,6954,small_width
move,move/track_000467,im000029_00-16-59.jpg,move/track_000467/im000029_00-16-59.jpg,61,151,RGB,0.40397350993377484,9211,small_width
move,move/track_000467,im000032_00-17-00.jpg,move/track_000467/im000032_00-17-00.jpg,59,153,RGB,0.38562091503267976,9027,small_width
move,move/track_000467,im000033_00-17-00.jpg,move/track_000467/im000033_00-17-00.jpg,59,150,RGB,0.3933333333333333,8850,small_width
move,move/track_000467,im000034_00-17-00.jpg,move/track_000467/im000034_00-17-00.jpg,59,132,RGB,0.44696969696969696,7788,small_width
move,move/track_000467,im000035_00-17-00.jpg,move/track_000467/im000035_00-17-00.jpg,54,131,RGB,0.4122137404580153,7074,small_width
move,move/track_000467,im000036_00-17-00.jpg,move/track_000467/im000036_00-17-00.jpg,56,131,RGB,0.42748091603053434,7336,small_width
move,move/track_000467,im000037_00-17-00.jpg,move/track_000467/im000037_00-17-00.jpg,52,124,RGB,0.41935483870967744,6448,small_width
move,move/track_000467,im000038_00-17-00.jpg,move/track_000467/im000038_00-17-00.jpg,50,134,RGB,0.373134328358209,6700,small_width
move,move/track_000467,im000039_00-17-00.jpg,move/track_000467/im000039_00-17-00.jpg,48,90,RGB,0.5333333333333333,4320,small_width
move,move/track_000467,im000040_00-17-00.jpg,move/track_000467/im000040_00-17-00.jpg,47,86,RGB,0.5465116279069767,4042,small_width
move,move/track_000467,im000041_00-17-00.jpg,move/track_000467/im000041_00-17-00.jpg,46,84,RGB,0.5476190476190477,3864,small_width
move,move/track_000467,im000042_00-17-00.jpg,move/track_000467/im000042_00-17-00.jpg,45,84,RGB,0.5357142857142857,3780,small_width
move,move/track_000467,im000043_00-17-01.jpg,move/track_000467/im000043_00-17-01.jpg,44,116,RGB,0.3793103448275862,5104,small_width
move,move/track_000467,im000044_00-17-01.jpg,move/track_000467/im000044_00-17-01.jpg,45,115,RGB,0.391304347826087,5175,small_width
move,move/track_000467,im000045_00-17-01.jpg,move/track_000467/im000045_00-17-01.jpg,39,92,RGB,0.42391304347826086,3588,small_width
move,move/track_000467,im000046_00-17-01.jpg,move/track_000467/im000046_00-17-01.jpg,33,64,RGB,0.515625,2112,small_width
move,move/track_000472,im000031_00-30-49.jpg,move/track_000472/im000031_00-30-49.jpg,62,152,RGB,0.40789473684210525,9424,small_width
move,move/track_000489,im000001_00-32-10.jpg,move/track_000489/im000001_00-32-10.jpg,41,112,RGB,0.36607142857142855,4592,small_width
move,move/track_000489,im000002_00-32-11.jpg,move/track_000489/im000002_00-32-11.jpg,44,112,RGB,0.39285714285714285,4928,small_width
move,move/track_000489,im000003_00-32-11.jpg,move/track_000489/im000003_00-32-11.jpg,51,112,RGB,0.45535714285714285,5712,small_width
move,move/track_000489,im000004_00-32-11.jpg,move/track_000489/im000004_00-32-11.jpg,50,111,RGB,0.45045045045045046,5550,small_width
move,move/track_000489,im000005_00-32-11.jpg,move/track_000489/im000005_00-32-11.jpg,51,111,RGB,0.4594594594594595,5661,small_width
move,move/track_000489,im000006_00-32-11.jpg,move/track_000489/im000006_00-32-11.jpg,49,110,RGB,0.44545454545454544,5390,small_width
move,move/track_000489,im000007_00-32-11.jpg,move/track_000489/im000007_00-32-11.jpg,48,156,RGB,0.3076923076923077,7488,small_width
move,move/track_000489,im000008_00-32-11.jpg,move/track_000489/im000008_00-32-11.jpg,51,155,RGB,0.32903225806451614,7905,small_width
move,move/track_000489,im000009_00-32-11.jpg,move/track_000489/im000009_00-32-11.jpg,50,149,RGB,0.33557046979865773,7450,small_width
move,move/track_000489,im000010_00-32-12.jpg,move/track_000489/im000010_00-32-12.jpg,55,160,RGB,0.34375,8800,small_width
move,move/track_000502,im000001_00-32-52.jpg,move/track_000502/im000001_00-32-52.jpg,50,118,RGB,0.423728813559322,5900,small_width
move,move/track_000502,im000002_00-32-52.jpg,move/track_000502/im000002_00-32-52.jpg,54,116,RGB,0.46551724137931033,6264,small_width
move,move/track_000502,im000003_00-32-52.jpg,move/track_000502/im000003_00-32-52.jpg,51,117,RGB,0.4358974358974359,5967,small_width
move,move/track_000502,im000004_00-32-53.jpg,move/track_000502/im000004_00-32-53.jpg,51,121,RGB,0.4214876033057851,6171,small_width
move,move/track_000504,im000001_00-32-59.jpg,move/track_000504/im000001_00-32-59.jpg,50,116,RGB,0.43103448275862066,5800,small_width
move,move/track_000504,im000002_00-33-00.jpg,move/track_000504/im000002_00-33-00.jpg,48,117,RGB,0.41025641025641024,5616,small_width
move,move/track_000504,im000003_00-33-00.jpg,move/track_000504/im000003_00-33-00.jpg,49,117,RGB,0.4188034188034188,5733,small_width
move,move/track_000504,im000004_00-33-00.jpg,move/track_000504/im000004_00-33-00.jpg,49,114,RGB,0.4298245614035088,5586,small_width
move,move/track_000504,im000005_00-33-00.jpg,move/track_000504/im000005_00-33-00.jpg,50,115,RGB,0.43478260869565216,5750,small_width
move,move/track_000504,im000006_00-33-00.jpg,move/track_000504/im000006_00-33-00.jpg,48,115,RGB,0.41739130434782606,5520,small_width
move,move/track_000504,im000007_00-33-00.jpg,move/track_000504/im000007_00-33-00.jpg,46,112,RGB,0.4107142857142857,5152,small_width
move,move/track_000504,im000008_00-33-00.jpg,move/track_000504/im000008_00-33-00.jpg,43,113,RGB,0.3805309734513274,4859,small_width
move,move/track_000504,im000009_00-33-00.jpg,move/track_000504/im000009_00-33-00.jpg,44,114,RGB,0.38596491228070173,5016,small_width
move,move/track_000504,im000010_00-33-00.jpg,move/track_000504/im000010_00-33-00.jpg,49,108,RGB,0.4537037037037037,5292,small_width
move,move/track_000504,im000011_00-33-00.jpg,move/track_000504/im000011_00-33-00.jpg,56,109,RGB,0.5137614678899083,6104,small_width
move,move/track_000504,im000012_00-33-00.jpg,move/track_000504/im000012_00-33-00.jpg,61,108,RGB,0.5648148148148148,6588,small_width
move,move/track_000504,im000013_00-33-00.jpg,move/track_000504/im000013_00-33-00.jpg,60,107,RGB,0.5607476635514018,6420,small_width
move,move/track_000504,im000014_00-33-01.jpg,move/track_000504/im000014_00-33-01.jpg,52,111,RGB,0.46846846846846846,5772,small_width
move,move/track_000504,im000016_00-33-01.jpg,move/track_000504/im000016_00-33-01.jpg,62,151,RGB,0.4105960264900662,9362,small_width
move,move/track_000504,im000017_00-33-01.jpg,move/track_000504/im000017_00-33-01.jpg,54,156,RGB,0.34615384615384615,8424,small_width
move,move/track_000504,im000020_00-33-01.jpg,move/track_000504/im000020_00-33-01.jpg,58,157,RGB,0.36942675159235666,9106,small_width
move,move/track_000582,im000001_00-37-01.jpg,move/track_000582/im000001_00-37-01.jpg,44,178,RGB,0.24719101123595505,7832,"small_width,low_aspect"
move,move/track_000582,im000002_00-37-01.jpg,move/track_000582/im000002_00-37-01.jpg,54,180,RGB,0.3,9720,small_width
move,move/track_000582,im000003_00-37-01.jpg,move/track_000582/im000003_00-37-01.jpg,56,184,RGB,0.30434782608695654,10304,small_width
move,move/track_000582,im000004_00-37-01.jpg,move/track_000582/im000004_00-37-01.jpg,60,186,RGB,0.3225806451612903,11160,small_width
move,move/track_000582,im000005_00-37-01.jpg,move/track_000582/im000005_00-37-01.jpg,61,193,RGB,0.3160621761658031,11773,small_width
move,move/track_000582,im000006_00-37-01.jpg,move/track_000582/im000006_00-37-01.jpg,61,194,RGB,0.31443298969072164,11834,small_width
move,move/track_000585,im000049_00-37-09.jpg,move/track_000585/im000049_00-37-09.jpg,63,158,RGB,0.3987341772151899,9954,small_width
move,move/track_000585,im000052_00-37-09.jpg,move/track_000585/im000052_00-37-09.jpg,63,151,RGB,0.41721854304635764,9513,small_width
move,move/track_000585,im000053_00-37-09.jpg,move/track_000585/im000053_00-37-09.jpg,63,150,RGB,0.42,9450,small_width
move,move/track_000585,im000054_00-37-09.jpg,move/track_000585/im000054_00-37-09.jpg,59,147,RGB,0.4013605442176871,8673,small_width
move,move/track_000585,im000055_00-37-09.jpg,move/track_000585/im000055_00-37-09.jpg,62,141,RGB,0.4397163120567376,8742,small_width
move,move/track_000585,im000058_00-37-10.jpg,move/track_000585/im000058_00-37-10.jpg,57,139,RGB,0.41007194244604317,7923,small_width
move,move/track_000585,im000059_00-37-10.jpg,move/track_000585/im000059_00-37-10.jpg,56,134,RGB,0.417910447761194,7504,small_width
move,move/track_000585,im000060_00-37-10.jpg,move/track_000585/im000060_00-37-10.jpg,59,135,RGB,0.43703703703703706,7965,small_width
move,move/track_000585,im000063_00-37-10.jpg,move/track_000585/im000063_00-37-10.jpg,62,130,RGB,0.47692307692307695,8060,small_width
move,move/track_000585,im000064_00-37-10.jpg,move/track_000585/im000064_00-37-10.jpg,52,130,RGB,0.4,6760,small_width
move,move/track_000585,im000065_00-37-10.jpg,move/track_000585/im000065_00-37-10.jpg,54,128,RGB,0.421875,6912,small_width
move,move/track_000585,im000066_00-37-10.jpg,move/track_000585/im000066_00-37-10.jpg,52,127,RGB,0.4094488188976378,6604,small_width
move,move/track_000585,im000067_00-37-10.jpg,move/track_000585/im000067_00-37-10.jpg,52,128,RGB,0.40625,6656,small_width
move,move/track_000585,im000068_00-37-10.jpg,move/track_000585/im000068_00-37-10.jpg,51,128,RGB,0.3984375,6528,small_width
move,move/track_000585,im000069_00-37-10.jpg,move/track_000585/im000069_00-37-10.jpg,50,130,RGB,0.38461538461538464,6500,small_width
move,move/track_000585,im000070_00-37-11.jpg,move/track_000585/im000070_00-37-11.jpg,47,128,RGB,0.3671875,6016,small_width
move,move/track_000585,im000071_00-37-11.jpg,move/track_000585/im000071_00-37-11.jpg,50,130,RGB,0.38461538461538464,6500,small_width
move,move/track_000585,im000072_00-37-11.jpg,move/track_000585/im000072_00-37-11.jpg,54,130,RGB,0.4153846153846154,7020,small_width
move,move/track_000585,im000073_00-37-11.jpg,move/track_000585/im000073_00-37-11.jpg,51,131,RGB,0.3893129770992366,6681,small_width
move,move/track_000594,im000004_00-42-41.jpg,move/track_000594/im000004_00-42-41.jpg,63,102,RGB,0.6176470588235294,6426,small_width
move,move/track_000594,im000005_00-42-41.jpg,move/track_000594/im000005_00-42-41.jpg,57,100,RGB,0.57,5700,small_width
move,move/track_000594,im000006_00-42-41.jpg,move/track_000594/im000006_00-42-41.jpg,49,98,RGB,0.5,4802,small_width
move,move/track_000594,im000007_00-42-41.jpg,move/track_000594/im000007_00-42-41.jpg,46,100,RGB,0.46,4600,small_width
move,move/track_000594,im000008_00-42-41.jpg,move/track_000594/im000008_00-42-41.jpg,41,99,RGB,0.41414141414141414,4059,small_width
move,move/track_000594,im000009_00-42-41.jpg,move/track_000594/im000009_00-42-41.jpg,53,131,RGB,0.40458015267175573,6943,small_width
move,move/track_000594,im000010_00-42-41.jpg,move/track_000594/im000010_00-42-41.jpg,58,128,RGB,0.453125,7424,small_width
move,move/track_000594,im000011_00-42-41.jpg,move/track_000594/im000011_00-42-41.jpg,56,167,RGB,0.33532934131736525,9352,small_width
move,move/track_000594,im000013_00-42-42.jpg,move/track_000594/im000013_00-42-42.jpg,63,156,RGB,0.40384615384615385,9828,small_width
move,move/track_000634,im000001_00-40-26.jpg,move/track_000634/im000001_00-40-26.jpg,45,177,RGB,0.2542372881355932,7965,small_width
move,move/track_000634,im000002_00-40-26.jpg,move/track_000634/im000002_00-40-26.jpg,52,170,RGB,0.3058823529411765,8840,small_width
move,move/track_000634,im000003_00-40-26.jpg,move/track_000634/im000003_00-40-26.jpg,52,170,RGB,0.3058823529411765,8840,small_width
move,move/track_000634,im000004_00-40-26.jpg,move/track_000634/im000004_00-40-26.jpg,55,168,RGB,0.3273809523809524,9240,small_width
move,move/track_000634,im000005_00-40-26.jpg,move/track_000634/im000005_00-40-26.jpg,54,161,RGB,0.33540372670807456,8694,small_width
move,move/track_000634,im000006_00-40-26.jpg,move/track_000634/im000006_00-40-26.jpg,55,158,RGB,0.34810126582278483,8690,small_width
move,move/track_000634,im000007_00-40-26.jpg,move/track_000634/im000007_00-40-26.jpg,59,161,RGB,0.36645962732919257,9499,small_width
move,move/track_000634,im000008_00-40-26.jpg,move/track_000634/im000008_00-40-26.jpg,50,157,RGB,0.3184713375796178,7850,small_width
move,move/track_000634,im000009_00-40-26.jpg,move/track_000634/im000009_00-40-26.jpg,56,149,RGB,0.37583892617449666,8344,small_width
move,move/track_000656,im000001_00-51-23.jpg,move/track_000656/im000001_00-51-23.jpg,47,114,RGB,0.41228070175438597,5358,small_width
move,move/track_000656,im000002_00-51-23.jpg,move/track_000656/im000002_00-51-23.jpg,50,116,RGB,0.43103448275862066,5800,small_width
move,move/track_000656,im000003_00-51-23.jpg,move/track_000656/im000003_00-51-23.jpg,52,115,RGB,0.45217391304347826,5980,small_width
move,move/track_000656,im000004_00-51-23.jpg,move/track_000656/im000004_00-51-23.jpg,49,114,RGB,0.4298245614035088,5586,small_width
move,move/track_000656,im000005_00-51-23.jpg,move/track_000656/im000005_00-51-23.jpg,47,120,RGB,0.39166666666666666,5640,small_width
move,move/track_000656,im000006_00-51-23.jpg,move/track_000656/im000006_00-51-23.jpg,43,114,RGB,0.37719298245614036,4902,small_width
move,move/track_000656,im000007_00-51-23.jpg,move/track_000656/im000007_00-51-23.jpg,40,112,RGB,0.35714285714285715,4480,small_width
move,move/track_000656,im000008_00-51-23.jpg,move/track_000656/im000008_00-51-23.jpg,41,110,RGB,0.37272727272727274,4510,small_width
move,move/track_000656,im000009_00-51-23.jpg,move/track_000656/im000009_00-51-23.jpg,45,109,RGB,0.41284403669724773,4905,small_width
move,move/track_000656,im000010_00-51-23.jpg,move/track_000656/im000010_00-51-23.jpg,55,106,RGB,0.5188679245283019,5830,small_width
move,move/track_000656,im000012_00-51-23.jpg,move/track_000656/im000012_00-51-23.jpg,49,106,RGB,0.46226415094339623,5194,small_width
move,move/track_000656,im000013_00-51-24.jpg,move/track_000656/im000013_00-51-24.jpg,46,109,RGB,0.42201834862385323,5014,small_width
move,move/track_000656,im000014_00-51-24.jpg,move/track_000656/im000014_00-51-24.jpg,54,150,RGB,0.36,8100,small_width
move,move/track_000659,im000001_00-28-43.jpg,move/track_000659/im000001_00-28-43.jpg,37,82,RGB,0.45121951219512196,3034,small_width
move,move/track_000659,im000002_00-28-43.jpg,move/track_000659/im000002_00-28-43.jpg,37,81,RGB,0.4567901234567901,2997,small_width
move,move/track_000659,im000003_00-28-43.jpg,move/track_000659/im000003_00-28-43.jpg,59,109,RGB,0.5412844036697247,6431,small_width
move,move/track_000724,im000001_00-56-46.jpg,move/track_000724/im000001_00-56-46.jpg,31,105,RGB,0.29523809523809524,3255,small_width
move,move/track_000724,im000002_00-56-46.jpg,move/track_000724/im000002_00-56-46.jpg,46,106,RGB,0.4339622641509434,4876,small_width
move,move/track_000724,im000003_00-56-46.jpg,move/track_000724/im000003_00-56-46.jpg,52,107,RGB,0.48598130841121495,5564,small_width
move,move/track_000724,im000004_00-56-46.jpg,move/track_000724/im000004_00-56-46.jpg,53,109,RGB,0.48623853211009177,5777,small_width
move,move/track_000724,im000005_00-56-46.jpg,move/track_000724/im000005_00-56-46.jpg,51,108,RGB,0.4722222222222222,5508,small_width
move,move/track_000724,im000006_00-56-46.jpg,move/track_000724/im000006_00-56-46.jpg,51,105,RGB,0.4857142857142857,5355,small_width
move,move/track_000724,im000007_00-56-46.jpg,move/track_000724/im000007_00-56-46.jpg,60,101,RGB,0.594059405940594,6060,small_width
move,move/track_000724,im000008_00-56-46.jpg,move/track_000724/im000008_00-56-46.jpg,58,96,RGB,0.6041666666666666,5568,small_width
move,move/track_000724,im000009_00-56-46.jpg,move/track_000724/im000009_00-56-46.jpg,56,84,RGB,0.6666666666666666,4704,small_width
move,move/track_000724,im000010_00-56-46.jpg,move/track_000724/im000010_00-56-46.jpg,57,84,RGB,0.6785714285714286,4788,small_width
move,move/track_000724,im000011_00-56-46.jpg,move/track_000724/im000011_00-56-46.jpg,59,83,RGB,0.7108433734939759,4897,small_width
move,move/track_000724,im000012_00-56-47.jpg,move/track_000724/im000012_00-56-47.jpg,60,89,RGB,0.6741573033707865,5340,small_width
move,move/track_000724,im000013_00-56-47.jpg,move/track_000724/im000013_00-56-47.jpg,54,107,RGB,0.5046728971962616,5778,small_width
move,move/track_000724,im000014_00-56-47.jpg,move/track_000724/im000014_00-56-47.jpg,57,102,RGB,0.5588235294117647,5814,small_width
move,move/track_000724,im000017_00-56-47.jpg,move/track_000724/im000017_00-56-47.jpg,63,165,RGB,0.38181818181818183,10395,small_width
move,move/track_000724,im000018_00-56-48.jpg,move/track_000724/im000018_00-56-48.jpg,62,167,RGB,0.3712574850299401,10354,small_width
move,move/track_000730,im000008_00-56-51.jpg,move/track_000730/im000008_00-56-51.jpg,62,122,RGB,0.5081967213114754,7564,small_width
move,move/track_000730,im000009_00-56-51.jpg,move/track_000730/im000009_00-56-51.jpg,57,121,RGB,0.47107438016528924,6897,small_width
move,move/track_000730,im000010_00-56-51.jpg,move/track_000730/im000010_00-56-51.jpg,57,107,RGB,0.5327102803738317,6099,small_width
move,move/track_000730,im000011_00-56-51.jpg,move/track_000730/im000011_00-56-51.jpg,60,91,RGB,0.6593406593406593,5460,small_width
move,move/track_000730,im000014_00-56-51.jpg,move/track_000730/im000014_00-56-51.jpg,63,116,RGB,0.5431034482758621,7308,small_width
move,move/track_000730,im000015_00-56-51.jpg,move/track_000730/im000015_00-56-51.jpg,59,119,RGB,0.4957983193277311,7021,small_width
move,move/track_000730,im000016_00-56-51.jpg,move/track_000730/im000016_00-56-51.jpg,57,121,RGB,0.47107438016528924,6897,small_width
move,move/track_000730,im000017_00-56-51.jpg,move/track_000730/im000017_00-56-51.jpg,56,152,RGB,0.3684210526315789,8512,small_width
move,move/track_000730,im000018_00-56-51.jpg,move/track_000730/im000018_00-56-51.jpg,58,153,RGB,0.3790849673202614,8874,small_width
move,move/track_000730,im000019_00-56-51.jpg,move/track_000730/im000019_00-56-51.jpg,58,157,RGB,0.36942675159235666,9106,small_width
move,move/track_000730,im000020_00-56-52.jpg,move/track_000730/im000020_00-56-52.jpg,56,155,RGB,0.36129032258064514,8680,small_width
move,move/track_000730,im000021_00-56-52.jpg,move/track_000730/im000021_00-56-52.jpg,56,151,RGB,0.3708609271523179,8456,small_width
move,move/track_000730,im000022_00-56-52.jpg,move/track_000730/im000022_00-56-52.jpg,53,143,RGB,0.3706293706293706,7579,small_width
move,move/track_000730,im000023_00-56-52.jpg,move/track_000730/im000023_00-56-52.jpg,58,143,RGB,0.40559440559440557,8294,small_width
move,move/track_000730,im000025_00-56-52.jpg,move/track_000730/im000025_00-56-52.jpg,55,140,RGB,0.39285714285714285,7700,small_width
move,move/track_000730,im000026_00-56-52.jpg,move/track_000730/im000026_00-56-52.jpg,55,141,RGB,0.3900709219858156,7755,small_width
move,move/track_000730,im000027_00-56-52.jpg,move/track_000730/im000027_00-56-52.jpg,49,135,RGB,0.362962962962963,6615,small_width
move,move/track_000730,im000028_00-56-52.jpg,move/track_000730/im000028_00-56-52.jpg,47,129,RGB,0.3643410852713178,6063,small_width
move,move/track_000730,im000029_00-56-52.jpg,move/track_000730/im000029_00-56-52.jpg,49,126,RGB,0.3888888888888889,6174,small_width
move,move/track_000730,im000030_00-56-52.jpg,move/track_000730/im000030_00-56-52.jpg,48,118,RGB,0.4067796610169492,5664,small_width
move,move/track_000730,im000031_00-56-52.jpg,move/track_000730/im000031_00-56-52.jpg,48,117,RGB,0.41025641025641024,5616,small_width
move,move/track_000730,im000032_00-56-53.jpg,move/track_000730/im000032_00-56-53.jpg,47,116,RGB,0.4051724137931034,5452,small_width
move,move/track_000730,im000033_00-56-53.jpg,move/track_000730/im000033_00-56-53.jpg,47,116,RGB,0.4051724137931034,5452,small_width
move,move/track_000730,im000034_00-56-53.jpg,move/track_000730/im000034_00-56-53.jpg,46,117,RGB,0.39316239316239315,5382,small_width
move,move/track_000730,im000035_00-56-53.jpg,move/track_000730/im000035_00-56-53.jpg,48,118,RGB,0.4067796610169492,5664,small_width
move,move/track_000730,im000036_00-56-53.jpg,move/track_000730/im000036_00-56-53.jpg,47,116,RGB,0.4051724137931034,5452,small_width
move,move/track_000730,im000037_00-56-53.jpg,move/track_000730/im000037_00-56-53.jpg,50,116,RGB,0.43103448275862066,5800,small_width
move,move/track_000730,im000038_00-56-53.jpg,move/track_000730/im000038_00-56-53.jpg,42,117,RGB,0.358974358974359,4914,small_width
move,move/track_000730,im000039_00-56-53.jpg,move/track_000730/im000039_00-56-53.jpg,40,117,RGB,0.3418803418803419,4680,small_width
move,move/track_000730,im000040_00-56-54.jpg,move/track_000730/im000040_00-56-54.jpg,31,115,RGB,0.26956521739130435,3565,small_width
move,move/track_000745,im000076_00-57-58.jpg,move/track_000745/im000076_00-57-58.jpg,338,92,RGB,3.6739130434782608,31096,high_aspect
move,move/track_001128,im000001_00-40-02.jpg,move/track_001128/im000001_00-40-02.jpg,58,65,RGB,0.8923076923076924,3770,small_width
move,move/track_001128,im000002_00-40-02.jpg,move/track_001128/im000002_00-40-02.jpg,61,74,RGB,0.8243243243243243,4514,small_width
move,move/track_001128,im000003_00-40-02.jpg,move/track_001128/im000003_00-40-02.jpg,57,71,RGB,0.8028169014084507,4047,small_width
move,move/track_001128,im000004_00-40-02.jpg,move/track_001128/im000004_00-40-02.jpg,62,70,RGB,0.8857142857142857,4340,small_width
move,move/track_001128,im000005_00-40-02.jpg,move/track_001128/im000005_00-40-02.jpg,57,95,RGB,0.6,5415,small_width
move,move/track_001128,im000006_00-40-02.jpg,move/track_001128/im000006_00-40-02.jpg,57,89,RGB,0.6404494382022472,5073,small_width
move,move/track_001128,im000007_00-40-02.jpg,move/track_001128/im000007_00-40-02.jpg,50,98,RGB,0.5102040816326531,4900,small_width
move,move/track_001128,im000008_00-40-02.jpg,move/track_001128/im000008_00-40-02.jpg,48,115,RGB,0.41739130434782606,5520,small_width
move,move/track_001128,im000009_00-40-02.jpg,move/track_001128/im000009_00-40-02.jpg,51,122,RGB,0.4180327868852459,6222,small_width
move,move/track_001128,im000010_00-40-02.jpg,move/track_001128/im000010_00-40-02.jpg,58,122,RGB,0.47540983606557374,7076,small_width
move,move/track_001128,im000011_00-40-02.jpg,move/track_001128/im000011_00-40-02.jpg,62,122,RGB,0.5081967213114754,7564,small_width
move,move/track_001128,im000012_00-40-02.jpg,move/track_001128/im000012_00-40-02.jpg,62,123,RGB,0.5040650406504065,7626,small_width
move,move/track_001128,im000013_00-40-03.jpg,move/track_001128/im000013_00-40-03.jpg,61,123,RGB,0.4959349593495935,7503,small_width
move,move/track_001128,im000014_00-40-03.jpg,move/track_001128/im000014_00-40-03.jpg,59,125,RGB,0.472,7375,small_width
move,move/track_001128,im000015_00-40-03.jpg,move/track_001128/im000015_00-40-03.jpg,61,130,RGB,0.46923076923076923,7930,small_width
move,move/track_001290,im000060_00-44-40.jpg,move/track_001290/im000060_00-44-40.jpg,60,133,RGB,0.45112781954887216,7980,small_width
move,move/track_001290,im000061_00-44-40.jpg,move/track_001290/im000061_00-44-40.jpg,55,141,RGB,0.3900709219858156,7755,small_width
move,move/track_001290,im000062_00-44-40.jpg,move/track_001290/im000062_00-44-40.jpg,59,135,RGB,0.43703703703703706,7965,small_width
move,move/track_001290,im000063_00-44-40.jpg,move/track_001290/im000063_00-44-40.jpg,52,134,RGB,0.3880597014925373,6968,small_width
move,move/track_001290,im000064_00-44-40.jpg,move/track_001290/im000064_00-44-40.jpg,50,132,RGB,0.3787878787878788,6600,small_width
move,move/track_001290,im000065_00-44-40.jpg,move/track_001290/im000065_00-44-40.jpg,50,129,RGB,0.3875968992248062,6450,small_width
move,move/track_001290,im000066_00-44-40.jpg,move/track_001290/im000066_00-44-40.jpg,43,129,RGB,0.3333333333333333,5547,small_width
move,move/track_001302,im000001_00-45-20.jpg,move/track_001302/im000001_00-45-20.jpg,54,144,RGB,0.375,7776,small_width
move,move/track_001302,im000002_00-45-20.jpg,move/track_001302/im000002_00-45-20.jpg,54,136,RGB,0.39705882352941174,7344,small_width
move,move/track_001302,im000003_00-45-20.jpg,move/track_001302/im000003_00-45-20.jpg,56,142,RGB,0.39436619718309857,7952,small_width
move,move/track_001302,im000004_00-45-20.jpg,move/track_001302/im000004_00-45-20.jpg,55,147,RGB,0.3741496598639456,8085,small_width
move,move/track_001302,im000005_00-45-20.jpg,move/track_001302/im000005_00-45-20.jpg,54,149,RGB,0.3624161073825503,8046,small_width
move,move/track_001302,im000006_00-45-21.jpg,move/track_001302/im000006_00-45-21.jpg,59,150,RGB,0.3933333333333333,8850,small_width
move,move/track_001302,im000007_00-45-21.jpg,move/track_001302/im000007_00-45-21.jpg,60,159,RGB,0.37735849056603776,9540,small_width
move,move/track_002239,im000001_01-14-58.jpg,move/track_002239/im000001_01-14-58.jpg,32,70,RGB,0.45714285714285713,2240,small_width
move,move/track_002239,im000002_01-14-58.jpg,move/track_002239/im000002_01-14-58.jpg,31,70,RGB,0.44285714285714284,2170,small_width
move,move/track_002239,im000003_01-14-58.jpg,move/track_002239/im000003_01-14-58.jpg,32,75,RGB,0.4266666666666667,2400,small_width
move,move/track_002239,im000004_01-14-58.jpg,move/track_002239/im000004_01-14-58.jpg,31,75,RGB,0.41333333333333333,2325,small_width
move,move/track_002239,im000005_01-14-58.jpg,move/track_002239/im000005_01-14-58.jpg,31,76,RGB,0.40789473684210525,2356,small_width
move,move/track_002239,im000006_01-14-58.jpg,move/track_002239/im000006_01-14-58.jpg,32,77,RGB,0.4155844155844156,2464,small_width
move,move/track_002239,im000007_01-14-58.jpg,move/track_002239/im000007_01-14-58.jpg,33,81,RGB,0.4074074074074074,2673,small_width
move,move/track_002239,im000008_01-14-58.jpg,move/track_002239/im000008_01-14-58.jpg,33,81,RGB,0.4074074074074074,2673,small_width
move,move/track_002239,im000009_01-14-59.jpg,move/track_002239/im000009_01-14-59.jpg,33,83,RGB,0.39759036144578314,2739,small_width
move,move/track_002239,im000010_01-14-59.jpg,move/track_002239/im000010_01-14-59.jpg,33,85,RGB,0.38823529411764707,2805,small_width
move,move/track_002239,im000011_01-14-59.jpg,move/track_002239/im000011_01-14-59.jpg,34,87,RGB,0.39080459770114945,2958,small_width
move,move/track_002239,im000012_01-14-59.jpg,move/track_002239/im000012_01-14-59.jpg,35,87,RGB,0.40229885057471265,3045,small_width
move,move/track_002239,im000013_01-14-59.jpg,move/track_002239/im000013_01-14-59.jpg,34,86,RGB,0.3953488372093023,2924,small_width
move,move/track_002239,im000014_01-14-59.jpg,move/track_002239/im000014_01-14-59.jpg,35,89,RGB,0.39325842696629215,3115,small_width
move,move/track_002239,im000015_01-14-59.jpg,move/track_002239/im000015_01-14-59.jpg,34,91,RGB,0.37362637362637363,3094,small_width
move,move/track_002239,im000016_01-14-59.jpg,move/track_002239/im000016_01-14-59.jpg,33,89,RGB,0.3707865168539326,2937,small_width
move,move/track_002239,im000017_01-14-59.jpg,move/track_002239/im000017_01-14-59.jpg,32,96,RGB,0.3333333333333333,3072,small_width
move,move/track_002239,im000018_01-14-59.jpg,move/track_002239/im000018_01-14-59.jpg,30,92,RGB,0.32608695652173914,2760,small_width
move,move/track_002239,im000019_01-14-59.jpg,move/track_002239/im000019_01-14-59.jpg,34,91,RGB,0.37362637362637363,3094,small_width
move,move/track_002239,im000020_01-14-59.jpg,move/track_002239/im000020_01-14-59.jpg,32,93,RGB,0.34408602150537637,2976,small_width
move,move/track_002239,im000021_01-15-00.jpg,move/track_002239/im000021_01-15-00.jpg,30,90,RGB,0.3333333333333333,2700,small_width
move,move/track_002239,im000022_01-15-00.jpg,move/track_002239/im000022_01-15-00.jpg,32,92,RGB,0.34782608695652173,2944,small_width
move,move/track_002239,im000023_01-15-00.jpg,move/track_002239/im000023_01-15-00.jpg,33,90,RGB,0.36666666666666664,2970,small_width
move,move/track_002239,im000024_01-15-00.jpg,move/track_002239/im000024_01-15-00.jpg,35,91,RGB,0.38461538461538464,3185,small_width
move,move/track_002239,im000025_01-15-00.jpg,move/track_002239/im000025_01-15-00.jpg,36,94,RGB,0.3829787234042553,3384,small_width
move,move/track_002239,im000026_01-15-00.jpg,move/track_002239/im000026_01-15-00.jpg,35,95,RGB,0.3684210526315789,3325,small_width
move,move/track_002239,im000027_01-15-00.jpg,move/track_002239/im000027_01-15-00.jpg,35,97,RGB,0.36082474226804123,3395,small_width
move,move/track_002239,im000028_01-15-00.jpg,move/track_002239/im000028_01-15-00.jpg,35,100,RGB,0.35,3500,small_width
move,move/track_002239,im000029_01-15-00.jpg,move/track_002239/im000029_01-15-00.jpg,36,99,RGB,0.36363636363636365,3564,small_width
move,move/track_002239,im000030_01-15-00.jpg,move/track_002239/im000030_01-15-00.jpg,41,101,RGB,0.40594059405940597,4141,small_width
move,move/track_002239,im000031_01-15-00.jpg,move/track_002239/im000031_01-15-00.jpg,38,101,RGB,0.37623762376237624,3838,small_width
move,move/track_002239,im000032_01-15-00.jpg,move/track_002239/im000032_01-15-00.jpg,39,102,RGB,0.38235294117647056,3978,small_width
move,move/track_002239,im000033_01-15-01.jpg,move/track_002239/im000033_01-15-01.jpg,38,107,RGB,0.35514018691588783,4066,small_width
move,move/track_002239,im000034_01-15-01.jpg,move/track_002239/im000034_01-15-01.jpg,40,98,RGB,0.40816326530612246,3920,small_width
move,move/track_002239,im000035_01-15-01.jpg,move/track_002239/im000035_01-15-01.jpg,38,98,RGB,0.3877551020408163,3724,small_width
move,move/track_002239,im000036_01-15-01.jpg,move/track_002239/im000036_01-15-01.jpg,37,93,RGB,0.3978494623655914,3441,small_width
move,move/track_002239,im000037_01-15-01.jpg,move/track_002239/im000037_01-15-01.jpg,37,84,RGB,0.44047619047619047,3108,small_width
work,work/(25),0 (1).jpg,work/(25)/0 (1).jpg,51,114,RGB,0.4473684210526316,5814,small_width
work,work/(25),0 (10).jpg,work/(25)/0 (10).jpg,58,113,RGB,0.5132743362831859,6554,small_width
work,work/(25),0 (11).jpg,work/(25)/0 (11).jpg,62,118,RGB,0.5254237288135594,7316,small_width
work,work/(25),0 (15).jpg,work/(25)/0 (15).jpg,63,106,RGB,0.5943396226415094,6678,small_width
work,work/(25),0 (2).jpg,work/(25)/0 (2).jpg,49,114,RGB,0.4298245614035088,5586,small_width
work,work/(25),0 (3).jpg,work/(25)/0 (3).jpg,52,115,RGB,0.45217391304347826,5980,small_width
work,work/(25),0 (4).jpg,work/(25)/0 (4).jpg,55,115,RGB,0.4782608695652174,6325,small_width
work,work/(25),0 (5).jpg,work/(25)/0 (5).jpg,57,115,RGB,0.4956521739130435,6555,small_width
work,work/(25),0 (6).jpg,work/(25)/0 (6).jpg,61,139,RGB,0.43884892086330934,8479,small_width
work,work/(25),0 (7).jpg,work/(25)/0 (7).jpg,60,117,RGB,0.5128205128205128,7020,small_width
work,work/(25),0 (8).jpg,work/(25)/0 (8).jpg,58,113,RGB,0.5132743362831859,6554,small_width
work,work/(25),0 (9).jpg,work/(25)/0 (9).jpg,60,117,RGB,0.5128205128205128,7020,small_width
work,work/(25),0_im1.jpg,work/(25)/0_im1.jpg,63,106,RGB,0.5943396226415094,6678,small_width
work,work/(25),2_im1.jpg,work/(25)/2_im1.jpg,60,95,RGB,0.631578947368421,5700,small_width
work,work/(25),2_im2.jpg,work/(25)/2_im2.jpg,59,96,RGB,0.6145833333333334,5664,small_width
work,work/(25),2_im3.jpg,work/(25)/2_im3.jpg,60,94,RGB,0.6382978723404256,5640,small_width
work,work/(25),2_im4.jpg,work/(25)/2_im4.jpg,58,93,RGB,0.6236559139784946,5394,small_width
work,work/(25),2_im5.jpg,work/(25)/2_im5.jpg,58,91,RGB,0.6373626373626373,5278,small_width
work,work/(25),2_im6.jpg,work/(25)/2_im6.jpg,56,93,RGB,0.6021505376344086,5208,small_width
work,work/(25),2_im7.jpg,work/(25)/2_im7.jpg,61,95,RGB,0.6421052631578947,5795,small_width
work,work/(25),2_im8.jpg,work/(25)/2_im8.jpg,62,95,RGB,0.6526315789473685,5890,small_width
work,work/(25),3_im1.jpg,work/(25)/3_im1.jpg,61,95,RGB,0.6421052631578947,5795,small_width
work,work/(25),3_im2.jpg,work/(25)/3_im2.jpg,62,95,RGB,0.6526315789473685,5890,small_width
work,work/(25),3_im3.jpg,work/(25)/3_im3.jpg,58,97,RGB,0.5979381443298969,5626,small_width
work,work/(25),3_im4.jpg,work/(25)/3_im4.jpg,59,96,RGB,0.6145833333333334,5664,small_width
work,work/(25),3_im5.jpg,work/(25)/3_im5.jpg,61,95,RGB,0.6421052631578947,5795,small_width
work,work/(25),3_im6.jpg,work/(25)/3_im6.jpg,62,97,RGB,0.6391752577319587,6014,small_width
work,work/(25),3_im7.jpg,work/(25)/3_im7.jpg,61,98,RGB,0.6224489795918368,5978,small_width
work,work/(25),3_im8.jpg,work/(25)/3_im8.jpg,63,100,RGB,0.63,6300,small_width
work,work/(25),3_im99999999.jpg,work/(25)/3_im99999999.jpg,63,89,RGB,0.7078651685393258,5607,small_width
work,work/(25),4_im3.jpg,work/(25)/4_im3.jpg,62,90,RGB,0.6888888888888889,5580,small_width
work,work/(28),0_im1.jpg,work/(28)/0_im1.jpg,56,92,RGB,0.6086956521739131,5152,small_width
work,work/(28),0_im2.jpg,work/(28)/0_im2.jpg,60,89,RGB,0.6741573033707865,5340,small_width
work,work/(28),0_im3.jpg,work/(28)/0_im3.jpg,58,91,RGB,0.6373626373626373,5278,small_width
work,work/(28),0_im4.jpg,work/(28)/0_im4.jpg,57,101,RGB,0.5643564356435643,5757,small_width
work,work/(28),0_im5.jpg,work/(28)/0_im5.jpg,52,123,RGB,0.42276422764227645,6396,small_width
work,work/(28),0_im6.jpg,work/(28)/0_im6.jpg,56,136,RGB,0.4117647058823529,7616,small_width
work,work/(28),0_im7.jpg,work/(28)/0_im7.jpg,54,138,RGB,0.391304347826087,7452,small_width
work,work/(28),0_im8.jpg,work/(28)/0_im8.jpg,54,140,RGB,0.38571428571428573,7560,small_width
work,work/(28),1_im1.jpg,work/(28)/1_im1.jpg,57,134,RGB,0.4253731343283582,7638,small_width
work,work/(28),1_im2.jpg,work/(28)/1_im2.jpg,57,136,RGB,0.41911764705882354,7752,small_width
work,work/(28),1_im3.jpg,work/(28)/1_im3.jpg,55,135,RGB,0.4074074074074074,7425,small_width
work,work/(28),1_im4.jpg,work/(28)/1_im4.jpg,49,132,RGB,0.3712121212121212,6468,small_width
work,work/(28),1_im5.jpg,work/(28)/1_im5.jpg,52,133,RGB,0.39097744360902253,6916,small_width
work,work/(28),1_im6.jpg,work/(28)/1_im6.jpg,53,132,RGB,0.4015151515151515,6996,small_width
work,work/(28),1_im7.jpg,work/(28)/1_im7.jpg,53,132,RGB,0.4015151515151515,6996,small_width
work,work/(28),1_im8.jpg,work/(28)/1_im8.jpg,53,131,RGB,0.40458015267175573,6943,small_width
work,work/(28),2_im1.jpg,work/(28)/2_im1.jpg,53,138,RGB,0.38405797101449274,7314,small_width
work,work/(28),2_im2.jpg,work/(28)/2_im2.jpg,54,133,RGB,0.40601503759398494,7182,small_width
work,work/(28),2_im3.jpg,work/(28)/2_im3.jpg,55,132,RGB,0.4166666666666667,7260,small_width
work,work/(28),2_im4.jpg,work/(28)/2_im4.jpg,51,132,RGB,0.38636363636363635,6732,small_width
work,work/(28),2_im5.jpg,work/(28)/2_im5.jpg,50,143,RGB,0.34965034965034963,7150,small_width
work,work/(28),2_im6.jpg,work/(28)/2_im6.jpg,53,143,RGB,0.3706293706293706,7579,small_width
work,work/(28),2_im7.jpg,work/(28)/2_im7.jpg,53,140,RGB,0.37857142857142856,7420,small_width
work,work/(28),2_im8.jpg,work/(28)/2_im8.jpg,51,140,RGB,0.36428571428571427,7140,small_width
work,work/(28),3_im1.jpg,work/(28)/3_im1.jpg,45,59,RGB,0.7627118644067796,2655,"small_width,small_height"
work,work/(28),3_im2.jpg,work/(28)/3_im2.jpg,52,64,RGB,0.8125,3328,small_width
work,work/(28),3_im3.jpg,work/(28)/3_im3.jpg,47,53,RGB,0.8867924528301887,2491,"small_width,small_height"
work,work/(28),3_im4.jpg,work/(28)/3_im4.jpg,47,54,RGB,0.8703703703703703,2538,"small_width,small_height"
work,work/(28),3_im5.jpg,work/(28)/3_im5.jpg,48,58,RGB,0.8275862068965517,2784,"small_width,small_height"
work,work/(28),3_im6.jpg,work/(28)/3_im6.jpg,49,79,RGB,0.620253164556962,3871,small_width
work,work/(28),3_im7.jpg,work/(28)/3_im7.jpg,50,84,RGB,0.5952380952380952,4200,small_width
work,work/(28),3_im8.jpg,work/(28)/3_im8.jpg,51,92,RGB,0.5543478260869565,4692,small_width
work,work/(28),4_im1.jpg,work/(28)/4_im1.jpg,51,96,RGB,0.53125,4896,small_width
work,work/(28),4_im2.jpg,work/(28)/4_im2.jpg,49,94,RGB,0.5212765957446809,4606,small_width
work,work/(28),4_im3.jpg,work/(28)/4_im3.jpg,49,94,RGB,0.5212765957446809,4606,small_width
work,work/(28),4_im4.jpg,work/(28)/4_im4.jpg,49,94,RGB,0.5212765957446809,4606,small_width
work,work/(28),4_im5.jpg,work/(28)/4_im5.jpg,49,94,RGB,0.5212765957446809,4606,small_width
work,work/(28),4_im6.jpg,work/(28)/4_im6.jpg,50,94,RGB,0.5319148936170213,4700,small_width
work,work/(28),4_im7.jpg,work/(28)/4_im7.jpg,49,94,RGB,0.5212765957446809,4606,small_width
work,work/(28),4_im8.jpg,work/(28)/4_im8.jpg,51,94,RGB,0.5425531914893617,4794,small_width
work,work/(28),5_im1.jpg,work/(28)/5_im1.jpg,54,88,RGB,0.6136363636363636,4752,small_width
work,work/(28),5_im2.jpg,work/(28)/5_im2.jpg,54,88,RGB,0.6136363636363636,4752,small_width
work,work/(28),5_im3.jpg,work/(28)/5_im3.jpg,54,88,RGB,0.6136363636363636,4752,small_width
work,work/(28),5_im4.jpg,work/(28)/5_im4.jpg,53,88,RGB,0.6022727272727273,4664,small_width
work,work/(28),5_im5.jpg,work/(28)/5_im5.jpg,53,89,RGB,0.5955056179775281,4717,small_width
work,work/(28),5_im6.jpg,work/(28)/5_im6.jpg,53,88,RGB,0.6022727272727273,4664,small_width
work,work/(28),5_im7.jpg,work/(28)/5_im7.jpg,53,88,RGB,0.6022727272727273,4664,small_width
work,work/(28),5_im8.jpg,work/(28)/5_im8.jpg,53,88,RGB,0.6022727272727273,4664,small_width
work,work/(31),0_im1.jpg,work/(31)/0_im1.jpg,47,128,RGB,0.3671875,6016,small_width
work,work/(31),0_im2.jpg,work/(31)/0_im2.jpg,54,133,RGB,0.40601503759398494,7182,small_width
work,work/(31),0_im3.jpg,work/(31)/0_im3.jpg,59,136,RGB,0.4338235294117647,8024,small_width
work,work/(31),0_im4.jpg,work/(31)/0_im4.jpg,58,135,RGB,0.42962962962962964,7830,small_width
work,work/(31),0_im5.jpg,work/(31)/0_im5.jpg,53,141,RGB,0.375886524822695,7473,small_width
work,work/(31),0_im6.jpg,work/(31)/0_im6.jpg,61,140,RGB,0.4357142857142857,8540,small_width
work,work/(31),0_im7.jpg,work/(31)/0_im7.jpg,60,136,RGB,0.4411764705882353,8160,small_width
work,work/(31),0_im8.jpg,work/(31)/0_im8.jpg,60,137,RGB,0.43795620437956206,8220,small_width
work,work/(31),1_im2.jpg,work/(31)/1_im2.jpg,63,79,RGB,0.7974683544303798,4977,small_width
work,work/(31),1_im3.jpg,work/(31)/1_im3.jpg,62,80,RGB,0.775,4960,small_width
work,work/(31),1_im4.jpg,work/(31)/1_im4.jpg,60,96,RGB,0.625,5760,small_width
work,work/(31),1_im6.jpg,work/(31)/1_im6.jpg,62,98,RGB,0.6326530612244898,6076,small_width
work,work/(31),1_im7.jpg,work/(31)/1_im7.jpg,63,94,RGB,0.6702127659574468,5922,small_width
work,work/(31),1_im8.jpg,work/(31)/1_im8.jpg,62,94,RGB,0.6595744680851063,5828,small_width
work,work/(32),0_im1.jpg,work/(32)/0_im1.jpg,58,164,RGB,0.35365853658536583,9512,small_width
work,work/(35),4_im7.jpg,work/(35)/4_im7.jpg,63,161,RGB,0.391304347826087,10143,small_width
work,work/1032,im1.jpg,work/1032/im1.jpg,31,104,RGB,0.2980769230769231,3224,small_width
work,work/1032,im2.jpg,work/1032/im2.jpg,30,92,RGB,0.32608695652173914,2760,small_width
work,work/1032,im3.jpg,work/1032/im3.jpg,31,97,RGB,0.31958762886597936,3007,small_width
work,work/1032,im4.jpg,work/1032/im4.jpg,38,92,RGB,0.41304347826086957,3496,small_width
work,work/1032,im5.jpg,work/1032/im5.jpg,40,93,RGB,0.43010752688172044,3720,small_width
work,work/1032,im6.jpg,work/1032/im6.jpg,46,115,RGB,0.4,5290,small_width
work,work/1032,im7.jpg,work/1032/im7.jpg,45,117,RGB,0.38461538461538464,5265,small_width
work,work/1032,im8.jpg,work/1032/im8.jpg,44,116,RGB,0.3793103448275862,5104,small_width
work,work/133_1,im2.jpg,work/133_1/im2.jpg,63,113,RGB,0.5575221238938053,7119,small_width
work,work/133_1,im3.jpg,work/133_1/im3.jpg,63,112,RGB,0.5625,7056,small_width
work,work/133_1,im4.jpg,work/133_1/im4.jpg,56,112,RGB,0.5,6272,small_width
work,work/133_1,im5.jpg,work/133_1/im5.jpg,61,113,RGB,0.5398230088495575,6893,small_width
work,work/133_1,im6.jpg,work/133_1/im6.jpg,61,113,RGB,0.5398230088495575,6893,small_width
work,work/133_1,im7.jpg,work/133_1/im7.jpg,60,115,RGB,0.5217391304347826,6900,small_width
work,work/133_1,im8.jpg,work/133_1/im8.jpg,57,114,RGB,0.5,6498,small_width
work,work/135,im1.jpg,work/135/im1.jpg,50,128,RGB,0.390625,6400,small_width
work,work/135,im2.jpg,work/135/im2.jpg,47,128,RGB,0.3671875,6016,small_width
work,work/135,im3.jpg,work/135/im3.jpg,47,129,RGB,0.3643410852713178,6063,small_width
work,work/135,im4.jpg,work/135/im4.jpg,48,132,RGB,0.36363636363636365,6336,small_width
work,work/135,im5.jpg,work/135/im5.jpg,45,133,RGB,0.3383458646616541,5985,small_width
work,work/135,im6.jpg,work/135/im6.jpg,46,133,RGB,0.3458646616541353,6118,small_width
work,work/135,im7.jpg,work/135/im7.jpg,47,132,RGB,0.3560606060606061,6204,small_width
work,work/135,im8.jpg,work/135/im8.jpg,46,135,RGB,0.34074074074074073,6210,small_width
work,work/1_1,im1.jpg,work/1_1/im1.jpg,54,113,RGB,0.4778761061946903,6102,small_width
work,work/1_1,im2.jpg,work/1_1/im2.jpg,54,113,RGB,0.4778761061946903,6102,small_width
work,work/1_1,im3.jpg,work/1_1/im3.jpg,53,113,RGB,0.4690265486725664,5989,small_width
work,work/1_1,im4.jpg,work/1_1/im4.jpg,55,113,RGB,0.48672566371681414,6215,small_width
work,work/1_1,im5.jpg,work/1_1/im5.jpg,51,114,RGB,0.4473684210526316,5814,small_width
work,work/1_1,im6.jpg,work/1_1/im6.jpg,47,113,RGB,0.415929203539823,5311,small_width
work,work/1_1,im7.jpg,work/1_1/im7.jpg,51,114,RGB,0.4473684210526316,5814,small_width
work,work/1_1,im8.jpg,work/1_1/im8.jpg,49,114,RGB,0.4298245614035088,5586,small_width
work,work/258,im2.jpg,work/258/im2.jpg,62,100,RGB,0.62,6200,small_width
work,work/258,im3.jpg,work/258/im3.jpg,51,98,RGB,0.5204081632653061,4998,small_width
work,work/258,im4.jpg,work/258/im4.jpg,53,94,RGB,0.5638297872340425,4982,small_width
work,work/258,im5.jpg,work/258/im5.jpg,55,98,RGB,0.5612244897959183,5390,small_width
work,work/753,im1.jpg,work/753/im1.jpg,58,138,RGB,0.42028985507246375,8004,small_width
work,work/753,im2.jpg,work/753/im2.jpg,51,139,RGB,0.3669064748201439,7089,small_width
work,work/753,im3.jpg,work/753/im3.jpg,51,136,RGB,0.375,6936,small_width
work,work/753,im4.jpg,work/753/im4.jpg,53,139,RGB,0.381294964028777,7367,small_width
work,work/753,im5.jpg,work/753/im5.jpg,54,130,RGB,0.4153846153846154,7020,small_width
work,work/753,im6.jpg,work/753/im6.jpg,54,127,RGB,0.4251968503937008,6858,small_width
work,work/753,im7.jpg,work/753/im7.jpg,54,129,RGB,0.4186046511627907,6966,small_width
work,work/753,im8.jpg,work/753/im8.jpg,55,128,RGB,0.4296875,7040,small_width
work,work/track_000013,im000001_00-01-34.jpg,work/track_000013/im000001_00-01-34.jpg,48,145,RGB,0.3310344827586207,6960,small_width
work,work/track_000013,im000002_00-01-34.jpg,work/track_000013/im000002_00-01-34.jpg,50,145,RGB,0.3448275862068966,7250,small_width
work,work/track_000013,im000003_00-01-34.jpg,work/track_000013/im000003_00-01-34.jpg,44,142,RGB,0.30985915492957744,6248,small_width
work,work/track_000013,im000004_00-01-34.jpg,work/track_000013/im000004_00-01-34.jpg,44,139,RGB,0.31654676258992803,6116,small_width
work,work/track_000013,im000005_00-01-34.jpg,work/track_000013/im000005_00-01-34.jpg,49,142,RGB,0.34507042253521125,6958,small_width
work,work/track_000013,im000006_00-01-35.jpg,work/track_000013/im000006_00-01-35.jpg,47,141,RGB,0.3333333333333333,6627,small_width
work,work/track_000013,im000007_00-01-35.jpg,work/track_000013/im000007_00-01-35.jpg,48,144,RGB,0.3333333333333333,6912,small_width
work,work/track_000013,im000008_00-01-35.jpg,work/track_000013/im000008_00-01-35.jpg,48,143,RGB,0.3356643356643357,6864,small_width
work,work/track_000013,im000009_00-01-35.jpg,work/track_000013/im000009_00-01-35.jpg,48,145,RGB,0.3310344827586207,6960,small_width
work,work/track_000013,im000010_00-01-35.jpg,work/track_000013/im000010_00-01-35.jpg,48,144,RGB,0.3333333333333333,6912,small_width
work,work/track_000013,im000011_00-01-35.jpg,work/track_000013/im000011_00-01-35.jpg,47,143,RGB,0.32867132867132864,6721,small_width
work,work/track_000013,im000012_00-01-35.jpg,work/track_000013/im000012_00-01-35.jpg,47,144,RGB,0.3263888888888889,6768,small_width
work,work/track_000013,im000013_00-01-35.jpg,work/track_000013/im000013_00-01-35.jpg,45,146,RGB,0.3082191780821918,6570,small_width
work,work/track_000013,im000014_00-01-35.jpg,work/track_000013/im000014_00-01-35.jpg,47,145,RGB,0.32413793103448274,6815,small_width
work,work/track_000013,im000015_00-01-35.jpg,work/track_000013/im000015_00-01-35.jpg,54,139,RGB,0.38848920863309355,7506,small_width
work,work/track_000013,im000016_00-01-35.jpg,work/track_000013/im000016_00-01-35.jpg,52,140,RGB,0.37142857142857144,7280,small_width
work,work/track_000037,im000001_00-01-24.jpg,work/track_000037/im000001_00-01-24.jpg,43,144,RGB,0.2986111111111111,6192,small_width
work,work/track_000037,im000002_00-01-24.jpg,work/track_000037/im000002_00-01-24.jpg,42,146,RGB,0.2876712328767123,6132,small_width
work,work/track_000037,im000003_00-01-24.jpg,work/track_000037/im000003_00-01-24.jpg,44,143,RGB,0.3076923076923077,6292,small_width
work,work/track_000037,im000004_00-01-25.jpg,work/track_000037/im000004_00-01-25.jpg,44,143,RGB,0.3076923076923077,6292,small_width
work,work/track_000037,im000005_00-01-25.jpg,work/track_000037/im000005_00-01-25.jpg,44,149,RGB,0.2953020134228188,6556,small_width
work,work/track_000037,im000006_00-01-25.jpg,work/track_000037/im000006_00-01-25.jpg,43,149,RGB,0.28859060402684567,6407,small_width
work,work/track_000037,im000007_00-01-25.jpg,work/track_000037/im000007_00-01-25.jpg,44,151,RGB,0.2913907284768212,6644,small_width
work,work/track_000037,im000008_00-01-25.jpg,work/track_000037/im000008_00-01-25.jpg,43,151,RGB,0.2847682119205298,6493,small_width
work,work/track_000037,im000009_00-01-25.jpg,work/track_000037/im000009_00-01-25.jpg,43,157,RGB,0.27388535031847133,6751,small_width
work,work/track_000037,im000010_00-01-25.jpg,work/track_000037/im000010_00-01-25.jpg,43,153,RGB,0.28104575163398693,6579,small_width
work,work/track_000037,im000011_00-01-25.jpg,work/track_000037/im000011_00-01-25.jpg,39,149,RGB,0.26174496644295303,5811,small_width
work,work/track_000037,im000012_00-01-25.jpg,work/track_000037/im000012_00-01-25.jpg,38,151,RGB,0.25165562913907286,5738,small_width
work,work/track_000037,im000013_00-01-25.jpg,work/track_000037/im000013_00-01-25.jpg,39,143,RGB,0.2727272727272727,5577,small_width
work,work/track_00017wr_21321321,im_03-32-19_22.jpg,work/track_00017wr_21321321/im_03-32-19_22.jpg,62,178,RGB,0.34831460674157305,11036,small_width
work,work/track_00017wr_21321321,im_03-32-19_23.jpg,work/track_00017wr_21321321/im_03-32-19_23.jpg,55,175,RGB,0.3142857142857143,9625,small_width
work,work/track_00017wr_21321321,im_03-32-19_24.jpg,work/track_00017wr_21321321/im_03-32-19_24.jpg,57,174,RGB,0.3275862068965517,9918,small_width
work,work/track_00017wr_21321321,im_03-32-19_25.jpg,work/track_00017wr_21321321/im_03-32-19_25.jpg,57,174,RGB,0.3275862068965517,9918,small_width
work,work/track_00017wr_21321321,im_03-32-19_26.jpg,work/track_00017wr_21321321/im_03-32-19_26.jpg,58,169,RGB,0.3431952662721893,9802,small_width
work,work/track_00017wr_21321321,im_03-32-19_27.jpg,work/track_00017wr_21321321/im_03-32-19_27.jpg,58,166,RGB,0.3493975903614458,9628,small_width
work,work/track_00017wr_21321321,im_03-32-19_28.jpg,work/track_00017wr_21321321/im_03-32-19_28.jpg,56,173,RGB,0.3236994219653179,9688,small_width
work,work/track_00017wr_21321321,im_03-32-19_29.jpg,work/track_00017wr_21321321/im_03-32-19_29.jpg,52,142,RGB,0.36619718309859156,7384,small_width
work,work/track_00017wr_21321321,im_03-32-20_30.jpg,work/track_00017wr_21321321/im_03-32-20_30.jpg,53,142,RGB,0.3732394366197183,7526,small_width
work,work/track_00017wr_21321321,im_03-32-20_31.jpg,work/track_00017wr_21321321/im_03-32-20_31.jpg,55,135,RGB,0.4074074074074074,7425,small_width
work,work/track_00017wr_21321321,im_03-32-20_32.jpg,work/track_00017wr_21321321/im_03-32-20_32.jpg,56,137,RGB,0.40875912408759124,7672,small_width
work,work/track_00017wr_21321321,im_03-32-20_33.jpg,work/track_00017wr_21321321/im_03-32-20_33.jpg,58,137,RGB,0.4233576642335766,7946,small_width
work,work/track_00017wr_21321321,im_03-32-20_34.jpg,work/track_00017wr_21321321/im_03-32-20_34.jpg,63,148,RGB,0.42567567567567566,9324,small_width
work,work/track_000242,im000001_00-13-54.jpg,work/track_000242/im000001_00-13-54.jpg,56,112,RGB,0.5,6272,small_width
work,work/track_000242,im000002_00-13-54.jpg,work/track_000242/im000002_00-13-54.jpg,54,75,RGB,0.72,4050,small_width
work,work/track_000242,im000003_00-13-54.jpg,work/track_000242/im000003_00-13-54.jpg,55,80,RGB,0.6875,4400,small_width
work,work/track_000242,im000004_00-13-55.jpg,work/track_000242/im000004_00-13-55.jpg,56,80,RGB,0.7,4480,small_width
work,work/track_000242,im000005_00-13-55.jpg,work/track_000242/im000005_00-13-55.jpg,53,82,RGB,0.6463414634146342,4346,small_width
work,work/track_000242,im000006_00-13-55.jpg,work/track_000242/im000006_00-13-55.jpg,53,82,RGB,0.6463414634146342,4346,small_width
work,work/track_000242,im000007_00-13-55.jpg,work/track_000242/im000007_00-13-55.jpg,53,81,RGB,0.654320987654321,4293,small_width
work,work/track_000242,im000008_00-13-55.jpg,work/track_000242/im000008_00-13-55.jpg,54,82,RGB,0.6585365853658537,4428,small_width
work,work/track_000242,im000009_00-13-55.jpg,work/track_000242/im000009_00-13-55.jpg,54,82,RGB,0.6585365853658537,4428,small_width
work,work/track_000242,im000010_00-13-55.jpg,work/track_000242/im000010_00-13-55.jpg,55,83,RGB,0.6626506024096386,4565,small_width
work,work/track_000242,im000011_00-13-55.jpg,work/track_000242/im000011_00-13-55.jpg,60,86,RGB,0.6976744186046512,5160,small_width
work,work/track_000242,im000012_00-13-55.jpg,work/track_000242/im000012_00-13-55.jpg,63,85,RGB,0.7411764705882353,5355,small_width
work,work/track_000242,im000029_00-13-57.jpg,work/track_000242/im000029_00-13-57.jpg,56,110,RGB,0.509090909090909,6160,small_width
work,work/track_000242,im000030_00-13-57.jpg,work/track_000242/im000030_00-13-57.jpg,59,112,RGB,0.5267857142857143,6608,small_width
work,work/track_000242,im000031_00-13-57.jpg,work/track_000242/im000031_00-13-57.jpg,63,85,RGB,0.7411764705882353,5355,small_width
work,work/track_000242,im000035_00-13-58.jpg,work/track_000242/im000035_00-13-58.jpg,57,111,RGB,0.5135135135135135,6327,small_width
work,work/track_000242,im000036_00-13-58.jpg,work/track_000242/im000036_00-13-58.jpg,58,113,RGB,0.5132743362831859,6554,small_width
work,work/track_000242,im000037_00-13-58.jpg,work/track_000242/im000037_00-13-58.jpg,62,112,RGB,0.5535714285714286,6944,small_width
work,work/track_000242,im000042_00-13-58.jpg,work/track_000242/im000042_00-13-58.jpg,63,111,RGB,0.5675675675675675,6993,small_width
work,work/track_000242,im000047_00-13-59.jpg,work/track_000242/im000047_00-13-59.jpg,62,89,RGB,0.6966292134831461,5518,small_width
work,work/track_000242,im000049_00-13-59.jpg,work/track_000242/im000049_00-13-59.jpg,52,89,RGB,0.5842696629213483,4628,small_width
work,work/track_000242,im000050_00-13-59.jpg,work/track_000242/im000050_00-13-59.jpg,51,87,RGB,0.5862068965517241,4437,small_width
work,work/track_000242,im000051_00-13-59.jpg,work/track_000242/im000051_00-13-59.jpg,55,90,RGB,0.6111111111111112,4950,small_width
work,work/track_000242,im000052_00-13-59.jpg,work/track_000242/im000052_00-13-59.jpg,58,90,RGB,0.6444444444444445,5220,small_width
work,work/track_000242,im000053_00-13-59.jpg,work/track_000242/im000053_00-13-59.jpg,58,91,RGB,0.6373626373626373,5278,small_width
work,work/track_000242,im000054_00-13-59.jpg,work/track_000242/im000054_00-13-59.jpg,59,89,RGB,0.6629213483146067,5251,small_width
work,work/track_000242,im000055_00-13-59.jpg,work/track_000242/im000055_00-13-59.jpg,63,90,RGB,0.7,5670,small_width
work,work/track_000242,im000069_00-14-01.jpg,work/track_000242/im000069_00-14-01.jpg,63,85,RGB,0.7411764705882353,5355,small_width
work,work/track_000242,im000070_00-14-01.jpg,work/track_000242/im000070_00-14-01.jpg,62,84,RGB,0.7380952380952381,5208,small_width
work,work/track_000242,im000074_00-14-02.jpg,work/track_000242/im000074_00-14-02.jpg,55,104,RGB,0.5288461538461539,5720,small_width
work,work/track_000242,im000075_00-14-02.jpg,work/track_000242/im000075_00-14-02.jpg,56,101,RGB,0.5544554455445545,5656,small_width
work,work/track_000242,im000076_00-14-02.jpg,work/track_000242/im000076_00-14-02.jpg,58,100,RGB,0.58,5800,small_width
work,work/track_000248,im000043_00-14-53.jpg,work/track_000248/im000043_00-14-53.jpg,63,183,RGB,0.3442622950819672,11529,small_width
work,work/track_000248,im000049_00-14-53.jpg,work/track_000248/im000049_00-14-53.jpg,61,185,RGB,0.32972972972972975,11285,small_width
work,work/track_000248,im000050_00-14-53.jpg,work/track_000248/im000050_00-14-53.jpg,63,185,RGB,0.34054054054054056,11655,small_width
work,work/track_000248,im000051_00-14-53.jpg,work/track_000248/im000051_00-14-53.jpg,63,188,RGB,0.3351063829787234,11844,small_width
work,work/track_000248,im000052_00-14-53.jpg,work/track_000248/im000052_00-14-53.jpg,62,189,RGB,0.328042328042328,11718,small_width
work,work/track_000248,im000053_00-14-54.jpg,work/track_000248/im000053_00-14-54.jpg,62,188,RGB,0.32978723404255317,11656,small_width
work,work/track_000248,im000055_00-14-54.jpg,work/track_000248/im000055_00-14-54.jpg,63,185,RGB,0.34054054054054056,11655,small_width
work,work/track_000248,im000056_00-14-54.jpg,work/track_000248/im000056_00-14-54.jpg,63,185,RGB,0.34054054054054056,11655,small_width
work,work/track_000248,im000057_00-14-54.jpg,work/track_000248/im000057_00-14-54.jpg,63,185,RGB,0.34054054054054056,11655,small_width
work,work/track_000248,im000071_00-14-55.jpg,work/track_000248/im000071_00-14-55.jpg,63,190,RGB,0.33157894736842103,11970,small_width
work,work/track_000248,im000073_00-14-55.jpg,work/track_000248/im000073_00-14-55.jpg,63,190,RGB,0.33157894736842103,11970,small_width
work,work/track_000248,im000075_00-14-55.jpg,work/track_000248/im000075_00-14-55.jpg,55,186,RGB,0.2956989247311828,10230,small_width
work,work/track_000248,im000076_00-14-55.jpg,work/track_000248/im000076_00-14-55.jpg,61,184,RGB,0.33152173913043476,11224,small_width
work,work/track_000248,im000079_00-14-56.jpg,work/track_000248/im000079_00-14-56.jpg,63,179,RGB,0.35195530726256985,11277,small_width
work,work/track_000248,im000111_00-14-58.jpg,work/track_000248/im000111_00-14-58.jpg,61,112,RGB,0.5446428571428571,6832,small_width
work,work/track_000248,im000112_00-14-58.jpg,work/track_000248/im000112_00-14-58.jpg,55,117,RGB,0.4700854700854701,6435,small_width
work,work/track_000248,im000113_00-14-59.jpg,work/track_000248/im000113_00-14-59.jpg,58,177,RGB,0.327683615819209,10266,small_width
work,work/track_000249,im000624_00-15-42.jpg,work/track_000249/im000624_00-15-42.jpg,50,140,RGB,0.35714285714285715,7000,small_width
work,work/track_000249,im000625_00-15-42.jpg,work/track_000249/im000625_00-15-42.jpg,49,136,RGB,0.3602941176470588,6664,small_width
work,work/track_000254,im000001_00-15-09.jpg,work/track_000254/im000001_00-15-09.jpg,55,152,RGB,0.3618421052631579,8360,small_width
work,work/track_000254,im000002_00-15-09.jpg,work/track_000254/im000002_00-15-09.jpg,53,156,RGB,0.33974358974358976,8268,small_width
work,work/track_000254,im000003_00-15-09.jpg,work/track_000254/im000003_00-15-09.jpg,58,157,RGB,0.36942675159235666,9106,small_width
work,work/track_000254,im000004_00-15-09.jpg,work/track_000254/im000004_00-15-09.jpg,57,156,RGB,0.36538461538461536,8892,small_width
work,work/track_000254,im000005_00-15-09.jpg,work/track_000254/im000005_00-15-09.jpg,59,156,RGB,0.3782051282051282,9204,small_width
work,work/track_000254,im000006_00-15-09.jpg,work/track_000254/im000006_00-15-09.jpg,59,154,RGB,0.38311688311688313,9086,small_width
work,work/track_000254,im000007_00-15-09.jpg,work/track_000254/im000007_00-15-09.jpg,61,154,RGB,0.3961038961038961,9394,small_width
work,work/track_000254,im000014_00-15-10.jpg,work/track_000254/im000014_00-15-10.jpg,58,158,RGB,0.3670886075949367,9164,small_width
work,work/track_000254,im000018_00-15-10.jpg,work/track_000254/im000018_00-15-10.jpg,63,160,RGB,0.39375,10080,small_width
work,work/track_000254,im000019_00-15-10.jpg,work/track_000254/im000019_00-15-10.jpg,63,159,RGB,0.39622641509433965,10017,small_width
work,work/track_000254,im000020_00-15-10.jpg,work/track_000254/im000020_00-15-10.jpg,59,161,RGB,0.36645962732919257,9499,small_width
work,work/track_000254,im000021_00-15-10.jpg,work/track_000254/im000021_00-15-10.jpg,56,158,RGB,0.35443037974683544,8848,small_width
work,work/track_000254,im000022_00-15-10.jpg,work/track_000254/im000022_00-15-10.jpg,57,158,RGB,0.36075949367088606,9006,small_width
work,work/track_000254,im000023_00-15-11.jpg,work/track_000254/im000023_00-15-11.jpg,63,161,RGB,0.391304347826087,10143,small_width
work,work/track_000254,im000024_00-15-11.jpg,work/track_000254/im000024_00-15-11.jpg,63,160,RGB,0.39375,10080,small_width
work,work/track_000254,im000025_00-15-11.jpg,work/track_000254/im000025_00-15-11.jpg,61,158,RGB,0.3860759493670886,9638,small_width
work,work/track_000254,im000026_00-15-11.jpg,work/track_000254/im000026_00-15-11.jpg,60,159,RGB,0.37735849056603776,9540,small_width
work,work/track_000254,im000027_00-15-11.jpg,work/track_000254/im000027_00-15-11.jpg,61,158,RGB,0.3860759493670886,9638,small_width
work,work/track_000254,im000033_00-15-11.jpg,work/track_000254/im000033_00-15-11.jpg,58,160,RGB,0.3625,9280,small_width
work,work/track_000254,im000034_00-15-11.jpg,work/track_000254/im000034_00-15-11.jpg,58,161,RGB,0.36024844720496896,9338,small_width
work,work/track_000254,im000035_00-15-12.jpg,work/track_000254/im000035_00-15-12.jpg,56,158,RGB,0.35443037974683544,8848,small_width
work,work/track_000254,im000036_00-15-12.jpg,work/track_000254/im000036_00-15-12.jpg,53,156,RGB,0.33974358974358976,8268,small_width
work,work/track_000254,im000037_00-15-12.jpg,work/track_000254/im000037_00-15-12.jpg,54,153,RGB,0.35294117647058826,8262,small_width
work,work/track_000254,im000038_00-15-12.jpg,work/track_000254/im000038_00-15-12.jpg,58,155,RGB,0.3741935483870968,8990,small_width
work,work/track_000254,im000039_00-15-12.jpg,work/track_000254/im000039_00-15-12.jpg,57,154,RGB,0.37012987012987014,8778,small_width
work,work/track_000254,im000040_00-15-12.jpg,work/track_000254/im000040_00-15-12.jpg,60,155,RGB,0.3870967741935484,9300,small_width
work,work/track_000254,im000041_00-15-12.jpg,work/track_000254/im000041_00-15-12.jpg,61,116,RGB,0.5258620689655172,7076,small_width
work,work/track_000254,im000042_00-15-12.jpg,work/track_000254/im000042_00-15-12.jpg,59,68,RGB,0.8676470588235294,4012,small_width
work,work/track_000254,im000043_00-15-12.jpg,work/track_000254/im000043_00-15-12.jpg,54,79,RGB,0.6835443037974683,4266,small_width
work,work/track_000254,im000044_00-15-12.jpg,work/track_000254/im000044_00-15-12.jpg,57,97,RGB,0.5876288659793815,5529,small_width
work,work/track_000254,im000046_00-15-12.jpg,work/track_000254/im000046_00-15-12.jpg,63,105,RGB,0.6,6615,small_width
work,work/track_000254,im000047_00-15-13.jpg,work/track_000254/im000047_00-15-13.jpg,61,105,RGB,0.580952380952381,6405,small_width
work,work/track_000254,im000048_00-15-13.jpg,work/track_000254/im000048_00-15-13.jpg,62,107,RGB,0.5794392523364486,6634,small_width
work,work/track_00026,im_06-35-36_1.jpg,work/track_00026/im_06-35-36_1.jpg,58,98,RGB,0.5918367346938775,5684,small_width
work,work/track_000267,im000001_00-23-37.jpg,work/track_000267/im000001_00-23-37.jpg,47,128,RGB,0.3671875,6016,small_width
work,work/track_000267,im000002_00-23-38.jpg,work/track_000267/im000002_00-23-38.jpg,54,133,RGB,0.40601503759398494,7182,small_width
work,work/track_000267,im000003_00-23-38.jpg,work/track_000267/im000003_00-23-38.jpg,59,136,RGB,0.4338235294117647,8024,small_width
work,work/track_000267,im000004_00-23-38.jpg,work/track_000267/im000004_00-23-38.jpg,58,135,RGB,0.42962962962962964,7830,small_width
work,work/track_000267,im000005_00-23-38.jpg,work/track_000267/im000005_00-23-38.jpg,53,141,RGB,0.375886524822695,7473,small_width
work,work/track_000267,im000006_00-23-38.jpg,work/track_000267/im000006_00-23-38.jpg,61,140,RGB,0.4357142857142857,8540,small_width
work,work/track_000267,im000007_00-23-38.jpg,work/track_000267/im000007_00-23-38.jpg,60,136,RGB,0.4411764705882353,8160,small_width
work,work/track_000267,im000008_00-23-38.jpg,work/track_000267/im000008_00-23-38.jpg,60,137,RGB,0.43795620437956206,8220,small_width
work,work/track_000267,im000009_00-23-38.jpg,work/track_000267/im000009_00-23-38.jpg,56,136,RGB,0.4117647058823529,7616,small_width
work,work/track_000267,im000010_00-23-38.jpg,work/track_000267/im000010_00-23-38.jpg,55,136,RGB,0.40441176470588236,7480,small_width
work,work/track_000267,im000011_00-23-38.jpg,work/track_000267/im000011_00-23-38.jpg,54,138,RGB,0.391304347826087,7452,small_width
work,work/track_000267,im000012_00-23-38.jpg,work/track_000267/im000012_00-23-38.jpg,56,139,RGB,0.4028776978417266,7784,small_width
work,work/track_000267,im000013_00-23-38.jpg,work/track_000267/im000013_00-23-38.jpg,59,151,RGB,0.39072847682119205,8909,small_width
work,work/track_000267,im000014_00-23-39.jpg,work/track_000267/im000014_00-23-39.jpg,60,151,RGB,0.3973509933774834,9060,small_width
work,work/track_000267,im000015_00-23-39.jpg,work/track_000267/im000015_00-23-39.jpg,59,147,RGB,0.4013605442176871,8673,small_width
work,work/track_000267,im000016_00-23-39.jpg,work/track_000267/im000016_00-23-39.jpg,56,145,RGB,0.38620689655172413,8120,small_width
work,work/track_000267,im000017_00-23-39.jpg,work/track_000267/im000017_00-23-39.jpg,55,137,RGB,0.40145985401459855,7535,small_width
work,work/track_000267,im000018_00-23-39.jpg,work/track_000267/im000018_00-23-39.jpg,61,143,RGB,0.42657342657342656,8723,small_width
work,work/track_000267,im000019_00-23-39.jpg,work/track_000267/im000019_00-23-39.jpg,57,142,RGB,0.4014084507042254,8094,small_width
work,work/track_000267,im000020_00-23-39.jpg,work/track_000267/im000020_00-23-39.jpg,53,141,RGB,0.375886524822695,7473,small_width
work,work/track_000267,im000021_00-23-39.jpg,work/track_000267/im000021_00-23-39.jpg,53,137,RGB,0.38686131386861317,7261,small_width
work,work/track_000267,im000022_00-23-39.jpg,work/track_000267/im000022_00-23-39.jpg,62,136,RGB,0.45588235294117646,8432,small_width
work,work/track_000267,im000026_00-23-40.jpg,work/track_000267/im000026_00-23-40.jpg,63,79,RGB,0.7974683544303798,4977,small_width
work,work/track_000267,im000027_00-23-40.jpg,work/track_000267/im000027_00-23-40.jpg,62,80,RGB,0.775,4960,small_width
work,work/track_000267,im000028_00-23-40.jpg,work/track_000267/im000028_00-23-40.jpg,60,96,RGB,0.625,5760,small_width
work,work/track_000267,im000030_00-23-40.jpg,work/track_000267/im000030_00-23-40.jpg,62,98,RGB,0.6326530612244898,6076,small_width
work,work/track_000267,im000031_00-23-40.jpg,work/track_000267/im000031_00-23-40.jpg,63,94,RGB,0.6702127659574468,5922,small_width
work,work/track_000267,im000032_00-23-40.jpg,work/track_000267/im000032_00-23-40.jpg,62,94,RGB,0.6595744680851063,5828,small_width
work,work/track_000279,im000102_00-16-11.jpg,work/track_000279/im000102_00-16-11.jpg,63,174,RGB,0.3620689655172414,10962,small_width
work,work/track_000279,im000103_00-16-11.jpg,work/track_000279/im000103_00-16-11.jpg,63,173,RGB,0.36416184971098264,10899,small_width
work,work/track_000279,im000105_00-16-11.jpg,work/track_000279/im000105_00-16-11.jpg,63,122,RGB,0.5163934426229508,7686,small_width
work,work/track_000279,im000106_00-16-11.jpg,work/track_000279/im000106_00-16-11.jpg,59,86,RGB,0.686046511627907,5074,small_width
work,work/track_000279,im000113_00-16-11.jpg,work/track_000279/im000113_00-16-11.jpg,58,113,RGB,0.5132743362831859,6554,small_width
work,work/track_000279,im000114_00-16-12.jpg,work/track_000279/im000114_00-16-12.jpg,58,113,RGB,0.5132743362831859,6554,small_width
work,work/track_000279,im000115_00-16-12.jpg,work/track_000279/im000115_00-16-12.jpg,60,114,RGB,0.5263157894736842,6840,small_width
work,work/track_000279,im000116_00-16-12.jpg,work/track_000279/im000116_00-16-12.jpg,60,112,RGB,0.5357142857142857,6720,small_width
work,work/track_000279,im000117_00-16-12.jpg,work/track_000279/im000117_00-16-12.jpg,59,112,RGB,0.5267857142857143,6608,small_width
work,work/track_000279,im000118_00-16-12.jpg,work/track_000279/im000118_00-16-12.jpg,59,112,RGB,0.5267857142857143,6608,small_width
work,work/track_000279,im000119_00-16-12.jpg,work/track_000279/im000119_00-16-12.jpg,61,114,RGB,0.5350877192982456,6954,small_width
work,work/track_000279,im000132_00-16-13.jpg,work/track_000279/im000132_00-16-13.jpg,63,114,RGB,0.5526315789473685,7182,small_width
work,work/track_000279,im000133_00-16-13.jpg,work/track_000279/im000133_00-16-13.jpg,54,89,RGB,0.6067415730337079,4806,small_width
work,work/track_000279,im000134_00-16-13.jpg,work/track_000279/im000134_00-16-13.jpg,51,86,RGB,0.5930232558139535,4386,small_width
work,work/track_000279,im000135_00-16-13.jpg,work/track_000279/im000135_00-16-13.jpg,56,85,RGB,0.6588235294117647,4760,small_width
work,work/track_000279,im000136_00-16-13.jpg,work/track_000279/im000136_00-16-13.jpg,60,68,RGB,0.8823529411764706,4080,small_width
work,work/track_000279,im000137_00-16-14.jpg,work/track_000279/im000137_00-16-14.jpg,60,73,RGB,0.821917808219178,4380,small_width
work,work/track_000279,im000138_00-16-14.jpg,work/track_000279/im000138_00-16-14.jpg,61,71,RGB,0.8591549295774648,4331,small_width
work,work/track_000279,im000139_00-16-14.jpg,work/track_000279/im000139_00-16-14.jpg,55,82,RGB,0.6707317073170732,4510,small_width
work,work/track_000279,im000140_00-16-14.jpg,work/track_000279/im000140_00-16-14.jpg,60,83,RGB,0.7228915662650602,4980,small_width
work,work/track_000279,im000141_00-16-14.jpg,work/track_000279/im000141_00-16-14.jpg,61,75,RGB,0.8133333333333334,4575,small_width
work,work/track_000279,im000164_00-16-16.jpg,work/track_000279/im000164_00-16-16.jpg,63,95,RGB,0.6631578947368421,5985,small_width
work,work/track_000279,im000165_00-16-16.jpg,work/track_000279/im000165_00-16-16.jpg,60,84,RGB,0.7142857142857143,5040,small_width
work,work/track_000279,im000166_00-16-16.jpg,work/track_000279/im000166_00-16-16.jpg,58,88,RGB,0.6590909090909091,5104,small_width
work,work/track_000279,im000168_00-16-16.jpg,work/track_000279/im000168_00-16-16.jpg,61,96,RGB,0.6354166666666666,5856,small_width
work,work/track_000279,im000169_00-16-16.jpg,work/track_000279/im000169_00-16-16.jpg,63,97,RGB,0.6494845360824743,6111,small_width
work,work/track_000279,im000170_00-16-16.jpg,work/track_000279/im000170_00-16-16.jpg,62,107,RGB,0.5794392523364486,6634,small_width
work,work/track_000279,im000171_00-16-16.jpg,work/track_000279/im000171_00-16-16.jpg,63,107,RGB,0.5887850467289719,6741,small_width
work,work/track_000279,im000172_00-16-17.jpg,work/track_000279/im000172_00-16-17.jpg,63,103,RGB,0.6116504854368932,6489,small_width
work,work/track_000279,im000173_00-16-17.jpg,work/track_000279/im000173_00-16-17.jpg,63,103,RGB,0.6116504854368932,6489,small_width
work,work/track_000279,im000174_00-16-17.jpg,work/track_000279/im000174_00-16-17.jpg,53,105,RGB,0.5047619047619047,5565,small_width
work,work/track_000279,im000175_00-16-17.jpg,work/track_000279/im000175_00-16-17.jpg,55,106,RGB,0.5188679245283019,5830,small_width
work,work/track_000279,im000176_00-16-17.jpg,work/track_000279/im000176_00-16-17.jpg,56,106,RGB,0.5283018867924528,5936,small_width
work,work/track_000279,im000177_00-16-17.jpg,work/track_000279/im000177_00-16-17.jpg,59,105,RGB,0.5619047619047619,6195,small_width
work,work/track_000279,im000187_00-16-18.jpg,work/track_000279/im000187_00-16-18.jpg,58,92,RGB,0.6304347826086957,5336,small_width
work,work/track_000279,im000188_00-16-18.jpg,work/track_000279/im000188_00-16-18.jpg,63,88,RGB,0.7159090909090909,5544,small_width
work,work/track_000279,im000189_00-16-18.jpg,work/track_000279/im000189_00-16-18.jpg,52,86,RGB,0.6046511627906976,4472,small_width
work,work/track_000279,im000190_00-16-18.jpg,work/track_000279/im000190_00-16-18.jpg,53,85,RGB,0.6235294117647059,4505,small_width
work,work/track_000279,im000191_00-16-18.jpg,work/track_000279/im000191_00-16-18.jpg,55,83,RGB,0.6626506024096386,4565,small_width
work,work/track_000279,im000192_00-16-18.jpg,work/track_000279/im000192_00-16-18.jpg,55,79,RGB,0.6962025316455697,4345,small_width
work,work/track_000279,im000193_00-16-19.jpg,work/track_000279/im000193_00-16-19.jpg,56,83,RGB,0.6746987951807228,4648,small_width
work,work/track_000279,im000194_00-16-19.jpg,work/track_000279/im000194_00-16-19.jpg,56,82,RGB,0.6829268292682927,4592,small_width
work,work/track_000279,im000195_00-16-19.jpg,work/track_000279/im000195_00-16-19.jpg,59,83,RGB,0.7108433734939759,4897,small_width
work,work/track_000279,im000196_00-16-19.jpg,work/track_000279/im000196_00-16-19.jpg,58,80,RGB,0.725,4640,small_width
work,work/track_000279,im000197_00-16-19.jpg,work/track_000279/im000197_00-16-19.jpg,60,82,RGB,0.7317073170731707,4920,small_width
work,work/track_000279,im000198_00-16-19.jpg,work/track_000279/im000198_00-16-19.jpg,57,82,RGB,0.6951219512195121,4674,small_width
work,work/track_000279,im000199_00-16-19.jpg,work/track_000279/im000199_00-16-19.jpg,58,84,RGB,0.6904761904761905,4872,small_width
work,work/track_000279,im000201_00-16-19.jpg,work/track_000279/im000201_00-16-19.jpg,58,101,RGB,0.5742574257425742,5858,small_width
work,work/track_000304124124214,im_05-32-48_132.jpg,work/track_000304124124214/im_05-32-48_132.jpg,63,192,RGB,0.328125,12096,small_width
work,work/track_000309,im000001_00-29-01.jpg,work/track_000309/im000001_00-29-01.jpg,52,117,RGB,0.4444444444444444,6084,small_width
work,work/track_000309,im000002_00-29-01.jpg,work/track_000309/im000002_00-29-01.jpg,56,120,RGB,0.4666666666666667,6720,small_width
work,work/track_000309,im000003_00-29-01.jpg,work/track_000309/im000003_00-29-01.jpg,56,118,RGB,0.4745762711864407,6608,small_width
work,work/track_000309,im000004_00-29-01.jpg,work/track_000309/im000004_00-29-01.jpg,56,116,RGB,0.4827586206896552,6496,small_width
work,work/track_000309,im000005_00-29-02.jpg,work/track_000309/im000005_00-29-02.jpg,56,117,RGB,0.47863247863247865,6552,small_width
work,work/track_000309,im000006_00-29-02.jpg,work/track_000309/im000006_00-29-02.jpg,56,118,RGB,0.4745762711864407,6608,small_width
work,work/track_000309,im000007_00-29-02.jpg,work/track_000309/im000007_00-29-02.jpg,55,117,RGB,0.4700854700854701,6435,small_width
work,work/track_000309,im000008_00-29-02.jpg,work/track_000309/im000008_00-29-02.jpg,53,111,RGB,0.4774774774774775,5883,small_width
work,work/track_000309,im000009_00-29-02.jpg,work/track_000309/im000009_00-29-02.jpg,53,106,RGB,0.5,5618,small_width
work,work/track_000309,im000010_00-29-02.jpg,work/track_000309/im000010_00-29-02.jpg,50,106,RGB,0.4716981132075472,5300,small_width
work,work/track_000309,im000011_00-29-02.jpg,work/track_000309/im000011_00-29-02.jpg,50,106,RGB,0.4716981132075472,5300,small_width
work,work/track_000309,im000012_00-29-02.jpg,work/track_000309/im000012_00-29-02.jpg,47,107,RGB,0.4392523364485981,5029,small_width
work,work/track_000309,im000013_00-29-02.jpg,work/track_000309/im000013_00-29-02.jpg,47,106,RGB,0.44339622641509435,4982,small_width
work,work/track_000309,im000014_00-29-02.jpg,work/track_000309/im000014_00-29-02.jpg,47,105,RGB,0.44761904761904764,4935,small_width
work,work/track_000309,im000015_00-29-02.jpg,work/track_000309/im000015_00-29-02.jpg,48,106,RGB,0.4528301886792453,5088,small_width
work,work/track_000309,im000016_00-29-02.jpg,work/track_000309/im000016_00-29-02.jpg,48,106,RGB,0.4528301886792453,5088,small_width
work,work/track_000309,im000017_00-29-03.jpg,work/track_000309/im000017_00-29-03.jpg,48,106,RGB,0.4528301886792453,5088,small_width
work,work/track_000309,im000018_00-29-03.jpg,work/track_000309/im000018_00-29-03.jpg,47,107,RGB,0.4392523364485981,5029,small_width
work,work/track_000309,im000019_00-29-03.jpg,work/track_000309/im000019_00-29-03.jpg,47,106,RGB,0.44339622641509435,4982,small_width
work,work/track_000309,im000020_00-29-03.jpg,work/track_000309/im000020_00-29-03.jpg,51,105,RGB,0.4857142857142857,5355,small_width
work,work/track_000309,im000021_00-29-03.jpg,work/track_000309/im000021_00-29-03.jpg,51,106,RGB,0.4811320754716981,5406,small_width
work,work/track_000309,im000022_00-29-03.jpg,work/track_000309/im000022_00-29-03.jpg,51,105,RGB,0.4857142857142857,5355,small_width
work,work/track_000309,im000023_00-29-03.jpg,work/track_000309/im000023_00-29-03.jpg,49,106,RGB,0.46226415094339623,5194,small_width
work,work/track_000309,im000024_00-29-03.jpg,work/track_000309/im000024_00-29-03.jpg,47,107,RGB,0.4392523364485981,5029,small_width
work,work/track_000309,im000025_00-29-03.jpg,work/track_000309/im000025_00-29-03.jpg,48,108,RGB,0.4444444444444444,5184,small_width
work,work/track_000309,im000026_00-29-03.jpg,work/track_000309/im000026_00-29-03.jpg,48,108,RGB,0.4444444444444444,5184,small_width
work,work/track_000309,im000027_00-29-03.jpg,work/track_000309/im000027_00-29-03.jpg,49,106,RGB,0.46226415094339623,5194,small_width
work,work/track_000309,im000028_00-29-03.jpg,work/track_000309/im000028_00-29-03.jpg,51,105,RGB,0.4857142857142857,5355,small_width
work,work/track_000309,im000029_00-29-04.jpg,work/track_000309/im000029_00-29-04.jpg,51,106,RGB,0.4811320754716981,5406,small_width
work,work/track_000309,im000030_00-29-04.jpg,work/track_000309/im000030_00-29-04.jpg,51,106,RGB,0.4811320754716981,5406,small_width
work,work/track_000309,im000031_00-29-04.jpg,work/track_000309/im000031_00-29-04.jpg,51,106,RGB,0.4811320754716981,5406,small_width
work,work/track_000309,im000032_00-29-04.jpg,work/track_000309/im000032_00-29-04.jpg,50,103,RGB,0.4854368932038835,5150,small_width
work,work/track_000309,im000033_00-29-04.jpg,work/track_000309/im000033_00-29-04.jpg,50,103,RGB,0.4854368932038835,5150,small_width
work,work/track_000309,im000034_00-29-04.jpg,work/track_000309/im000034_00-29-04.jpg,51,103,RGB,0.49514563106796117,5253,small_width
work,work/track_000309,im000035_00-29-04.jpg,work/track_000309/im000035_00-29-04.jpg,51,103,RGB,0.49514563106796117,5253,small_width
work,work/track_000309,im000036_00-29-04.jpg,work/track_000309/im000036_00-29-04.jpg,50,102,RGB,0.49019607843137253,5100,small_width
work,work/track_000309,im000037_00-29-04.jpg,work/track_000309/im000037_00-29-04.jpg,51,102,RGB,0.5,5202,small_width
work,work/track_000309,im000038_00-29-04.jpg,work/track_000309/im000038_00-29-04.jpg,50,101,RGB,0.49504950495049505,5050,small_width
work,work/track_000309,im000039_00-29-04.jpg,work/track_000309/im000039_00-29-04.jpg,50,101,RGB,0.49504950495049505,5050,small_width
work,work/track_000309,im000040_00-29-04.jpg,work/track_000309/im000040_00-29-04.jpg,50,102,RGB,0.49019607843137253,5100,small_width
work,work/track_000309,im000041_00-29-05.jpg,work/track_000309/im000041_00-29-05.jpg,50,103,RGB,0.4854368932038835,5150,small_width
work,work/track_000309,im000042_00-29-05.jpg,work/track_000309/im000042_00-29-05.jpg,50,103,RGB,0.4854368932038835,5150,small_width
work,work/track_000309,im000043_00-29-05.jpg,work/track_000309/im000043_00-29-05.jpg,49,104,RGB,0.47115384615384615,5096,small_width
work,work/track_000309,im000044_00-29-05.jpg,work/track_000309/im000044_00-29-05.jpg,54,110,RGB,0.4909090909090909,5940,small_width
work,work/track_000309,im000045_00-29-05.jpg,work/track_000309/im000045_00-29-05.jpg,55,107,RGB,0.514018691588785,5885,small_width
work,work/track_000309,im000046_00-29-05.jpg,work/track_000309/im000046_00-29-05.jpg,52,106,RGB,0.49056603773584906,5512,small_width
work,work/track_000309,im000047_00-29-05.jpg,work/track_000309/im000047_00-29-05.jpg,51,107,RGB,0.4766355140186916,5457,small_width
work,work/track_000309,im000048_00-29-05.jpg,work/track_000309/im000048_00-29-05.jpg,49,106,RGB,0.46226415094339623,5194,small_width
work,work/track_000309,im000049_00-29-05.jpg,work/track_000309/im000049_00-29-05.jpg,49,106,RGB,0.46226415094339623,5194,small_width
work,work/track_000309,im000050_00-29-05.jpg,work/track_000309/im000050_00-29-05.jpg,49,105,RGB,0.4666666666666667,5145,small_width
work,work/track_000309,im000051_00-29-05.jpg,work/track_000309/im000051_00-29-05.jpg,49,105,RGB,0.4666666666666667,5145,small_width
work,work/track_000309,im000052_00-29-05.jpg,work/track_000309/im000052_00-29-05.jpg,51,103,RGB,0.49514563106796117,5253,small_width
work,work/track_000309,im000053_00-29-06.jpg,work/track_000309/im000053_00-29-06.jpg,50,104,RGB,0.4807692307692308,5200,small_width
work,work/track_000309,im000054_00-29-06.jpg,work/track_000309/im000054_00-29-06.jpg,50,105,RGB,0.47619047619047616,5250,small_width
work,work/track_000309,im000055_00-29-06.jpg,work/track_000309/im000055_00-29-06.jpg,49,105,RGB,0.4666666666666667,5145,small_width
work,work/track_000309,im000056_00-29-06.jpg,work/track_000309/im000056_00-29-06.jpg,48,107,RGB,0.4485981308411215,5136,small_width
work,work/track_000309,im000057_00-29-06.jpg,work/track_000309/im000057_00-29-06.jpg,48,106,RGB,0.4528301886792453,5088,small_width
work,work/track_000309,im000058_00-29-06.jpg,work/track_000309/im000058_00-29-06.jpg,47,107,RGB,0.4392523364485981,5029,small_width
work,work/track_000309,im000059_00-29-06.jpg,work/track_000309/im000059_00-29-06.jpg,50,109,RGB,0.45871559633027525,5450,small_width
work,work/track_000309,im000060_00-29-06.jpg,work/track_000309/im000060_00-29-06.jpg,51,110,RGB,0.4636363636363636,5610,small_width
work,work/track_000309,im000061_00-29-06.jpg,work/track_000309/im000061_00-29-06.jpg,54,116,RGB,0.46551724137931033,6264,small_width
work,work/track_000309,im000062_00-29-06.jpg,work/track_000309/im000062_00-29-06.jpg,54,115,RGB,0.46956521739130436,6210,small_width
work,work/track_000309,im000063_00-29-06.jpg,work/track_000309/im000063_00-29-06.jpg,53,112,RGB,0.4732142857142857,5936,small_width
work,work/track_000309,im000064_00-29-06.jpg,work/track_000309/im000064_00-29-06.jpg,54,109,RGB,0.4954128440366973,5886,small_width
work,work/track_000309,im000065_00-29-07.jpg,work/track_000309/im000065_00-29-07.jpg,54,110,RGB,0.4909090909090909,5940,small_width
work,work/track_000309,im000066_00-29-07.jpg,work/track_000309/im000066_00-29-07.jpg,54,111,RGB,0.4864864864864865,5994,small_width
work,work/track_000309,im000067_00-29-07.jpg,work/track_000309/im000067_00-29-07.jpg,53,108,RGB,0.49074074074074076,5724,small_width
work,work/track_000309,im000068_00-29-07.jpg,work/track_000309/im000068_00-29-07.jpg,51,105,RGB,0.4857142857142857,5355,small_width
work,work/track_000309,im000069_00-29-07.jpg,work/track_000309/im000069_00-29-07.jpg,51,104,RGB,0.49038461538461536,5304,small_width
work,work/track_000309,im000070_00-29-07.jpg,work/track_000309/im000070_00-29-07.jpg,51,104,RGB,0.49038461538461536,5304,small_width
work,work/track_000309,im000071_00-29-07.jpg,work/track_000309/im000071_00-29-07.jpg,51,104,RGB,0.49038461538461536,5304,small_width
work,work/track_000309,im000072_00-29-07.jpg,work/track_000309/im000072_00-29-07.jpg,49,104,RGB,0.47115384615384615,5096,small_width
work,work/track_000309,im000073_00-29-07.jpg,work/track_000309/im000073_00-29-07.jpg,49,104,RGB,0.47115384615384615,5096,small_width
work,work/track_000309,im000074_00-29-07.jpg,work/track_000309/im000074_00-29-07.jpg,49,105,RGB,0.4666666666666667,5145,small_width
work,work/track_000309,im000075_00-29-07.jpg,work/track_000309/im000075_00-29-07.jpg,49,105,RGB,0.4666666666666667,5145,small_width
work,work/track_000309,im000076_00-29-07.jpg,work/track_000309/im000076_00-29-07.jpg,47,107,RGB,0.4392523364485981,5029,small_width
work,work/track_000309,im000077_00-29-08.jpg,work/track_000309/im000077_00-29-08.jpg,47,107,RGB,0.4392523364485981,5029,small_width
work,work/track_000309,im000078_00-29-08.jpg,work/track_000309/im000078_00-29-08.jpg,47,106,RGB,0.44339622641509435,4982,small_width
work,work/track_000309,im000079_00-29-08.jpg,work/track_000309/im000079_00-29-08.jpg,47,106,RGB,0.44339622641509435,4982,small_width
work,work/track_000309,im000080_00-29-08.jpg,work/track_000309/im000080_00-29-08.jpg,49,106,RGB,0.46226415094339623,5194,small_width
work,work/track_000309,im000081_00-29-08.jpg,work/track_000309/im000081_00-29-08.jpg,49,106,RGB,0.46226415094339623,5194,small_width
work,work/track_000309,im000082_00-29-08.jpg,work/track_000309/im000082_00-29-08.jpg,49,106,RGB,0.46226415094339623,5194,small_width
work,work/track_000309,im000083_00-29-08.jpg,work/track_000309/im000083_00-29-08.jpg,49,105,RGB,0.4666666666666667,5145,small_width
work,work/track_000309,im000084_00-29-08.jpg,work/track_000309/im000084_00-29-08.jpg,49,106,RGB,0.46226415094339623,5194,small_width
work,work/track_000309,im000085_00-29-08.jpg,work/track_000309/im000085_00-29-08.jpg,48,107,RGB,0.4485981308411215,5136,small_width
work,work/track_000309,im000086_00-29-08.jpg,work/track_000309/im000086_00-29-08.jpg,50,109,RGB,0.45871559633027525,5450,small_width
work,work/track_000309,im000087_00-29-08.jpg,work/track_000309/im000087_00-29-08.jpg,50,110,RGB,0.45454545454545453,5500,small_width
work,work/track_000309,im000088_00-29-08.jpg,work/track_000309/im000088_00-29-08.jpg,51,114,RGB,0.4473684210526316,5814,small_width
work,work/track_000309,im000089_00-29-09.jpg,work/track_000309/im000089_00-29-09.jpg,52,113,RGB,0.46017699115044247,5876,small_width
work,work/track_000309,im000090_00-29-09.jpg,work/track_000309/im000090_00-29-09.jpg,50,117,RGB,0.42735042735042733,5850,small_width
work,work/track_000309,im000091_00-29-09.jpg,work/track_000309/im000091_00-29-09.jpg,52,116,RGB,0.4482758620689655,6032,small_width
work,work/track_000309,im000092_00-29-09.jpg,work/track_000309/im000092_00-29-09.jpg,55,115,RGB,0.4782608695652174,6325,small_width
work,work/track_000309,im000093_00-29-09.jpg,work/track_000309/im000093_00-29-09.jpg,55,115,RGB,0.4782608695652174,6325,small_width
work,work/track_000309,im000094_00-29-09.jpg,work/track_000309/im000094_00-29-09.jpg,55,113,RGB,0.48672566371681414,6215,small_width
work,work/track_000309,im000095_00-29-09.jpg,work/track_000309/im000095_00-29-09.jpg,54,109,RGB,0.4954128440366973,5886,small_width
work,work/track_000309,im000096_00-29-09.jpg,work/track_000309/im000096_00-29-09.jpg,53,106,RGB,0.5,5618,small_width
work,work/track_000309,im000097_00-29-09.jpg,work/track_000309/im000097_00-29-09.jpg,52,104,RGB,0.5,5408,small_width
work,work/track_000309,im000098_00-29-09.jpg,work/track_000309/im000098_00-29-09.jpg,49,105,RGB,0.4666666666666667,5145,small_width
work,work/track_000309,im000099_00-29-09.jpg,work/track_000309/im000099_00-29-09.jpg,46,75,RGB,0.6133333333333333,3450,small_width
work,work/track_000309,im000100_00-29-09.jpg,work/track_000309/im000100_00-29-09.jpg,44,65,RGB,0.676923076923077,2860,small_width
work,work/track_000328,im000024_00-18-18.jpg,work/track_000328/im000024_00-18-18.jpg,87,63,RGB,1.380952380952381,5481,small_height
work,work/track_000328,im000025_00-18-18.jpg,work/track_000328/im000025_00-18-18.jpg,79,62,RGB,1.2741935483870968,4898,small_height
work,work/track_000328,im000026_00-18-18.jpg,work/track_000328/im000026_00-18-18.jpg,83,60,RGB,1.3833333333333333,4980,small_height
work,work/track_000328,im000027_00-18-18.jpg,work/track_000328/im000027_00-18-18.jpg,84,61,RGB,1.3770491803278688,5124,small_height
work,work/track_000328,im000028_00-18-18.jpg,work/track_000328/im000028_00-18-18.jpg,84,59,RGB,1.423728813559322,4956,small_height
work,work/track_000328,im000029_00-18-18.jpg,work/track_000328/im000029_00-18-18.jpg,85,58,RGB,1.4655172413793103,4930,small_height
work,work/track_000328,im000030_00-18-18.jpg,work/track_000328/im000030_00-18-18.jpg,84,55,RGB,1.5272727272727273,4620,small_height
work,work/track_000328,im000031_00-18-18.jpg,work/track_000328/im000031_00-18-18.jpg,79,54,RGB,1.462962962962963,4266,small_height
work,work/track_000328,im000032_00-18-18.jpg,work/track_000328/im000032_00-18-18.jpg,83,57,RGB,1.456140350877193,4731,small_height
work,work/track_000328,im000033_00-18-18.jpg,work/track_000328/im000033_00-18-18.jpg,81,60,RGB,1.35,4860,small_height
work,work/track_000328,im000035_00-18-19.jpg,work/track_000328/im000035_00-18-19.jpg,53,103,RGB,0.5145631067961165,5459,small_width
work,work/track_000328,im000036_00-18-19.jpg,work/track_000328/im000036_00-18-19.jpg,52,94,RGB,0.5531914893617021,4888,small_width
work,work/track_000328,im000040_00-18-19.jpg,work/track_000328/im000040_00-18-19.jpg,62,157,RGB,0.39490445859872614,9734,small_width
work,work/track_000328,im000041_00-18-19.jpg,work/track_000328/im000041_00-18-19.jpg,61,149,RGB,0.40939597315436244,9089,small_width
work,work/track_000349,im000001_00-19-42.jpg,work/track_000349/im000001_00-19-42.jpg,60,85,RGB,0.7058823529411765,5100,small_width
work,work/track_000349,im000002_00-19-42.jpg,work/track_000349/im000002_00-19-42.jpg,58,83,RGB,0.6987951807228916,4814,small_width
work,work/track_000349,im000003_00-19-42.jpg,work/track_000349/im000003_00-19-42.jpg,55,82,RGB,0.6707317073170732,4510,small_width
work,work/track_000349,im000004_00-19-42.jpg,work/track_000349/im000004_00-19-42.jpg,63,80,RGB,0.7875,5040,small_width
work,work/track_000349,im000005_00-19-42.jpg,work/track_000349/im000005_00-19-42.jpg,60,78,RGB,0.7692307692307693,4680,small_width
work,work/track_000349,im000006_00-19-42.jpg,work/track_000349/im000006_00-19-42.jpg,56,77,RGB,0.7272727272727273,4312,small_width
work,work/track_000349,im000007_00-19-42.jpg,work/track_000349/im000007_00-19-42.jpg,56,78,RGB,0.717948717948718,4368,small_width
work,work/track_000349,im000008_00-19-42.jpg,work/track_000349/im000008_00-19-42.jpg,59,88,RGB,0.6704545454545454,5192,small_width
work,work/track_000363,im000001_00-32-45.jpg,work/track_000363/im000001_00-32-45.jpg,46,144,RGB,0.3194444444444444,6624,small_width
work,work/track_000363,im000002_00-32-45.jpg,work/track_000363/im000002_00-32-45.jpg,47,137,RGB,0.34306569343065696,6439,small_width
work,work/track_000363,im000003_00-32-45.jpg,work/track_000363/im000003_00-32-45.jpg,48,125,RGB,0.384,6000,small_width
work,work/track_000363,im000004_00-32-46.jpg,work/track_000363/im000004_00-32-46.jpg,54,157,RGB,0.34394904458598724,8478,small_width
work,work/track_000363,im000005_00-32-46.jpg,work/track_000363/im000005_00-32-46.jpg,57,158,RGB,0.36075949367088606,9006,small_width
work,work/track_000363,im000010_00-32-46.jpg,work/track_000363/im000010_00-32-46.jpg,67,61,RGB,1.098360655737705,4087,small_height
work,work/track_000365,im000036_00-22-09.jpg,work/track_000365/im000036_00-22-09.jpg,63,181,RGB,0.34806629834254144,11403,small_width
work,work/track_000365,im000037_00-22-09.jpg,work/track_000365/im000037_00-22-09.jpg,62,182,RGB,0.34065934065934067,11284,small_width
work,work/track_000365,im000038_00-22-09.jpg,work/track_000365/im000038_00-22-09.jpg,61,182,RGB,0.33516483516483514,11102,small_width
work,work/track_000365,im000039_00-22-09.jpg,work/track_000365/im000039_00-22-09.jpg,63,179,RGB,0.35195530726256985,11277,small_width
work,work/track_000378,im000001_00-20-54.jpg,work/track_000378/im000001_00-20-54.jpg,59,173,RGB,0.34104046242774566,10207,small_width
work,work/track_000378,im000002_00-20-54.jpg,work/track_000378/im000002_00-20-54.jpg,63,180,RGB,0.35,11340,small_width
work,work/track_000378,im000003_00-20-54.jpg,work/track_000378/im000003_00-20-54.jpg,62,185,RGB,0.33513513513513515,11470,small_width
work,work/track_000378,im000004_00-20-54.jpg,work/track_000378/im000004_00-20-54.jpg,61,189,RGB,0.32275132275132273,11529,small_width
work,work/track_000378,im000005_00-20-54.jpg,work/track_000378/im000005_00-20-54.jpg,58,191,RGB,0.3036649214659686,11078,small_width
work,work/track_000378,im000006_00-20-54.jpg,work/track_000378/im000006_00-20-54.jpg,63,191,RGB,0.3298429319371728,12033,small_width
work,work/track_000378,im000021_00-20-55.jpg,work/track_000378/im000021_00-20-55.jpg,60,173,RGB,0.3468208092485549,10380,small_width
work,work/track_000385,im000001_00-23-59.jpg,work/track_000385/im000001_00-23-59.jpg,35,159,RGB,0.22012578616352202,5565,"small_width,low_aspect"
work,work/track_000385,im000002_00-23-59.jpg,work/track_000385/im000002_00-23-59.jpg,35,158,RGB,0.22151898734177214,5530,"small_width,low_aspect"
work,work/track_000385,im000003_00-23-59.jpg,work/track_000385/im000003_00-23-59.jpg,34,162,RGB,0.20987654320987653,5508,"small_width,low_aspect"
work,work/track_000385,im000004_00-23-59.jpg,work/track_000385/im000004_00-23-59.jpg,44,162,RGB,0.2716049382716049,7128,small_width
work,work/track_000385,im000005_00-23-59.jpg,work/track_000385/im000005_00-23-59.jpg,43,154,RGB,0.2792207792207792,6622,small_width
work,work/track_000385,im000006_00-23-59.jpg,work/track_000385/im000006_00-23-59.jpg,50,167,RGB,0.2994011976047904,8350,small_width
work,work/track_000385,im000007_00-24-00.jpg,work/track_000385/im000007_00-24-00.jpg,56,162,RGB,0.345679012345679,9072,small_width
work,work/track_000385,im000008_00-24-00.jpg,work/track_000385/im000008_00-24-00.jpg,56,165,RGB,0.3393939393939394,9240,small_width
work,work/track_000385,im000009_00-24-00.jpg,work/track_000385/im000009_00-24-00.jpg,55,166,RGB,0.3313253012048193,9130,small_width
work,work/track_000385,im000010_00-24-00.jpg,work/track_000385/im000010_00-24-00.jpg,52,167,RGB,0.31137724550898205,8684,small_width
work,work/track_000385,im000011_00-24-00.jpg,work/track_000385/im000011_00-24-00.jpg,48,163,RGB,0.294478527607362,7824,small_width
work,work/track_000385,im000012_00-24-00.jpg,work/track_000385/im000012_00-24-00.jpg,48,162,RGB,0.2962962962962963,7776,small_width
work,work/track_000385,im000013_00-24-00.jpg,work/track_000385/im000013_00-24-00.jpg,50,161,RGB,0.3105590062111801,8050,small_width
work,work/track_000385,im000014_00-24-00.jpg,work/track_000385/im000014_00-24-00.jpg,50,161,RGB,0.3105590062111801,8050,small_width
work,work/track_000385,im000015_00-24-00.jpg,work/track_000385/im000015_00-24-00.jpg,53,165,RGB,0.3212121212121212,8745,small_width
work,work/track_000385,im000016_00-24-00.jpg,work/track_000385/im000016_00-24-00.jpg,54,166,RGB,0.3253012048192771,8964,small_width
work,work/track_000385,im000017_00-24-00.jpg,work/track_000385/im000017_00-24-00.jpg,54,165,RGB,0.32727272727272727,8910,small_width
work,work/track_000385,im000018_00-24-00.jpg,work/track_000385/im000018_00-24-00.jpg,54,166,RGB,0.3253012048192771,8964,small_width
work,work/track_000385,im000019_00-24-01.jpg,work/track_000385/im000019_00-24-01.jpg,52,164,RGB,0.3170731707317073,8528,small_width
work,work/track_000385,im000020_00-24-01.jpg,work/track_000385/im000020_00-24-01.jpg,52,164,RGB,0.3170731707317073,8528,small_width
work,work/track_000385,im000021_00-24-01.jpg,work/track_000385/im000021_00-24-01.jpg,52,164,RGB,0.3170731707317073,8528,small_width
work,work/track_000385,im000022_00-24-01.jpg,work/track_000385/im000022_00-24-01.jpg,50,164,RGB,0.3048780487804878,8200,small_width
work,work/track_000385,im000023_00-24-01.jpg,work/track_000385/im000023_00-24-01.jpg,48,162,RGB,0.2962962962962963,7776,small_width
work,work/track_000385,im000024_00-24-01.jpg,work/track_000385/im000024_00-24-01.jpg,50,171,RGB,0.29239766081871343,8550,small_width
work,work/track_000385,im000025_00-24-01.jpg,work/track_000385/im000025_00-24-01.jpg,44,166,RGB,0.26506024096385544,7304,small_width
work,work/track_000385,im000026_00-24-01.jpg,work/track_000385/im000026_00-24-01.jpg,41,167,RGB,0.24550898203592814,6847,"small_width,low_aspect"
work,work/track_000385,im000027_00-24-01.jpg,work/track_000385/im000027_00-24-01.jpg,40,166,RGB,0.24096385542168675,6640,"small_width,low_aspect"
work,work/track_000385,im000028_00-24-01.jpg,work/track_000385/im000028_00-24-01.jpg,42,162,RGB,0.25925925925925924,6804,small_width
work,work/track_000385,im000029_00-24-01.jpg,work/track_000385/im000029_00-24-01.jpg,40,165,RGB,0.24242424242424243,6600,"small_width,low_aspect"
work,work/track_000385,im000030_00-24-02.jpg,work/track_000385/im000030_00-24-02.jpg,32,161,RGB,0.19875776397515527,5152,"small_width,low_aspect"
work,work/track_000385,im000031_00-24-04.jpg,work/track_000385/im000031_00-24-04.jpg,37,160,RGB,0.23125,5920,"small_width,low_aspect"
work,work/track_000385,im000032_00-24-04.jpg,work/track_000385/im000032_00-24-04.jpg,59,167,RGB,0.3532934131736527,9853,small_width
work,work/track_000385,im000033_00-24-04.jpg,work/track_000385/im000033_00-24-04.jpg,61,161,RGB,0.37888198757763975,9821,small_width
work,work/track_000385,im000034_00-24-04.jpg,work/track_000385/im000034_00-24-04.jpg,62,97,RGB,0.6391752577319587,6014,small_width
work,work/track_000385,im000035_00-24-04.jpg,work/track_000385/im000035_00-24-04.jpg,57,97,RGB,0.5876288659793815,5529,small_width
work,work/track_000385,im000036_00-24-05.jpg,work/track_000385/im000036_00-24-05.jpg,55,79,RGB,0.6962025316455697,4345,small_width
work,work/track_000385,im000037_00-24-05.jpg,work/track_000385/im000037_00-24-05.jpg,53,77,RGB,0.6883116883116883,4081,small_width
work,work/track_000385,im000038_00-24-05.jpg,work/track_000385/im000038_00-24-05.jpg,49,85,RGB,0.5764705882352941,4165,small_width
work,work/track_000385,im000039_00-24-14.jpg,work/track_000385/im000039_00-24-14.jpg,50,94,RGB,0.5319148936170213,4700,small_width
work,work/track_000385,im000040_00-24-14.jpg,work/track_000385/im000040_00-24-14.jpg,51,94,RGB,0.5425531914893617,4794,small_width
work,work/track_000385,im000041_00-24-14.jpg,work/track_000385/im000041_00-24-14.jpg,54,94,RGB,0.574468085106383,5076,small_width
work,work/track_000385,im000042_00-24-14.jpg,work/track_000385/im000042_00-24-14.jpg,58,96,RGB,0.6041666666666666,5568,small_width
work,work/track_000385,im000043_00-24-14.jpg,work/track_000385/im000043_00-24-14.jpg,47,72,RGB,0.6527777777777778,3384,small_width
work,work/track_000385,im000044_00-24-14.jpg,work/track_000385/im000044_00-24-14.jpg,52,72,RGB,0.7222222222222222,3744,small_width
work,work/track_000385,im000045_00-24-14.jpg,work/track_000385/im000045_00-24-14.jpg,49,72,RGB,0.6805555555555556,3528,small_width
work,work/track_000385,im000046_00-24-14.jpg,work/track_000385/im000046_00-24-14.jpg,51,71,RGB,0.7183098591549296,3621,small_width
work,work/track_000385,im000047_00-24-15.jpg,work/track_000385/im000047_00-24-15.jpg,56,71,RGB,0.7887323943661971,3976,small_width
work,work/track_000385,im000048_00-24-15.jpg,work/track_000385/im000048_00-24-15.jpg,44,70,RGB,0.6285714285714286,3080,small_width
work,work/track_000385,im000049_00-24-15.jpg,work/track_000385/im000049_00-24-15.jpg,63,89,RGB,0.7078651685393258,5607,small_width
work,work/track_000385,im000050_00-24-15.jpg,work/track_000385/im000050_00-24-15.jpg,57,155,RGB,0.36774193548387096,8835,small_width
work,work/track_000385,im000051_00-24-15.jpg,work/track_000385/im000051_00-24-15.jpg,48,132,RGB,0.36363636363636365,6336,small_width
work,work/track_000385,im000052_00-24-15.jpg,work/track_000385/im000052_00-24-15.jpg,41,157,RGB,0.2611464968152866,6437,small_width
work,work/track_000385,im000053_00-24-15.jpg,work/track_000385/im000053_00-24-15.jpg,38,140,RGB,0.2714285714285714,5320,small_width
work,work/track_000401,im000042_00-14-37.jpg,work/track_000401/im000042_00-14-37.jpg,68,63,RGB,1.0793650793650793,4284,small_height
work,work/track_000401,im000043_00-14-37.jpg,work/track_000401/im000043_00-14-37.jpg,62,59,RGB,1.0508474576271187,3658,"small_width,small_height"
work,work/track_000401,im000044_00-14-37.jpg,work/track_000401/im000044_00-14-37.jpg,62,56,RGB,1.1071428571428572,3472,"small_width,small_height"
work,work/track_000401,im000045_00-14-37.jpg,work/track_000401/im000045_00-14-37.jpg,63,52,RGB,1.2115384615384615,3276,"small_width,small_height"
work,work/track_000401,im000046_00-14-37.jpg,work/track_000401/im000046_00-14-37.jpg,62,50,RGB,1.24,3100,"small_width,small_height"
work,work/track_000401,im000047_00-14-37.jpg,work/track_000401/im000047_00-14-37.jpg,62,48,RGB,1.2916666666666667,2976,"small_width,small_height"
work,work/track_000434,im000001_00-27-42.jpg,work/track_000434/im000001_00-27-42.jpg,47,186,RGB,0.25268817204301075,8742,small_width
work,work/track_000434,im000002_00-27-42.jpg,work/track_000434/im000002_00-27-42.jpg,43,190,RGB,0.22631578947368422,8170,"small_width,low_aspect"
work,work/track_000434,im000003_00-27-42.jpg,work/track_000434/im000003_00-27-42.jpg,39,196,RGB,0.1989795918367347,7644,"small_width,low_aspect"
work,work/track_000434,im000004_00-27-42.jpg,work/track_000434/im000004_00-27-42.jpg,39,197,RGB,0.19796954314720813,7683,"small_width,low_aspect"
work,work/track_000434,im000005_00-27-42.jpg,work/track_000434/im000005_00-27-42.jpg,58,207,RGB,0.28019323671497587,12006,small_width
work,work/track_000434,im000006_00-27-42.jpg,work/track_000434/im000006_00-27-42.jpg,58,211,RGB,0.27488151658767773,12238,small_width
work,work/track_000434,im000007_00-27-42.jpg,work/track_000434/im000007_00-27-42.jpg,63,222,RGB,0.28378378378378377,13986,small_width
work,work/track_000443,im000058_00-28-01.jpg,work/track_000443/im000058_00-28-01.jpg,96,63,RGB,1.5238095238095237,6048,small_height
work,work/track_000443,im000059_00-28-01.jpg,work/track_000443/im000059_00-28-01.jpg,96,63,RGB,1.5238095238095237,6048,small_height
work,work/track_000443,im000091_00-28-03.jpg,work/track_000443/im000091_00-28-03.jpg,62,93,RGB,0.6666666666666666,5766,small_width
work,work/track_000443,im000092_00-28-04.jpg,work/track_000443/im000092_00-28-04.jpg,59,99,RGB,0.5959595959595959,5841,small_width
work,work/track_000443,im000093_00-28-04.jpg,work/track_000443/im000093_00-28-04.jpg,57,99,RGB,0.5757575757575758,5643,small_width
work,work/track_000443,im000094_00-28-04.jpg,work/track_000443/im000094_00-28-04.jpg,58,98,RGB,0.5918367346938775,5684,small_width
work,work/track_000443,im000095_00-28-04.jpg,work/track_000443/im000095_00-28-04.jpg,57,96,RGB,0.59375,5472,small_width
work,work/track_000443,im000096_00-28-04.jpg,work/track_000443/im000096_00-28-04.jpg,56,95,RGB,0.5894736842105263,5320,small_width
work,work/track_000443,im000097_00-28-04.jpg,work/track_000443/im000097_00-28-04.jpg,60,92,RGB,0.6521739130434783,5520,small_width
work,work/track_000443,im000098_00-28-04.jpg,work/track_000443/im000098_00-28-04.jpg,60,94,RGB,0.6382978723404256,5640,small_width
work,work/track_000443,im000099_00-28-04.jpg,work/track_000443/im000099_00-28-04.jpg,59,93,RGB,0.6344086021505376,5487,small_width
work,work/track_000443,im000100_00-28-04.jpg,work/track_000443/im000100_00-28-04.jpg,62,93,RGB,0.6666666666666666,5766,small_width
work,work/track_000443,im000101_00-28-04.jpg,work/track_000443/im000101_00-28-04.jpg,59,88,RGB,0.6704545454545454,5192,small_width
work,work/track_000443,im000102_00-28-04.jpg,work/track_000443/im000102_00-28-04.jpg,63,92,RGB,0.6847826086956522,5796,small_width
work,work/track_000443,im000103_00-28-04.jpg,work/track_000443/im000103_00-28-04.jpg,63,95,RGB,0.6631578947368421,5985,small_width
work,work/track_000443,im000106_00-28-05.jpg,work/track_000443/im000106_00-28-05.jpg,59,183,RGB,0.3224043715846995,10797,small_width
work,work/track_000443,im000165_00-28-10.jpg,work/track_000443/im000165_00-28-10.jpg,59,172,RGB,0.3430232558139535,10148,small_width
work,work/track_000443,im000166_00-28-10.jpg,work/track_000443/im000166_00-28-10.jpg,61,174,RGB,0.3505747126436782,10614,small_width
work,work/track_00048321321,im_07-34-22_1.jpg,work/track_00048321321/im_07-34-22_1.jpg,56,161,RGB,0.34782608695652173,9016,small_width
work,work/track_00048321321,im_07-34-22_2.jpg,work/track_00048321321/im_07-34-22_2.jpg,59,164,RGB,0.3597560975609756,9676,small_width
work,work/track_000513,im000257_00-33-04.jpg,work/track_000513/im000257_00-33-04.jpg,68,275,RGB,0.24727272727272728,18700,low_aspect
work,work/track_000513,im000258_00-33-04.jpg,work/track_000513/im000258_00-33-04.jpg,69,279,RGB,0.24731182795698925,19251,low_aspect
work,work/track_000535,im000007_00-49-30.jpg,work/track_000535/im000007_00-49-30.jpg,59,133,RGB,0.44360902255639095,7847,small_width
work,work/track_000535,im000008_00-49-30.jpg,work/track_000535/im000008_00-49-30.jpg,60,133,RGB,0.45112781954887216,7980,small_width
work,work/track_000535,im000009_00-49-31.jpg,work/track_000535/im000009_00-49-31.jpg,59,130,RGB,0.45384615384615384,7670,small_width
work,work/track_000535,im000010_00-49-31.jpg,work/track_000535/im000010_00-49-31.jpg,58,130,RGB,0.4461538461538462,7540,small_width
work,work/track_000535,im000011_00-49-31.jpg,work/track_000535/im000011_00-49-31.jpg,55,131,RGB,0.4198473282442748,7205,small_width
work,work/track_000535,im000012_00-49-31.jpg,work/track_000535/im000012_00-49-31.jpg,55,133,RGB,0.41353383458646614,7315,small_width
work,work/track_000535,im000013_00-49-31.jpg,work/track_000535/im000013_00-49-31.jpg,59,133,RGB,0.44360902255639095,7847,small_width
work,work/track_000535,im000014_00-49-31.jpg,work/track_000535/im000014_00-49-31.jpg,56,136,RGB,0.4117647058823529,7616,small_width
work,work/track_000535,im000015_00-49-31.jpg,work/track_000535/im000015_00-49-31.jpg,54,140,RGB,0.38571428571428573,7560,small_width
work,work/track_000535,im000016_00-49-31.jpg,work/track_000535/im000016_00-49-31.jpg,55,139,RGB,0.39568345323741005,7645,small_width
work,work/track_000535,im000017_00-49-31.jpg,work/track_000535/im000017_00-49-31.jpg,55,138,RGB,0.39855072463768115,7590,small_width
work,work/track_000535,im000018_00-49-31.jpg,work/track_000535/im000018_00-49-31.jpg,60,147,RGB,0.40816326530612246,8820,small_width
work,work/track_000535,im000026_00-49-32.jpg,work/track_000535/im000026_00-49-32.jpg,62,158,RGB,0.3924050632911392,9796,small_width
work,work/track_000535,im000027_00-49-32.jpg,work/track_000535/im000027_00-49-32.jpg,56,157,RGB,0.35668789808917195,8792,small_width
work,work/track_000535,im000028_00-49-32.jpg,work/track_000535/im000028_00-49-32.jpg,59,155,RGB,0.38064516129032255,9145,small_width
work,work/track_000535,im000029_00-49-32.jpg,work/track_000535/im000029_00-49-32.jpg,59,156,RGB,0.3782051282051282,9204,small_width
work,work/track_000535,im000030_00-49-32.jpg,work/track_000535/im000030_00-49-32.jpg,60,155,RGB,0.3870967741935484,9300,small_width
work,work/track_000535,im000031_00-49-32.jpg,work/track_000535/im000031_00-49-32.jpg,59,151,RGB,0.39072847682119205,8909,small_width
work,work/track_000535,im000032_00-49-32.jpg,work/track_000535/im000032_00-49-32.jpg,61,150,RGB,0.4066666666666667,9150,small_width
work,work/track_000535,im000033_00-49-33.jpg,work/track_000535/im000033_00-49-33.jpg,58,149,RGB,0.38926174496644295,8642,small_width
work,work/track_000535,im000034_00-49-33.jpg,work/track_000535/im000034_00-49-33.jpg,58,151,RGB,0.3841059602649007,8758,small_width
work,work/track_000535,im000035_00-49-33.jpg,work/track_000535/im000035_00-49-33.jpg,59,154,RGB,0.38311688311688313,9086,small_width
work,work/track_000535,im000036_00-49-33.jpg,work/track_000535/im000036_00-49-33.jpg,59,158,RGB,0.37341772151898733,9322,small_width
work,work/track_000535,im000037_00-49-33.jpg,work/track_000535/im000037_00-49-33.jpg,59,159,RGB,0.3710691823899371,9381,small_width
work,work/track_000535,im000038_00-49-33.jpg,work/track_000535/im000038_00-49-33.jpg,59,159,RGB,0.3710691823899371,9381,small_width
work,work/track_000535,im000039_00-49-33.jpg,work/track_000535/im000039_00-49-33.jpg,61,160,RGB,0.38125,9760,small_width
work,work/track_000535,im000040_00-49-33.jpg,work/track_000535/im000040_00-49-33.jpg,61,161,RGB,0.37888198757763975,9821,small_width
work,work/track_000535,im000041_00-49-33.jpg,work/track_000535/im000041_00-49-33.jpg,61,160,RGB,0.38125,9760,small_width
work,work/track_000535,im000042_00-49-33.jpg,work/track_000535/im000042_00-49-33.jpg,58,161,RGB,0.36024844720496896,9338,small_width
work,work/track_000535,im000043_00-49-33.jpg,work/track_000535/im000043_00-49-33.jpg,57,161,RGB,0.35403726708074534,9177,small_width
work,work/track_000535,im000044_00-49-33.jpg,work/track_000535/im000044_00-49-33.jpg,57,160,RGB,0.35625,9120,small_width
work,work/track_000535,im000045_00-49-34.jpg,work/track_000535/im000045_00-49-34.jpg,57,162,RGB,0.35185185185185186,9234,small_width
work,work/track_000535,im000046_00-49-34.jpg,work/track_000535/im000046_00-49-34.jpg,58,159,RGB,0.36477987421383645,9222,small_width
work,work/track_000535,im000047_00-49-34.jpg,work/track_000535/im000047_00-49-34.jpg,58,155,RGB,0.3741935483870968,8990,small_width
work,work/track_000535,im000048_00-49-34.jpg,work/track_000535/im000048_00-49-34.jpg,63,151,RGB,0.41721854304635764,9513,small_width
work,work/track_000535,im000057_00-49-35.jpg,work/track_000535/im000057_00-49-35.jpg,61,158,RGB,0.3860759493670886,9638,small_width
work,work/track_000535,im000058_00-49-35.jpg,work/track_000535/im000058_00-49-35.jpg,60,161,RGB,0.37267080745341613,9660,small_width
work,work/track_000535,im000059_00-49-35.jpg,work/track_000535/im000059_00-49-35.jpg,61,161,RGB,0.37888198757763975,9821,small_width
work,work/track_000535,im000060_00-49-35.jpg,work/track_000535/im000060_00-49-35.jpg,63,166,RGB,0.3795180722891566,10458,small_width
work,work/track_000535,im000061_00-49-35.jpg,work/track_000535/im000061_00-49-35.jpg,63,167,RGB,0.3772455089820359,10521,small_width
work,work/track_000535,im000065_00-49-35.jpg,work/track_000535/im000065_00-49-35.jpg,61,172,RGB,0.3546511627906977,10492,small_width
work,work/track_000535,im000066_00-49-35.jpg,work/track_000535/im000066_00-49-35.jpg,63,174,RGB,0.3620689655172414,10962,small_width
work,work/track_000535,im000067_00-49-35.jpg,work/track_000535/im000067_00-49-35.jpg,62,172,RGB,0.36046511627906974,10664,small_width
work,work/track_000552,299_im000001_00-28-01.jpg,work/track_000552/299_im000001_00-28-01.jpg,44,123,RGB,0.35772357723577236,5412,small_width
work,work/track_000552,299_im000002_00-28-01.jpg,work/track_000552/299_im000002_00-28-01.jpg,44,125,RGB,0.352,5500,small_width
work,work/track_000552,299_im000003_00-28-01.jpg,work/track_000552/299_im000003_00-28-01.jpg,57,142,RGB,0.4014084507042254,8094,small_width
work,work/track_000552,299_im000004_00-28-01.jpg,work/track_000552/299_im000004_00-28-01.jpg,63,136,RGB,0.4632352941176471,8568,small_width
work,work/track_000552,299_im000005_00-28-01.jpg,work/track_000552/299_im000005_00-28-01.jpg,46,133,RGB,0.3458646616541353,6118,small_width
work,work/track_000552,299_im000006_00-28-01.jpg,work/track_000552/299_im000006_00-28-01.jpg,48,134,RGB,0.3582089552238806,6432,small_width
work,work/track_000552,299_im000007_00-28-01.jpg,work/track_000552/299_im000007_00-28-01.jpg,46,133,RGB,0.3458646616541353,6118,small_width
work,work/track_000552,299_im000008_00-28-01.jpg,work/track_000552/299_im000008_00-28-01.jpg,47,141,RGB,0.3333333333333333,6627,small_width
work,work/track_000552,299_im000009_00-28-01.jpg,work/track_000552/299_im000009_00-28-01.jpg,51,138,RGB,0.3695652173913043,7038,small_width
work,work/track_000552,299_im000010_00-28-01.jpg,work/track_000552/299_im000010_00-28-01.jpg,52,138,RGB,0.37681159420289856,7176,small_width
work,work/track_000552,299_im000011_00-28-02.jpg,work/track_000552/299_im000011_00-28-02.jpg,58,138,RGB,0.42028985507246375,8004,small_width
work,work/track_000552,299_im000012_00-28-02.jpg,work/track_000552/299_im000012_00-28-02.jpg,58,138,RGB,0.42028985507246375,8004,small_width
work,work/track_000552,299_im000013_00-28-02.jpg,work/track_000552/299_im000013_00-28-02.jpg,60,137,RGB,0.43795620437956206,8220,small_width
work,work/track_000552,299_im000014_00-28-02.jpg,work/track_000552/299_im000014_00-28-02.jpg,55,136,RGB,0.40441176470588236,7480,small_width
work,work/track_000552,299_im000015_00-28-02.jpg,work/track_000552/299_im000015_00-28-02.jpg,60,137,RGB,0.43795620437956206,8220,small_width
work,work/track_000552,299_im000016_00-28-02.jpg,work/track_000552/299_im000016_00-28-02.jpg,61,137,RGB,0.44525547445255476,8357,small_width
work,work/track_000552,299_im000017_00-28-02.jpg,work/track_000552/299_im000017_00-28-02.jpg,59,136,RGB,0.4338235294117647,8024,small_width
work,work/track_000552,299_im000018_00-28-02.jpg,work/track_000552/299_im000018_00-28-02.jpg,60,135,RGB,0.4444444444444444,8100,small_width
work,work/track_000552,299_im000019_00-28-02.jpg,work/track_000552/299_im000019_00-28-02.jpg,59,135,RGB,0.43703703703703706,7965,small_width
work,work/track_000552,299_im000020_00-28-02.jpg,work/track_000552/299_im000020_00-28-02.jpg,59,135,RGB,0.43703703703703706,7965,small_width
work,work/track_000552,299_im000021_00-28-02.jpg,work/track_000552/299_im000021_00-28-02.jpg,59,136,RGB,0.4338235294117647,8024,small_width
work,work/track_000552,299_im000022_00-28-02.jpg,work/track_000552/299_im000022_00-28-02.jpg,59,135,RGB,0.43703703703703706,7965,small_width
work,work/track_000552,299_im000023_00-28-03.jpg,work/track_000552/299_im000023_00-28-03.jpg,57,134,RGB,0.4253731343283582,7638,small_width
work,work/track_000552,299_im000024_00-28-03.jpg,work/track_000552/299_im000024_00-28-03.jpg,59,134,RGB,0.44029850746268656,7906,small_width
work,work/track_000552,299_im000025_00-28-03.jpg,work/track_000552/299_im000025_00-28-03.jpg,61,135,RGB,0.45185185185185184,8235,small_width
work,work/track_000552,299_im000026_00-28-03.jpg,work/track_000552/299_im000026_00-28-03.jpg,56,134,RGB,0.417910447761194,7504,small_width
work,work/track_000552,299_im000027_00-28-03.jpg,work/track_000552/299_im000027_00-28-03.jpg,58,134,RGB,0.43283582089552236,7772,small_width
work,work/track_000552,299_im000028_00-28-03.jpg,work/track_000552/299_im000028_00-28-03.jpg,58,135,RGB,0.42962962962962964,7830,small_width
work,work/track_000552,299_im000029_00-28-03.jpg,work/track_000552/299_im000029_00-28-03.jpg,58,135,RGB,0.42962962962962964,7830,small_width
work,work/track_000552,299_im000030_00-28-03.jpg,work/track_000552/299_im000030_00-28-03.jpg,56,135,RGB,0.4148148148148148,7560,small_width
work,work/track_000552,299_im000031_00-28-03.jpg,work/track_000552/299_im000031_00-28-03.jpg,56,136,RGB,0.4117647058823529,7616,small_width
work,work/track_000552,299_im000032_00-28-03.jpg,work/track_000552/299_im000032_00-28-03.jpg,56,134,RGB,0.417910447761194,7504,small_width
work,work/track_000552,299_im000033_00-28-03.jpg,work/track_000552/299_im000033_00-28-03.jpg,55,134,RGB,0.41044776119402987,7370,small_width
work,work/track_000552,299_im000034_00-28-03.jpg,work/track_000552/299_im000034_00-28-03.jpg,57,135,RGB,0.4222222222222222,7695,small_width
work,work/track_000552,299_im000035_00-28-04.jpg,work/track_000552/299_im000035_00-28-04.jpg,57,134,RGB,0.4253731343283582,7638,small_width
work,work/track_000552,299_im000036_00-28-04.jpg,work/track_000552/299_im000036_00-28-04.jpg,57,134,RGB,0.4253731343283582,7638,small_width
work,work/track_000552,299_im000037_00-28-04.jpg,work/track_000552/299_im000037_00-28-04.jpg,57,134,RGB,0.4253731343283582,7638,small_width
work,work/track_000552,299_im000038_00-28-04.jpg,work/track_000552/299_im000038_00-28-04.jpg,49,136,RGB,0.3602941176470588,6664,small_width
work,work/track_000552,299_im000039_00-28-04.jpg,work/track_000552/299_im000039_00-28-04.jpg,50,136,RGB,0.36764705882352944,6800,small_width
work,work/track_000552,299_im000040_00-28-04.jpg,work/track_000552/299_im000040_00-28-04.jpg,50,136,RGB,0.36764705882352944,6800,small_width
work,work/track_000552,299_im000041_00-28-04.jpg,work/track_000552/299_im000041_00-28-04.jpg,52,137,RGB,0.3795620437956204,7124,small_width
work,work/track_000552,299_im000042_00-28-04.jpg,work/track_000552/299_im000042_00-28-04.jpg,55,137,RGB,0.40145985401459855,7535,small_width
work,work/track_000552,299_im000043_00-28-04.jpg,work/track_000552/299_im000043_00-28-04.jpg,59,136,RGB,0.4338235294117647,8024,small_width
work,work/track_000552,299_im000044_00-28-04.jpg,work/track_000552/299_im000044_00-28-04.jpg,60,137,RGB,0.43795620437956206,8220,small_width
work,work/track_000552,299_im000046_00-28-04.jpg,work/track_000552/299_im000046_00-28-04.jpg,59,139,RGB,0.4244604316546763,8201,small_width
work,work/track_000552,299_im000047_00-28-05.jpg,work/track_000552/299_im000047_00-28-05.jpg,55,134,RGB,0.41044776119402987,7370,small_width
work,work/track_000552,299_im000048_00-28-05.jpg,work/track_000552/299_im000048_00-28-05.jpg,57,133,RGB,0.42857142857142855,7581,small_width
work,work/track_000552,299_im000049_00-28-05.jpg,work/track_000552/299_im000049_00-28-05.jpg,56,126,RGB,0.4444444444444444,7056,small_width
work,work/track_000552,299_im000050_00-28-05.jpg,work/track_000552/299_im000050_00-28-05.jpg,57,115,RGB,0.4956521739130435,6555,small_width
work,work/track_000552,299_im000051_00-28-05.jpg,work/track_000552/299_im000051_00-28-05.jpg,51,112,RGB,0.45535714285714285,5712,small_width
work,work/track_000552,299_im000052_00-28-05.jpg,work/track_000552/299_im000052_00-28-05.jpg,49,110,RGB,0.44545454545454544,5390,small_width
work,work/track_000552,299_im000053_00-28-05.jpg,work/track_000552/299_im000053_00-28-05.jpg,50,110,RGB,0.45454545454545453,5500,small_width
work,work/track_000552,299_im000054_00-28-05.jpg,work/track_000552/299_im000054_00-28-05.jpg,51,110,RGB,0.4636363636363636,5610,small_width
work,work/track_000552,299_im000055_00-28-05.jpg,work/track_000552/299_im000055_00-28-05.jpg,50,112,RGB,0.44642857142857145,5600,small_width
work,work/track_000552,299_im000056_00-28-05.jpg,work/track_000552/299_im000056_00-28-05.jpg,50,113,RGB,0.4424778761061947,5650,small_width
work,work/track_000552,299_im000057_00-28-05.jpg,work/track_000552/299_im000057_00-28-05.jpg,50,111,RGB,0.45045045045045046,5550,small_width
work,work/track_000552,299_im000058_00-28-05.jpg,work/track_000552/299_im000058_00-28-05.jpg,52,110,RGB,0.4727272727272727,5720,small_width
work,work/track_000552,299_im000059_00-28-06.jpg,work/track_000552/299_im000059_00-28-06.jpg,52,110,RGB,0.4727272727272727,5720,small_width
work,work/track_000552,299_im000060_00-28-06.jpg,work/track_000552/299_im000060_00-28-06.jpg,51,110,RGB,0.4636363636363636,5610,small_width
work,work/track_000552,299_im000061_00-28-06.jpg,work/track_000552/299_im000061_00-28-06.jpg,51,110,RGB,0.4636363636363636,5610,small_width
work,work/track_000552,299_im000062_00-28-06.jpg,work/track_000552/299_im000062_00-28-06.jpg,51,110,RGB,0.4636363636363636,5610,small_width
work,work/track_000552,299_im000063_00-28-06.jpg,work/track_000552/299_im000063_00-28-06.jpg,51,110,RGB,0.4636363636363636,5610,small_width
work,work/track_000552,299_im000064_00-28-06.jpg,work/track_000552/299_im000064_00-28-06.jpg,50,110,RGB,0.45454545454545453,5500,small_width
work,work/track_000552,299_im000065_00-28-06.jpg,work/track_000552/299_im000065_00-28-06.jpg,51,111,RGB,0.4594594594594595,5661,small_width
work,work/track_000552,299_im000066_00-28-06.jpg,work/track_000552/299_im000066_00-28-06.jpg,51,112,RGB,0.45535714285714285,5712,small_width
work,work/track_000552,299_im000067_00-28-06.jpg,work/track_000552/299_im000067_00-28-06.jpg,51,111,RGB,0.4594594594594595,5661,small_width
work,work/track_000552,299_im000068_00-28-06.jpg,work/track_000552/299_im000068_00-28-06.jpg,51,112,RGB,0.45535714285714285,5712,small_width
work,work/track_000552,299_im000069_00-28-06.jpg,work/track_000552/299_im000069_00-28-06.jpg,51,111,RGB,0.4594594594594595,5661,small_width
work,work/track_000552,299_im000070_00-28-06.jpg,work/track_000552/299_im000070_00-28-06.jpg,51,111,RGB,0.4594594594594595,5661,small_width
work,work/track_000552,299_im000071_00-28-07.jpg,work/track_000552/299_im000071_00-28-07.jpg,51,112,RGB,0.45535714285714285,5712,small_width
work,work/track_000552,299_im000072_00-28-07.jpg,work/track_000552/299_im000072_00-28-07.jpg,50,113,RGB,0.4424778761061947,5650,small_width
work,work/track_000552,299_im000073_00-28-07.jpg,work/track_000552/299_im000073_00-28-07.jpg,49,102,RGB,0.4803921568627451,4998,small_width
work,work/track_000552,299_im000074_00-28-07.jpg,work/track_000552/299_im000074_00-28-07.jpg,47,89,RGB,0.5280898876404494,4183,small_width
work,work/track_000552,299_im000075_00-28-07.jpg,work/track_000552/299_im000075_00-28-07.jpg,55,68,RGB,0.8088235294117647,3740,small_width
work,work/track_000552,299_im000076_00-28-08.jpg,work/track_000552/299_im000076_00-28-08.jpg,53,87,RGB,0.6091954022988506,4611,small_width
work,work/track_000552,299_im000077_00-28-08.jpg,work/track_000552/299_im000077_00-28-08.jpg,47,93,RGB,0.5053763440860215,4371,small_width
work,work/track_000552,299_im000078_00-28-08.jpg,work/track_000552/299_im000078_00-28-08.jpg,48,91,RGB,0.5274725274725275,4368,small_width
work,work/track_000552,299_im000079_00-28-08.jpg,work/track_000552/299_im000079_00-28-08.jpg,44,83,RGB,0.5301204819277109,3652,small_width
work,work/track_000552,299_im000080_00-28-08.jpg,work/track_000552/299_im000080_00-28-08.jpg,41,83,RGB,0.4939759036144578,3403,small_width
work,work/track_000552,457_im000001_00-42-25.jpg,work/track_000552/457_im000001_00-42-25.jpg,47,137,RGB,0.34306569343065696,6439,small_width
work,work/track_000552,457_im000003_00-42-25.jpg,work/track_000552/457_im000003_00-42-25.jpg,51,134,RGB,0.3805970149253731,6834,small_width
work,work/track_000552,457_im000004_00-42-25.jpg,work/track_000552/457_im000004_00-42-25.jpg,60,139,RGB,0.4316546762589928,8340,small_width
work,work/track_000552,457_im000007_00-42-25.jpg,work/track_000552/457_im000007_00-42-25.jpg,56,137,RGB,0.40875912408759124,7672,small_width
work,work/track_000552,457_im000008_00-42-25.jpg,work/track_000552/457_im000008_00-42-25.jpg,63,137,RGB,0.45985401459854014,8631,small_width
work,work/track_000552,457_im000011_00-42-26.jpg,work/track_000552/457_im000011_00-42-26.jpg,55,135,RGB,0.4074074074074074,7425,small_width
work,work/track_000552,457_im000012_00-42-26.jpg,work/track_000552/457_im000012_00-42-26.jpg,51,125,RGB,0.408,6375,small_width
work,work/track_000552,457_im000013_00-42-26.jpg,work/track_000552/457_im000013_00-42-26.jpg,50,113,RGB,0.4424778761061947,5650,small_width
work,work/track_000552,457_im000014_00-42-26.jpg,work/track_000552/457_im000014_00-42-26.jpg,49,111,RGB,0.44144144144144143,5439,small_width
work,work/track_000552,457_im000015_00-42-26.jpg,work/track_000552/457_im000015_00-42-26.jpg,49,110,RGB,0.44545454545454544,5390,small_width
work,work/track_000552,457_im000016_00-42-26.jpg,work/track_000552/457_im000016_00-42-26.jpg,49,111,RGB,0.44144144144144143,5439,small_width
work,work/track_000552,457_im000017_00-42-26.jpg,work/track_000552/457_im000017_00-42-26.jpg,49,112,RGB,0.4375,5488,small_width
work,work/track_000552,457_im000018_00-42-26.jpg,work/track_000552/457_im000018_00-42-26.jpg,49,112,RGB,0.4375,5488,small_width
work,work/track_000552,457_im000019_00-42-26.jpg,work/track_000552/457_im000019_00-42-26.jpg,52,113,RGB,0.46017699115044247,5876,small_width
work,work/track_000552,457_im000020_00-42-26.jpg,work/track_000552/457_im000020_00-42-26.jpg,52,112,RGB,0.4642857142857143,5824,small_width
work,work/track_000552,457_im000021_00-42-26.jpg,work/track_000552/457_im000021_00-42-26.jpg,50,114,RGB,0.43859649122807015,5700,small_width
work,work/track_000552,457_im000022_00-42-27.jpg,work/track_000552/457_im000022_00-42-27.jpg,50,115,RGB,0.43478260869565216,5750,small_width
work,work/track_000552,457_im000023_00-42-27.jpg,work/track_000552/457_im000023_00-42-27.jpg,51,115,RGB,0.4434782608695652,5865,small_width
work,work/track_000552,457_im000024_00-42-27.jpg,work/track_000552/457_im000024_00-42-27.jpg,51,116,RGB,0.4396551724137931,5916,small_width
work,work/track_000552,457_im000025_00-42-27.jpg,work/track_000552/457_im000025_00-42-27.jpg,52,116,RGB,0.4482758620689655,6032,small_width
work,work/track_000552,457_im000026_00-42-27.jpg,work/track_000552/457_im000026_00-42-27.jpg,53,117,RGB,0.452991452991453,6201,small_width
work,work/track_000552,457_im000027_00-42-27.jpg,work/track_000552/457_im000027_00-42-27.jpg,53,117,RGB,0.452991452991453,6201,small_width
work,work/track_000552,457_im000028_00-42-27.jpg,work/track_000552/457_im000028_00-42-27.jpg,53,117,RGB,0.452991452991453,6201,small_width
work,work/track_000552,457_im000029_00-42-27.jpg,work/track_000552/457_im000029_00-42-27.jpg,57,118,RGB,0.4830508474576271,6726,small_width
work,work/track_000552,457_im000030_00-42-27.jpg,work/track_000552/457_im000030_00-42-27.jpg,47,81,RGB,0.5802469135802469,3807,small_width
work,work/track_000552,552_1.jpg,work/track_000552/552_1.jpg,50,123,RGB,0.4065040650406504,6150,small_width
work,work/track_000552,552_2.jpg,work/track_000552/552_2.jpg,49,124,RGB,0.3951612903225806,6076,small_width
work,work/track_000552,552_3.jpg,work/track_000552/552_3.jpg,51,125,RGB,0.408,6375,small_width
work,work/track_000552,552_4.jpg,work/track_000552/552_4.jpg,45,122,RGB,0.36885245901639346,5490,small_width
work,work/track_000552,552_5.jpg,work/track_000552/552_5.jpg,46,140,RGB,0.32857142857142857,6440,small_width
work,work/track_000552,552_6.jpg,work/track_000552/552_6.jpg,50,139,RGB,0.3597122302158273,6950,small_width
work,work/track_000552,552_7.jpg,work/track_000552/552_7.jpg,51,139,RGB,0.3669064748201439,7089,small_width
work,work/track_000552,552_8.jpg,work/track_000552/552_8.jpg,43,134,RGB,0.3208955223880597,5762,small_width
work,work/track_000552,552_im000001_00-51-25.jpg,work/track_000552/552_im000001_00-51-25.jpg,50,139,RGB,0.3597122302158273,6950,small_width
work,work/track_000552,552_im000002_00-51-25.jpg,work/track_000552/552_im000002_00-51-25.jpg,51,137,RGB,0.3722627737226277,6987,small_width
work,work/track_000552,552_im000003_00-51-25.jpg,work/track_000552/552_im000003_00-51-25.jpg,47,139,RGB,0.3381294964028777,6533,small_width
work,work/track_000552,552_im000004_00-51-25.jpg,work/track_000552/552_im000004_00-51-25.jpg,45,137,RGB,0.3284671532846715,6165,small_width
work,work/track_000552,552_im000005_00-51-25.jpg,work/track_000552/552_im000005_00-51-25.jpg,46,139,RGB,0.33093525179856115,6394,small_width
work,work/track_000552,552_im000006_00-51-25.jpg,work/track_000552/552_im000006_00-51-25.jpg,46,137,RGB,0.3357664233576642,6302,small_width
work,work/track_000552,552_im000007_00-51-25.jpg,work/track_000552/552_im000007_00-51-25.jpg,47,134,RGB,0.35074626865671643,6298,small_width
work,work/track_000552,552_im000008_00-51-26.jpg,work/track_000552/552_im000008_00-51-26.jpg,50,135,RGB,0.37037037037037035,6750,small_width
work,work/track_000552,552_im000009_00-51-26.jpg,work/track_000552/552_im000009_00-51-26.jpg,49,136,RGB,0.3602941176470588,6664,small_width
work,work/track_000552,552_im000010_00-51-26.jpg,work/track_000552/552_im000010_00-51-26.jpg,49,135,RGB,0.362962962962963,6615,small_width
work,work/track_000552,552_im000011_00-51-26.jpg,work/track_000552/552_im000011_00-51-26.jpg,46,135,RGB,0.34074074074074073,6210,small_width
work,work/track_000552,552_im000012_00-51-26.jpg,work/track_000552/552_im000012_00-51-26.jpg,47,126,RGB,0.373015873015873,5922,small_width
work,work/track_000552,552_im000013_00-51-26.jpg,work/track_000552/552_im000013_00-51-26.jpg,48,126,RGB,0.38095238095238093,6048,small_width
work,work/track_000552,552_im000014_00-51-26.jpg,work/track_000552/552_im000014_00-51-26.jpg,49,128,RGB,0.3828125,6272,small_width
work,work/track_000552,552_im000015_00-51-26.jpg,work/track_000552/552_im000015_00-51-26.jpg,47,126,RGB,0.373015873015873,5922,small_width
work,work/track_000552,552_im000016_00-51-26.jpg,work/track_000552/552_im000016_00-51-26.jpg,50,129,RGB,0.3875968992248062,6450,small_width
work,work/track_000552,552_im000017_00-51-26.jpg,work/track_000552/552_im000017_00-51-26.jpg,49,130,RGB,0.3769230769230769,6370,small_width
work,work/track_000552,552_im000018_00-51-26.jpg,work/track_000552/552_im000018_00-51-26.jpg,49,127,RGB,0.3858267716535433,6223,small_width
work,work/track_000552,552_im000019_00-51-26.jpg,work/track_000552/552_im000019_00-51-26.jpg,47,129,RGB,0.3643410852713178,6063,small_width
work,work/track_000552,552_im000020_00-51-27.jpg,work/track_000552/552_im000020_00-51-27.jpg,48,124,RGB,0.3870967741935484,5952,small_width
work,work/track_000552,552_im000021_00-51-27.jpg,work/track_000552/552_im000021_00-51-27.jpg,47,123,RGB,0.3821138211382114,5781,small_width
work,work/track_000552,552_im000022_00-51-27.jpg,work/track_000552/552_im000022_00-51-27.jpg,45,125,RGB,0.36,5625,small_width
work,work/track_000552,552_im000023_00-51-27.jpg,work/track_000552/552_im000023_00-51-27.jpg,47,132,RGB,0.3560606060606061,6204,small_width
work,work/track_000552,552_im000024_00-51-27.jpg,work/track_000552/552_im000024_00-51-27.jpg,46,131,RGB,0.3511450381679389,6026,small_width
work,work/track_000552,552_im000025_00-51-27.jpg,work/track_000552/552_im000025_00-51-27.jpg,49,131,RGB,0.37404580152671757,6419,small_width
work,work/track_000552,552_im000026_00-51-27.jpg,work/track_000552/552_im000026_00-51-27.jpg,47,131,RGB,0.35877862595419846,6157,small_width
work,work/track_000552,552_im000027_00-51-27.jpg,work/track_000552/552_im000027_00-51-27.jpg,46,124,RGB,0.3709677419354839,5704,small_width
work,work/track_000552,552_im000028_00-51-27.jpg,work/track_000552/552_im000028_00-51-27.jpg,46,124,RGB,0.3709677419354839,5704,small_width
work,work/track_000552,552_im000029_00-51-27.jpg,work/track_000552/552_im000029_00-51-27.jpg,46,124,RGB,0.3709677419354839,5704,small_width
work,work/track_000552,552_im000030_00-51-27.jpg,work/track_000552/552_im000030_00-51-27.jpg,47,123,RGB,0.3821138211382114,5781,small_width
work,work/track_000552,552_im000031_00-51-27.jpg,work/track_000552/552_im000031_00-51-27.jpg,48,131,RGB,0.366412213740458,6288,small_width
work,work/track_000552,552_im000032_00-51-28.jpg,work/track_000552/552_im000032_00-51-28.jpg,48,128,RGB,0.375,6144,small_width
work,work/track_000552,552_im000033_00-51-28.jpg,work/track_000552/552_im000033_00-51-28.jpg,48,127,RGB,0.3779527559055118,6096,small_width
work,work/track_000552,552_im000034_00-51-28.jpg,work/track_000552/552_im000034_00-51-28.jpg,47,128,RGB,0.3671875,6016,small_width
work,work/track_000552,552_im000035_00-51-28.jpg,work/track_000552/552_im000035_00-51-28.jpg,48,124,RGB,0.3870967741935484,5952,small_width
work,work/track_000552,552_im000036_00-51-28.jpg,work/track_000552/552_im000036_00-51-28.jpg,48,128,RGB,0.375,6144,small_width
work,work/track_000552,552_im000037_00-51-28.jpg,work/track_000552/552_im000037_00-51-28.jpg,48,131,RGB,0.366412213740458,6288,small_width
work,work/track_000552,552_im000038_00-51-28.jpg,work/track_000552/552_im000038_00-51-28.jpg,47,131,RGB,0.35877862595419846,6157,small_width
work,work/track_000552,552_im000039_00-51-28.jpg,work/track_000552/552_im000039_00-51-28.jpg,48,131,RGB,0.366412213740458,6288,small_width
work,work/track_000552,552_im000040_00-51-28.jpg,work/track_000552/552_im000040_00-51-28.jpg,49,133,RGB,0.3684210526315789,6517,small_width
work,work/track_000552,552_im000041_00-51-28.jpg,work/track_000552/552_im000041_00-51-28.jpg,51,132,RGB,0.38636363636363635,6732,small_width
work,work/track_000552,552_im000042_00-51-28.jpg,work/track_000552/552_im000042_00-51-28.jpg,50,129,RGB,0.3875968992248062,6450,small_width
work,work/track_000552,552_im000043_00-51-28.jpg,work/track_000552/552_im000043_00-51-28.jpg,54,130,RGB,0.4153846153846154,7020,small_width
work,work/track_000552,552_im000045_00-51-29.jpg,work/track_000552/552_im000045_00-51-29.jpg,63,133,RGB,0.47368421052631576,8379,small_width
work,work/track_000552,552_im000062_00-51-30.jpg,work/track_000552/552_im000062_00-51-30.jpg,61,135,RGB,0.45185185185185184,8235,small_width
work,work/track_000552,552_im000063_00-51-31.jpg,work/track_000552/552_im000063_00-51-31.jpg,51,136,RGB,0.375,6936,small_width
work,work/track_000552,552_im000064_00-51-31.jpg,work/track_000552/552_im000064_00-51-31.jpg,59,138,RGB,0.427536231884058,8142,small_width
work,work/track_000552,552_im000065_00-51-31.jpg,work/track_000552/552_im000065_00-51-31.jpg,56,138,RGB,0.4057971014492754,7728,small_width
work,work/track_000552,552_im000066_00-51-36.jpg,work/track_000552/552_im000066_00-51-36.jpg,41,134,RGB,0.30597014925373134,5494,small_width
work,work/track_000552,552_im000067_00-51-36.jpg,work/track_000552/552_im000067_00-51-36.jpg,49,139,RGB,0.35251798561151076,6811,small_width
work,work/track_000552,552_im000069_00-51-36.jpg,work/track_000552/552_im000069_00-51-36.jpg,48,135,RGB,0.35555555555555557,6480,small_width
work,work/track_000552,552_im000070_00-51-36.jpg,work/track_000552/552_im000070_00-51-36.jpg,63,135,RGB,0.4666666666666667,8505,small_width
work,work/track_000552,552_im000071_00-51-36.jpg,work/track_000552/552_im000071_00-51-36.jpg,49,136,RGB,0.3602941176470588,6664,small_width
work,work/track_000552,552_im000072_00-51-37.jpg,work/track_000552/552_im000072_00-51-37.jpg,53,142,RGB,0.3732394366197183,7526,small_width
work,work/track_000552,552_im000073_00-51-37.jpg,work/track_000552/552_im000073_00-51-37.jpg,56,140,RGB,0.4,7840,small_width
work,work/track_000552,552_im000074_00-51-37.jpg,work/track_000552/552_im000074_00-51-37.jpg,52,138,RGB,0.37681159420289856,7176,small_width
work,work/track_000552,552_im000075_00-51-37.jpg,work/track_000552/552_im000075_00-51-37.jpg,54,139,RGB,0.38848920863309355,7506,small_width
work,work/track_000552,552_im000076_00-51-37.jpg,work/track_000552/552_im000076_00-51-37.jpg,50,139,RGB,0.3597122302158273,6950,small_width
work,work/track_000552,552_im000077_00-51-37.jpg,work/track_000552/552_im000077_00-51-37.jpg,52,139,RGB,0.37410071942446044,7228,small_width
work,work/track_000552,552_im000078_00-51-37.jpg,work/track_000552/552_im000078_00-51-37.jpg,51,137,RGB,0.3722627737226277,6987,small_width
work,work/track_000552,552_im000079_00-51-37.jpg,work/track_000552/552_im000079_00-51-37.jpg,50,134,RGB,0.373134328358209,6700,small_width
work,work/track_000552,552_im000080_00-51-37.jpg,work/track_000552/552_im000080_00-51-37.jpg,52,134,RGB,0.3880597014925373,6968,small_width
work,work/track_000552,552_im000081_00-51-37.jpg,work/track_000552/552_im000081_00-51-37.jpg,58,132,RGB,0.4393939393939394,7656,small_width
work,work/track_000552,552_im000082_00-51-37.jpg,work/track_000552/552_im000082_00-51-37.jpg,61,130,RGB,0.46923076923076923,7930,small_width
work,work/track_000552,552_im000083_00-51-37.jpg,work/track_000552/552_im000083_00-51-37.jpg,55,132,RGB,0.4166666666666667,7260,small_width
work,work/track_000552,552_im000084_00-51-38.jpg,work/track_000552/552_im000084_00-51-38.jpg,56,144,RGB,0.3888888888888889,8064,small_width
work,work/track_000552,552_im000085_00-51-38.jpg,work/track_000552/552_im000085_00-51-38.jpg,58,146,RGB,0.3972602739726027,8468,small_width
work,work/track_000552,552_im000086_00-51-38.jpg,work/track_000552/552_im000086_00-51-38.jpg,55,149,RGB,0.3691275167785235,8195,small_width
work,work/track_000552,552_im000087_00-51-38.jpg,work/track_000552/552_im000087_00-51-38.jpg,55,148,RGB,0.3716216216216216,8140,small_width
work,work/track_000552,552_im000088_00-51-38.jpg,work/track_000552/552_im000088_00-51-38.jpg,54,148,RGB,0.36486486486486486,7992,small_width
work,work/track_000552,552_im000089_00-51-38.jpg,work/track_000552/552_im000089_00-51-38.jpg,53,147,RGB,0.36054421768707484,7791,small_width
work,work/track_000552,552_im000090_00-51-38.jpg,work/track_000552/552_im000090_00-51-38.jpg,53,144,RGB,0.3680555555555556,7632,small_width
work,work/track_000552,552_im000091_00-51-38.jpg,work/track_000552/552_im000091_00-51-38.jpg,56,132,RGB,0.42424242424242425,7392,small_width
work,work/track_000552,552_im000092_00-51-38.jpg,work/track_000552/552_im000092_00-51-38.jpg,56,131,RGB,0.42748091603053434,7336,small_width
work,work/track_000552,552_im000093_00-51-38.jpg,work/track_000552/552_im000093_00-51-38.jpg,55,130,RGB,0.4230769230769231,7150,small_width
work,work/track_000552,552_im000094_00-51-38.jpg,work/track_000552/552_im000094_00-51-38.jpg,55,131,RGB,0.4198473282442748,7205,small_width
work,work/track_000552,552_im000095_00-51-38.jpg,work/track_000552/552_im000095_00-51-38.jpg,55,130,RGB,0.4230769230769231,7150,small_width
work,work/track_000552,552_im000096_00-51-39.jpg,work/track_000552/552_im000096_00-51-39.jpg,55,138,RGB,0.39855072463768115,7590,small_width
work,work/track_000552,552_im000097_00-51-39.jpg,work/track_000552/552_im000097_00-51-39.jpg,55,143,RGB,0.38461538461538464,7865,small_width
work,work/track_000552,552_im000098_00-51-39.jpg,work/track_000552/552_im000098_00-51-39.jpg,56,143,RGB,0.3916083916083916,8008,small_width
work,work/track_000552,552_im000099_00-51-39.jpg,work/track_000552/552_im000099_00-51-39.jpg,56,144,RGB,0.3888888888888889,8064,small_width
work,work/track_000552,552_im000100_00-51-39.jpg,work/track_000552/552_im000100_00-51-39.jpg,55,130,RGB,0.4230769230769231,7150,small_width
work,work/track_000552,552_im000101_00-51-39.jpg,work/track_000552/552_im000101_00-51-39.jpg,55,131,RGB,0.4198473282442748,7205,small_width
work,work/track_000552,552_im000102_00-51-39.jpg,work/track_000552/552_im000102_00-51-39.jpg,55,129,RGB,0.4263565891472868,7095,small_width
work,work/track_000552,552_im000103_00-51-39.jpg,work/track_000552/552_im000103_00-51-39.jpg,54,134,RGB,0.40298507462686567,7236,small_width
work,work/track_000552,552_im000104_00-51-39.jpg,work/track_000552/552_im000104_00-51-39.jpg,54,146,RGB,0.3698630136986301,7884,small_width
work,work/track_000552,552_im000105_00-51-39.jpg,work/track_000552/552_im000105_00-51-39.jpg,55,145,RGB,0.3793103448275862,7975,small_width
work,work/track_000552,552_im000106_00-51-39.jpg,work/track_000552/552_im000106_00-51-39.jpg,55,142,RGB,0.3873239436619718,7810,small_width
work,work/track_000552,552_im000107_00-51-39.jpg,work/track_000552/552_im000107_00-51-39.jpg,56,134,RGB,0.417910447761194,7504,small_width
work,work/track_000552,552_im000108_00-51-40.jpg,work/track_000552/552_im000108_00-51-40.jpg,56,132,RGB,0.42424242424242425,7392,small_width
work,work/track_000552,552_im000109_00-51-40.jpg,work/track_000552/552_im000109_00-51-40.jpg,56,134,RGB,0.417910447761194,7504,small_width
work,work/track_000552,552_im000110_00-51-40.jpg,work/track_000552/552_im000110_00-51-40.jpg,55,140,RGB,0.39285714285714285,7700,small_width
work,work/track_000552,552_im000111_00-51-40.jpg,work/track_000552/552_im000111_00-51-40.jpg,55,131,RGB,0.4198473282442748,7205,small_width
work,work/track_000552,552_im000112_00-51-40.jpg,work/track_000552/552_im000112_00-51-40.jpg,55,131,RGB,0.4198473282442748,7205,small_width
work,work/track_000552,552_im000113_00-51-40.jpg,work/track_000552/552_im000113_00-51-40.jpg,56,129,RGB,0.43410852713178294,7224,small_width
work,work/track_000552,552_im000114_00-51-40.jpg,work/track_000552/552_im000114_00-51-40.jpg,56,130,RGB,0.4307692307692308,7280,small_width
work,work/track_000552,552_im000115_00-51-40.jpg,work/track_000552/552_im000115_00-51-40.jpg,56,136,RGB,0.4117647058823529,7616,small_width
work,work/track_000552,552_im000116_00-51-40.jpg,work/track_000552/552_im000116_00-51-40.jpg,56,138,RGB,0.4057971014492754,7728,small_width
work,work/track_000552,552_im000117_00-51-40.jpg,work/track_000552/552_im000117_00-51-40.jpg,55,130,RGB,0.4230769230769231,7150,small_width
work,work/track_000552,552_im000118_00-51-40.jpg,work/track_000552/552_im000118_00-51-40.jpg,54,131,RGB,0.4122137404580153,7074,small_width
work,work/track_000552,552_im000119_00-51-40.jpg,work/track_000552/552_im000119_00-51-40.jpg,54,131,RGB,0.4122137404580153,7074,small_width
work,work/track_000552,552_im000120_00-51-41.jpg,work/track_000552/552_im000120_00-51-41.jpg,57,134,RGB,0.4253731343283582,7638,small_width
work,work/track_000552,552_im000121_00-51-41.jpg,work/track_000552/552_im000121_00-51-41.jpg,55,135,RGB,0.4074074074074074,7425,small_width
work,work/track_000552,552_im000122_00-51-41.jpg,work/track_000552/552_im000122_00-51-41.jpg,56,134,RGB,0.417910447761194,7504,small_width
work,work/track_000552,552_im000123_00-51-41.jpg,work/track_000552/552_im000123_00-51-41.jpg,57,132,RGB,0.4318181818181818,7524,small_width
work,work/track_000552,552_im000124_00-51-41.jpg,work/track_000552/552_im000124_00-51-41.jpg,58,131,RGB,0.44274809160305345,7598,small_width
work,work/track_000552,552_im000125_00-51-41.jpg,work/track_000552/552_im000125_00-51-41.jpg,63,133,RGB,0.47368421052631576,8379,small_width
work,work/track_000552,552_im000127_00-51-41.jpg,work/track_000552/552_im000127_00-51-41.jpg,56,135,RGB,0.4148148148148148,7560,small_width
work,work/track_000552,552_im000128_00-51-41.jpg,work/track_000552/552_im000128_00-51-41.jpg,53,132,RGB,0.4015151515151515,6996,small_width
work,work/track_000552,552_im000129_00-51-41.jpg,work/track_000552/552_im000129_00-51-41.jpg,49,134,RGB,0.3656716417910448,6566,small_width
work,work/track_000552,552_im000130_00-51-41.jpg,work/track_000552/552_im000130_00-51-41.jpg,34,81,RGB,0.41975308641975306,2754,small_width
work,work/track_000552,552_im000131_00-51-42.jpg,work/track_000552/552_im000131_00-51-42.jpg,42,80,RGB,0.525,3360,small_width
work,work/track_000705,8_im.jpg,work/track_000705/8_im.jpg,46,91,RGB,0.5054945054945055,4186,small_width
work,work/track_000914,im000001_00-58-05.jpg,work/track_000914/im000001_00-58-05.jpg,57,86,RGB,0.6627906976744186,4902,small_width
work,work/track_000914,im000032_00-58-08.jpg,work/track_000914/im000032_00-58-08.jpg,166,66,RGB,2.515151515151515,10956,high_aspect
work,work/track_001058,im000001_00-51-48.jpg,work/track_001058/im000001_00-51-48.jpg,63,124,RGB,0.5080645161290323,7812,small_width
work,work/track_001058,im000069_00-51-53.jpg,work/track_001058/im000069_00-51-53.jpg,60,122,RGB,0.4918032786885246,7320,small_width
work,work/track_001058,im000070_00-51-53.jpg,work/track_001058/im000070_00-51-53.jpg,59,129,RGB,0.4573643410852713,7611,small_width
work,work/track_001058,im000071_00-51-53.jpg,work/track_001058/im000071_00-51-53.jpg,58,114,RGB,0.5087719298245614,6612,small_width
work,work/track_001058,im000072_00-51-54.jpg,work/track_001058/im000072_00-51-54.jpg,57,107,RGB,0.5327102803738317,6099,small_width
work,work/track_001058,im000073_00-51-54.jpg,work/track_001058/im000073_00-51-54.jpg,56,108,RGB,0.5185185185185185,6048,small_width
work,work/track_001058,im000074_00-51-54.jpg,work/track_001058/im000074_00-51-54.jpg,58,100,RGB,0.58,5800,small_width
work,work/track_001058,im000076_00-51-54.jpg,work/track_001058/im000076_00-51-54.jpg,63,125,RGB,0.504,7875,small_width
work,work/track_001058,im000077_00-51-54.jpg,work/track_001058/im000077_00-51-54.jpg,61,130,RGB,0.46923076923076923,7930,small_width
work,work/track_001058,im000078_00-51-54.jpg,work/track_001058/im000078_00-51-54.jpg,63,133,RGB,0.47368421052631576,8379,small_width
work,work/track_001058,im000101_00-51-56.jpg,work/track_001058/im000101_00-51-56.jpg,61,128,RGB,0.4765625,7808,small_width
work,work/track_001058,im000102_00-51-56.jpg,work/track_001058/im000102_00-51-56.jpg,60,125,RGB,0.48,7500,small_width
work,work/track_001058,im000103_00-51-56.jpg,work/track_001058/im000103_00-51-56.jpg,60,127,RGB,0.47244094488188976,7620,small_width
work,work/track_001058,im000104_00-51-56.jpg,work/track_001058/im000104_00-51-56.jpg,60,126,RGB,0.47619047619047616,7560,small_width
work,work/track_001058,im000105_00-51-56.jpg,work/track_001058/im000105_00-51-56.jpg,63,127,RGB,0.49606299212598426,8001,small_width
work,work/track_001058,im000106_00-51-56.jpg,work/track_001058/im000106_00-51-56.jpg,62,129,RGB,0.4806201550387597,7998,small_width
work,work/track_001058,im000109_00-51-57.jpg,work/track_001058/im000109_00-51-57.jpg,62,128,RGB,0.484375,7936,small_width
work,work/track_001058,im000110_00-51-57.jpg,work/track_001058/im000110_00-51-57.jpg,57,129,RGB,0.4418604651162791,7353,small_width
work,work/track_001058,im000111_00-51-57.jpg,work/track_001058/im000111_00-51-57.jpg,55,106,RGB,0.5188679245283019,5830,small_width
work,work/track_001058,im000112_00-51-57.jpg,work/track_001058/im000112_00-51-57.jpg,56,108,RGB,0.5185185185185185,6048,small_width
work,work/track_001058,im000113_00-51-57.jpg,work/track_001058/im000113_00-51-57.jpg,56,107,RGB,0.5233644859813084,5992,small_width
work,work/track_001058,im000114_00-51-57.jpg,work/track_001058/im000114_00-51-57.jpg,56,105,RGB,0.5333333333333333,5880,small_width
work,work/track_001058,im000115_00-51-57.jpg,work/track_001058/im000115_00-51-57.jpg,55,105,RGB,0.5238095238095238,5775,small_width
work,work/track_001058,im000116_00-51-57.jpg,work/track_001058/im000116_00-51-57.jpg,56,104,RGB,0.5384615384615384,5824,small_width
work,work/track_001058,im000117_00-51-57.jpg,work/track_001058/im000117_00-51-57.jpg,56,105,RGB,0.5333333333333333,5880,small_width
work,work/track_001058,im000118_00-51-57.jpg,work/track_001058/im000118_00-51-57.jpg,54,104,RGB,0.5192307692307693,5616,small_width
work,work/track_001058,im000119_00-51-57.jpg,work/track_001058/im000119_00-51-57.jpg,54,103,RGB,0.5242718446601942,5562,small_width
work,work/track_001058,im000120_00-51-58.jpg,work/track_001058/im000120_00-51-58.jpg,56,119,RGB,0.47058823529411764,6664,small_width
work,work/track_001058,im000121_00-51-58.jpg,work/track_001058/im000121_00-51-58.jpg,63,129,RGB,0.4883720930232558,8127,small_width
work,work/track_001058,im000335_00-52-16.jpg,work/track_001058/im000335_00-52-16.jpg,63,128,RGB,0.4921875,8064,small_width
work,work/track_001058,im000336_00-52-16.jpg,work/track_001058/im000336_00-52-16.jpg,57,125,RGB,0.456,7125,small_width
work,work/track_001058,im000337_00-52-16.jpg,work/track_001058/im000337_00-52-16.jpg,56,100,RGB,0.56,5600,small_width
work,work/track_001058,im000338_00-52-16.jpg,work/track_001058/im000338_00-52-16.jpg,56,99,RGB,0.5656565656565656,5544,small_width
work,work/track_001058,im000339_00-52-16.jpg,work/track_001058/im000339_00-52-16.jpg,54,98,RGB,0.5510204081632653,5292,small_width
work,work/track_001058,im000340_00-52-16.jpg,work/track_001058/im000340_00-52-16.jpg,54,116,RGB,0.46551724137931033,6264,small_width
work,work/track_001058,im000341_00-52-16.jpg,work/track_001058/im000341_00-52-16.jpg,55,127,RGB,0.4330708661417323,6985,small_width
work,work/track_001058,im000342_00-52-16.jpg,work/track_001058/im000342_00-52-16.jpg,60,128,RGB,0.46875,7680,small_width
work,work/track_001058,im000347_00-52-17.jpg,work/track_001058/im000347_00-52-17.jpg,62,134,RGB,0.4626865671641791,8308,small_width
work,work/track_001058,im000348_00-52-17.jpg,work/track_001058/im000348_00-52-17.jpg,58,134,RGB,0.43283582089552236,7772,small_width
work,work/track_001058,im000349_00-52-17.jpg,work/track_001058/im000349_00-52-17.jpg,62,131,RGB,0.4732824427480916,8122,small_width
work,work/track_001058,im000350_00-52-17.jpg,work/track_001058/im000350_00-52-17.jpg,62,129,RGB,0.4806201550387597,7998,small_width
work,work/track_001058,im000351_00-52-17.jpg,work/track_001058/im000351_00-52-17.jpg,63,132,RGB,0.4772727272727273,8316,small_width
work,work/track_001058,im000352_00-52-17.jpg,work/track_001058/im000352_00-52-17.jpg,62,131,RGB,0.4732824427480916,8122,small_width
work,work/track_001058,im000353_00-52-17.jpg,work/track_001058/im000353_00-52-17.jpg,62,129,RGB,0.4806201550387597,7998,small_width
work,work/track_001058,im000354_00-52-17.jpg,work/track_001058/im000354_00-52-17.jpg,63,130,RGB,0.4846153846153846,8190,small_width
work,work/track_001058,im000358_00-52-18.jpg,work/track_001058/im000358_00-52-18.jpg,62,123,RGB,0.5040650406504065,7626,small_width
work,work/track_001058,im000359_00-52-18.jpg,work/track_001058/im000359_00-52-18.jpg,61,121,RGB,0.5041322314049587,7381,small_width
work,work/track_001058,im000360_00-52-18.jpg,work/track_001058/im000360_00-52-18.jpg,61,122,RGB,0.5,7442,small_width
work,work/track_001058,im000364_00-52-18.jpg,work/track_001058/im000364_00-52-18.jpg,63,128,RGB,0.4921875,8064,small_width
work,work/track_001058,im000365_00-52-18.jpg,work/track_001058/im000365_00-52-18.jpg,62,128,RGB,0.484375,7936,small_width
work,work/track_001058,im000366_00-52-18.jpg,work/track_001058/im000366_00-52-18.jpg,62,127,RGB,0.4881889763779528,7874,small_width
work,work/track_001058,im000367_00-52-18.jpg,work/track_001058/im000367_00-52-18.jpg,61,127,RGB,0.48031496062992124,7747,small_width
work,work/track_001058,im000368_00-52-18.jpg,work/track_001058/im000368_00-52-18.jpg,61,128,RGB,0.4765625,7808,small_width
work,work/track_001058,im000369_00-52-18.jpg,work/track_001058/im000369_00-52-18.jpg,61,127,RGB,0.48031496062992124,7747,small_width
work,work/track_001058,im000370_00-52-19.jpg,work/track_001058/im000370_00-52-19.jpg,61,125,RGB,0.488,7625,small_width
work,work/track_001058,im000371_00-52-19.jpg,work/track_001058/im000371_00-52-19.jpg,62,127,RGB,0.4881889763779528,7874,small_width
work,work/track_001058,im000372_00-52-19.jpg,work/track_001058/im000372_00-52-19.jpg,62,128,RGB,0.484375,7936,small_width
work,work/track_001058,im000373_00-52-19.jpg,work/track_001058/im000373_00-52-19.jpg,62,127,RGB,0.4881889763779528,7874,small_width
work,work/track_001058,im000374_00-52-19.jpg,work/track_001058/im000374_00-52-19.jpg,62,129,RGB,0.4806201550387597,7998,small_width
work,work/track_001058,im000375_00-52-19.jpg,work/track_001058/im000375_00-52-19.jpg,61,128,RGB,0.4765625,7808,small_width
work,work/track_001058,im000376_00-52-19.jpg,work/track_001058/im000376_00-52-19.jpg,61,129,RGB,0.4728682170542636,7869,small_width
work,work/track_001058,im000377_00-52-19.jpg,work/track_001058/im000377_00-52-19.jpg,61,132,RGB,0.4621212121212121,8052,small_width
work,work/track_001058,im000378_00-52-19.jpg,work/track_001058/im000378_00-52-19.jpg,60,122,RGB,0.4918032786885246,7320,small_width
work,work/track_001058,im000379_00-52-19.jpg,work/track_001058/im000379_00-52-19.jpg,60,127,RGB,0.47244094488188976,7620,small_width
work,work/track_001058,im000380_00-52-19.jpg,work/track_001058/im000380_00-52-19.jpg,60,129,RGB,0.46511627906976744,7740,small_width
work,work/track_001058,im000381_00-52-19.jpg,work/track_001058/im000381_00-52-19.jpg,60,123,RGB,0.4878048780487805,7380,small_width
work,work/track_001058,im000382_00-52-20.jpg,work/track_001058/im000382_00-52-20.jpg,60,127,RGB,0.47244094488188976,7620,small_width
work,work/track_001058,im000383_00-52-20.jpg,work/track_001058/im000383_00-52-20.jpg,61,125,RGB,0.488,7625,small_width
work,work/track_001058,im000384_00-52-20.jpg,work/track_001058/im000384_00-52-20.jpg,60,128,RGB,0.46875,7680,small_width
work,work/track_001058,im000385_00-52-20.jpg,work/track_001058/im000385_00-52-20.jpg,61,127,RGB,0.48031496062992124,7747,small_width
work,work/track_001058,im000400_00-52-21.jpg,work/track_001058/im000400_00-52-21.jpg,61,129,RGB,0.4728682170542636,7869,small_width
work,work/track_001058,im000401_00-52-21.jpg,work/track_001058/im000401_00-52-21.jpg,59,125,RGB,0.472,7375,small_width
work,work/track_001058,im000402_00-52-21.jpg,work/track_001058/im000402_00-52-21.jpg,53,123,RGB,0.43089430894308944,6519,small_width
work,work/track_001058,im000403_00-52-21.jpg,work/track_001058/im000403_00-52-21.jpg,54,125,RGB,0.432,6750,small_width
work,work/track_001058,im000404_00-52-21.jpg,work/track_001058/im000404_00-52-21.jpg,55,128,RGB,0.4296875,7040,small_width
work,work/track_001058,im000405_00-52-21.jpg,work/track_001058/im000405_00-52-21.jpg,55,117,RGB,0.4700854700854701,6435,small_width
work,work/track_001058,im000406_00-52-22.jpg,work/track_001058/im000406_00-52-22.jpg,54,114,RGB,0.47368421052631576,6156,small_width
work,work/track_001058,im000407_00-52-22.jpg,work/track_001058/im000407_00-52-22.jpg,54,90,RGB,0.6,4860,small_width
work,work/track_001058,im000408_00-52-22.jpg,work/track_001058/im000408_00-52-22.jpg,54,88,RGB,0.6136363636363636,4752,small_width
work,work/track_001058,im000409_00-52-22.jpg,work/track_001058/im000409_00-52-22.jpg,52,93,RGB,0.5591397849462365,4836,small_width
work,work/track_001058,im000410_00-52-22.jpg,work/track_001058/im000410_00-52-22.jpg,52,92,RGB,0.5652173913043478,4784,small_width
work,work/track_001058,im000411_00-52-22.jpg,work/track_001058/im000411_00-52-22.jpg,52,92,RGB,0.5652173913043478,4784,small_width
work,work/track_001058,im000412_00-52-22.jpg,work/track_001058/im000412_00-52-22.jpg,53,90,RGB,0.5888888888888889,4770,small_width
work,work/track_001058,im000413_00-52-23.jpg,work/track_001058/im000413_00-52-23.jpg,56,89,RGB,0.6292134831460674,4984,small_width
work,work/track_001058,im000414_00-52-23.jpg,work/track_001058/im000414_00-52-23.jpg,55,88,RGB,0.625,4840,small_width
work,work/track_001058,im000415_00-52-23.jpg,work/track_001058/im000415_00-52-23.jpg,56,82,RGB,0.6829268292682927,4592,small_width
work,work/track_001058,im000416_00-52-23.jpg,work/track_001058/im000416_00-52-23.jpg,55,80,RGB,0.6875,4400,small_width
work,work/track_001058,im000417_00-52-23.jpg,work/track_001058/im000417_00-52-23.jpg,54,80,RGB,0.675,4320,small_width
work,work/track_001058,im000418_00-52-24.jpg,work/track_001058/im000418_00-52-24.jpg,55,72,RGB,0.7638888888888888,3960,small_width
work,work/track_001058,im000419_00-52-24.jpg,work/track_001058/im000419_00-52-24.jpg,54,73,RGB,0.7397260273972602,3942,small_width
work,work/track_001058,im000420_00-52-24.jpg,work/track_001058/im000420_00-52-24.jpg,55,73,RGB,0.7534246575342466,4015,small_width
work,work/track_001058,im000421_00-52-24.jpg,work/track_001058/im000421_00-52-24.jpg,54,70,RGB,0.7714285714285715,3780,small_width
work,work/track_001058,im000422_00-52-24.jpg,work/track_001058/im000422_00-52-24.jpg,54,78,RGB,0.6923076923076923,4212,small_width
work,work/track_001058,im000423_00-52-24.jpg,work/track_001058/im000423_00-52-24.jpg,54,79,RGB,0.6835443037974683,4266,small_width
work,work/track_001058,im000424_00-52-24.jpg,work/track_001058/im000424_00-52-24.jpg,54,78,RGB,0.6923076923076923,4212,small_width
work,work/track_001058,im000425_00-52-24.jpg,work/track_001058/im000425_00-52-24.jpg,54,79,RGB,0.6835443037974683,4266,small_width
work,work/track_001058,im000426_00-52-24.jpg,work/track_001058/im000426_00-52-24.jpg,53,80,RGB,0.6625,4240,small_width
work,work/track_001058,im000427_00-52-25.jpg,work/track_001058/im000427_00-52-25.jpg,52,76,RGB,0.6842105263157895,3952,small_width
work,work/track_001177,im000045_00-58-56.jpg,work/track_001177/im000045_00-58-56.jpg,58,105,RGB,0.5523809523809524,6090,small_width
work,work/track_001177,im000046_00-58-56.jpg,work/track_001177/im000046_00-58-56.jpg,51,92,RGB,0.5543478260869565,4692,small_width
work,work/track_001303,im000011_00-48-19.jpg,work/track_001303/im000011_00-48-19.jpg,314,113,RGB,2.7787610619469025,35482,high_aspect
work,work/track_001403,im000001_00-49-05.jpg,work/track_001403/im000001_00-49-05.jpg,57,135,RGB,0.4222222222222222,7695,small_width
work,work/track_001403,im000002_00-49-06.jpg,work/track_001403/im000002_00-49-06.jpg,60,143,RGB,0.4195804195804196,8580,small_width
work,work/track_001403,im000003_00-49-06.jpg,work/track_001403/im000003_00-49-06.jpg,58,144,RGB,0.4027777777777778,8352,small_width
work,work/track_001403,im000004_00-49-06.jpg,work/track_001403/im000004_00-49-06.jpg,61,148,RGB,0.41216216216216217,9028,small_width
work,work/track_001403,im000006_00-49-06.jpg,work/track_001403/im000006_00-49-06.jpg,57,164,RGB,0.3475609756097561,9348,small_width
work,work/track_001403,im000007_00-49-06.jpg,work/track_001403/im000007_00-49-06.jpg,55,167,RGB,0.32934131736526945,9185,small_width
work,work/track_001403,im000008_00-49-06.jpg,work/track_001403/im000008_00-49-06.jpg,59,166,RGB,0.35542168674698793,9794,small_width
work,work/track_001403,im000009_00-49-06.jpg,work/track_001403/im000009_00-49-06.jpg,60,166,RGB,0.3614457831325301,9960,small_width
work,work/track_001403,im000043_00-49-09.jpg,work/track_001403/im000043_00-49-09.jpg,61,164,RGB,0.3719512195121951,10004,small_width
work,work/track_001403,im000044_00-49-09.jpg,work/track_001403/im000044_00-49-09.jpg,62,165,RGB,0.37575757575757573,10230,small_width
work,work/track_001403,im000045_00-49-09.jpg,work/track_001403/im000045_00-49-09.jpg,60,165,RGB,0.36363636363636365,9900,small_width
work,work/track_001403,im000046_00-49-09.jpg,work/track_001403/im000046_00-49-09.jpg,60,165,RGB,0.36363636363636365,9900,small_width
work,work/track_001403,im000047_00-49-10.jpg,work/track_001403/im000047_00-49-10.jpg,61,163,RGB,0.37423312883435583,9943,small_width
work,work/track_001403,im000048_00-49-10.jpg,work/track_001403/im000048_00-49-10.jpg,60,165,RGB,0.36363636363636365,9900,small_width
work,work/track_001403,im000049_00-49-10.jpg,work/track_001403/im000049_00-49-10.jpg,59,165,RGB,0.3575757575757576,9735,small_width
work,work/track_001403,im000050_00-49-10.jpg,work/track_001403/im000050_00-49-10.jpg,60,165,RGB,0.36363636363636365,9900,small_width
work,work/track_001403,im000053_00-49-10.jpg,work/track_001403/im000053_00-49-10.jpg,57,169,RGB,0.33727810650887574,9633,small_width
work,work/track_001403,im000054_00-49-10.jpg,work/track_001403/im000054_00-49-10.jpg,59,180,RGB,0.3277777777777778,10620,small_width
work,work/track_001403,im000063_00-49-11.jpg,work/track_001403/im000063_00-49-11.jpg,62,186,RGB,0.3333333333333333,11532,small_width
work,work/track_001403,im000064_00-49-11.jpg,work/track_001403/im000064_00-49-11.jpg,62,185,RGB,0.33513513513513515,11470,small_width
work,work/track_001403,im000065_00-49-11.jpg,work/track_001403/im000065_00-49-11.jpg,63,175,RGB,0.36,11025,small_width
work,work/track_001403,im000066_00-49-11.jpg,work/track_001403/im000066_00-49-11.jpg,62,170,RGB,0.36470588235294116,10540,small_width
work,work/track_001403,im000067_00-49-11.jpg,work/track_001403/im000067_00-49-11.jpg,62,161,RGB,0.38509316770186336,9982,small_width
work,work/track_001403,im000070_00-49-11.jpg,work/track_001403/im000070_00-49-11.jpg,57,140,RGB,0.40714285714285714,7980,small_width
work,work/track_001403,im000071_00-49-12.jpg,work/track_001403/im000071_00-49-12.jpg,51,133,RGB,0.38345864661654133,6783,small_width
work,work/track_001403,im000072_00-49-12.jpg,work/track_001403/im000072_00-49-12.jpg,41,127,RGB,0.3228346456692913,5207,small_width
work,work/track_001403,im000073_00-49-12.jpg,work/track_001403/im000073_00-49-12.jpg,32,112,RGB,0.2857142857142857,3584,small_width
work,work/track_001403,im000074_00-49-12.jpg,work/track_001403/im000074_00-49-12.jpg,32,112,RGB,0.2857142857142857,3584,small_width
work,work/track_001403,im000075_00-49-12.jpg,work/track_001403/im000075_00-49-12.jpg,39,133,RGB,0.2932330827067669,5187,small_width
work,work/track_001403,im000076_00-49-12.jpg,work/track_001403/im000076_00-49-12.jpg,43,133,RGB,0.3233082706766917,5719,small_width
work,work/track_001403,im000077_00-49-12.jpg,work/track_001403/im000077_00-49-12.jpg,43,133,RGB,0.3233082706766917,5719,small_width
work,work/track_001403,im000078_00-49-12.jpg,work/track_001403/im000078_00-49-12.jpg,46,133,RGB,0.3458646616541353,6118,small_width
work,work/track_001403,im000079_00-49-12.jpg,work/track_001403/im000079_00-49-12.jpg,52,135,RGB,0.3851851851851852,7020,small_width
work,work/track_001403,im000080_00-49-12.jpg,work/track_001403/im000080_00-49-12.jpg,51,134,RGB,0.3805970149253731,6834,small_width
work,work/track_001403,im000081_00-49-12.jpg,work/track_001403/im000081_00-49-12.jpg,52,133,RGB,0.39097744360902253,6916,small_width
work,work/track_001403,im000082_00-49-12.jpg,work/track_001403/im000082_00-49-12.jpg,49,134,RGB,0.3656716417910448,6566,small_width
work,work/track_001403,im000083_00-49-13.jpg,work/track_001403/im000083_00-49-13.jpg,49,137,RGB,0.35766423357664234,6713,small_width
work,work/track_001403,im000084_00-49-13.jpg,work/track_001403/im000084_00-49-13.jpg,41,135,RGB,0.3037037037037037,5535,small_width
work,work/track_001403,im000085_00-49-13.jpg,work/track_001403/im000085_00-49-13.jpg,39,131,RGB,0.29770992366412213,5109,small_width
work,work/track_001456,im000001_00-50-23.jpg,work/track_001456/im000001_00-50-23.jpg,53,76,RGB,0.6973684210526315,4028,small_width
work,work/track_001456,im000002_00-50-23.jpg,work/track_001456/im000002_00-50-23.jpg,54,76,RGB,0.7105263157894737,4104,small_width
work,work/track_001456,im000003_00-50-23.jpg,work/track_001456/im000003_00-50-23.jpg,56,78,RGB,0.717948717948718,4368,small_width
work,work/track_001456,im000004_00-50-23.jpg,work/track_001456/im000004_00-50-23.jpg,52,82,RGB,0.6341463414634146,4264,small_width
work,work/track_001456,im000005_00-50-23.jpg,work/track_001456/im000005_00-50-23.jpg,55,81,RGB,0.6790123456790124,4455,small_width
work,work/track_001456,im000006_00-50-23.jpg,work/track_001456/im000006_00-50-23.jpg,54,80,RGB,0.675,4320,small_width
work,work/track_001456,im000007_00-50-23.jpg,work/track_001456/im000007_00-50-23.jpg,55,81,RGB,0.6790123456790124,4455,small_width
work,work/track_001456,im000008_00-50-23.jpg,work/track_001456/im000008_00-50-23.jpg,57,85,RGB,0.6705882352941176,4845,small_width
work,work/track_001456,im000009_00-50-23.jpg,work/track_001456/im000009_00-50-23.jpg,58,84,RGB,0.6904761904761905,4872,small_width
work,work/track_001456,im000010_00-50-23.jpg,work/track_001456/im000010_00-50-23.jpg,59,84,RGB,0.7023809523809523,4956,small_width
work,work/track_001456,im000011_00-50-24.jpg,work/track_001456/im000011_00-50-24.jpg,57,97,RGB,0.5876288659793815,5529,small_width
work,work/track_001456,im000012_00-50-24.jpg,work/track_001456/im000012_00-50-24.jpg,62,93,RGB,0.6666666666666666,5766,small_width
work,work/track_001456,im000016_00-50-24.jpg,work/track_001456/im000016_00-50-24.jpg,60,90,RGB,0.6666666666666666,5400,small_width
work,work/track_001456,im000017_00-50-24.jpg,work/track_001456/im000017_00-50-24.jpg,62,90,RGB,0.6888888888888889,5580,small_width
work,work/track_001456,im000018_00-50-24.jpg,work/track_001456/im000018_00-50-24.jpg,53,94,RGB,0.5638297872340425,4982,small_width
work,work/track_001456,im000019_00-50-24.jpg,work/track_001456/im000019_00-50-24.jpg,46,100,RGB,0.46,4600,small_width
work,work/track_001456,im000020_00-50-24.jpg,work/track_001456/im000020_00-50-24.jpg,63,103,RGB,0.6116504854368932,6489,small_width
work,work/track_001456,im000028_00-50-25.jpg,work/track_001456/im000028_00-50-25.jpg,62,118,RGB,0.5254237288135594,7316,small_width
work,work/track_001456,im000029_00-50-25.jpg,work/track_001456/im000029_00-50-25.jpg,60,100,RGB,0.6,6000,small_width
work,work/track_001456,im000030_00-50-25.jpg,work/track_001456/im000030_00-50-25.jpg,49,100,RGB,0.49,4900,small_width
work,work/track_001456,im000031_00-50-25.jpg,work/track_001456/im000031_00-50-25.jpg,44,99,RGB,0.4444444444444444,4356,small_width
work,work/track_001456,im000032_00-50-25.jpg,work/track_001456/im000032_00-50-25.jpg,44,97,RGB,0.4536082474226804,4268,small_width
work,work/track_001456,im000033_00-50-25.jpg,work/track_001456/im000033_00-50-25.jpg,50,92,RGB,0.5434782608695652,4600,small_width
work,work/track_001456,im000034_00-50-25.jpg,work/track_001456/im000034_00-50-25.jpg,53,93,RGB,0.5698924731182796,4929,small_width
work,work/track_001456,im000037_00-50-26.jpg,work/track_001456/im000037_00-50-26.jpg,60,95,RGB,0.631578947368421,5700,small_width
work,work/track_001456,im000038_00-50-26.jpg,work/track_001456/im000038_00-50-26.jpg,43,68,RGB,0.6323529411764706,2924,small_width
work,work/track_001456,im000039_00-50-26.jpg,work/track_001456/im000039_00-50-26.jpg,56,67,RGB,0.835820895522388,3752,small_width
work,work/track_001456,im000040_00-50-27.jpg,work/track_001456/im000040_00-50-27.jpg,53,60,RGB,0.8833333333333333,3180,"small_width,small_height"
work,work/track_001456,im000041_00-50-27.jpg,work/track_001456/im000041_00-50-27.jpg,56,69,RGB,0.8115942028985508,3864,small_width
work,work/track_001456,im000042_00-50-27.jpg,work/track_001456/im000042_00-50-27.jpg,45,65,RGB,0.6923076923076923,2925,small_width
work,work/track_001456,im000043_00-50-27.jpg,work/track_001456/im000043_00-50-27.jpg,52,66,RGB,0.7878787878787878,3432,small_width
work,work/track_001456,im000045_00-50-27.jpg,work/track_001456/im000045_00-50-27.jpg,67,63,RGB,1.0634920634920635,4221,small_height
work,work/track_001456,im000046_00-50-27.jpg,work/track_001456/im000046_00-50-27.jpg,67,63,RGB,1.0634920634920635,4221,small_height
work,work/track_001456,im000047_00-50-27.jpg,work/track_001456/im000047_00-50-27.jpg,61,57,RGB,1.0701754385964912,3477,"small_width,small_height"
work,work/track_001456,im000048_00-50-28.jpg,work/track_001456/im000048_00-50-28.jpg,48,66,RGB,0.7272727272727273,3168,small_width
work,work/track_001456,im000049_00-50-28.jpg,work/track_001456/im000049_00-50-28.jpg,53,69,RGB,0.7681159420289855,3657,small_width
work,work/track_001456,im000050_00-50-28.jpg,work/track_001456/im000050_00-50-28.jpg,45,68,RGB,0.6617647058823529,3060,small_width
work,work/track_001456,im000051_00-50-28.jpg,work/track_001456/im000051_00-50-28.jpg,52,72,RGB,0.7222222222222222,3744,small_width
work,work/track_001460,im000003_00-50-29.jpg,work/track_001460/im000003_00-50-29.jpg,63,165,RGB,0.38181818181818183,10395,small_width
work,work/track_001460,im000004_00-50-29.jpg,work/track_001460/im000004_00-50-29.jpg,60,167,RGB,0.3592814371257485,10020,small_width
work,work/track_001460,im000005_00-50-29.jpg,work/track_001460/im000005_00-50-29.jpg,62,165,RGB,0.37575757575757573,10230,small_width
work,work/track_001460,im000011_00-50-29.jpg,work/track_001460/im000011_00-50-29.jpg,56,165,RGB,0.3393939393939394,9240,small_width
work,work/track_001460,im000012_00-50-30.jpg,work/track_001460/im000012_00-50-30.jpg,58,164,RGB,0.35365853658536583,9512,small_width
work,work/track_001460,im000013_00-50-30.jpg,work/track_001460/im000013_00-50-30.jpg,58,163,RGB,0.3558282208588957,9454,small_width
work,work/track_001460,im000015_00-50-30.jpg,work/track_001460/im000015_00-50-30.jpg,56,164,RGB,0.34146341463414637,9184,small_width
work,work/track_001460,im000016_00-50-30.jpg,work/track_001460/im000016_00-50-30.jpg,58,164,RGB,0.35365853658536583,9512,small_width
work,work/track_001460,im000027_00-50-31.jpg,work/track_001460/im000027_00-50-31.jpg,61,162,RGB,0.3765432098765432,9882,small_width
work,work/track_001460,im000032_00-50-31.jpg,work/track_001460/im000032_00-50-31.jpg,58,160,RGB,0.3625,9280,small_width
work,work/track_001460,im000033_00-50-31.jpg,work/track_001460/im000033_00-50-31.jpg,62,159,RGB,0.389937106918239,9858,small_width
work,work/track_001460,im000034_00-50-31.jpg,work/track_001460/im000034_00-50-31.jpg,63,159,RGB,0.39622641509433965,10017,small_width
work,work/track_001460,im000035_00-50-31.jpg,work/track_001460/im000035_00-50-31.jpg,60,159,RGB,0.37735849056603776,9540,small_width
work,work/track_001460,im000038_00-50-32.jpg,work/track_001460/im000038_00-50-32.jpg,61,156,RGB,0.391025641025641,9516,small_width
work,work/track_001460,im000044_00-50-32.jpg,work/track_001460/im000044_00-50-32.jpg,59,158,RGB,0.37341772151898733,9322,small_width
work,work/track_001460,im000049_00-50-33.jpg,work/track_001460/im000049_00-50-33.jpg,63,133,RGB,0.47368421052631576,8379,small_width
work,work/track_001460,im000050_00-50-33.jpg,work/track_001460/im000050_00-50-33.jpg,59,135,RGB,0.43703703703703706,7965,small_width
work,work/track_001460,im000051_00-50-33.jpg,work/track_001460/im000051_00-50-33.jpg,58,120,RGB,0.48333333333333334,6960,small_width
work,work/track_001460,im000058_00-50-33.jpg,work/track_001460/im000058_00-50-33.jpg,58,97,RGB,0.5979381443298969,5626,small_width
work,work/track_001460,im000059_00-50-33.jpg,work/track_001460/im000059_00-50-33.jpg,56,95,RGB,0.5894736842105263,5320,small_width
work,work/track_001460,im000060_00-50-34.jpg,work/track_001460/im000060_00-50-34.jpg,52,92,RGB,0.5652173913043478,4784,small_width
work,work/track_001460,im000061_00-50-34.jpg,work/track_001460/im000061_00-50-34.jpg,44,90,RGB,0.4888888888888889,3960,small_width
work,work/track_001460,im000062_00-50-34.jpg,work/track_001460/im000062_00-50-34.jpg,44,89,RGB,0.4943820224719101,3916,small_width
work,work/track_001460,im000063_00-50-34.jpg,work/track_001460/im000063_00-50-34.jpg,43,88,RGB,0.48863636363636365,3784,small_width
work,work/track_001460,im000064_00-50-34.jpg,work/track_001460/im000064_00-50-34.jpg,40,83,RGB,0.4819277108433735,3320,small_width
work,work/track_001460,im000065_00-50-34.jpg,work/track_001460/im000065_00-50-34.jpg,42,79,RGB,0.5316455696202531,3318,small_width
work,work/track_001460,im000066_00-50-34.jpg,work/track_001460/im000066_00-50-34.jpg,43,74,RGB,0.581081081081081,3182,small_width
work,work/track_001519,im000001_00-52-50.jpg,work/track_001519/im000001_00-52-50.jpg,57,44,RGB,1.2954545454545454,2508,"small_width,small_height"
work,work/track_001519,im000002_00-52-50.jpg,work/track_001519/im000002_00-52-50.jpg,59,49,RGB,1.2040816326530612,2891,"small_width,small_height"
work,work/track_001519,im000003_00-52-50.jpg,work/track_001519/im000003_00-52-50.jpg,62,53,RGB,1.169811320754717,3286,"small_width,small_height"
work,work/track_001519,im000004_00-52-50.jpg,work/track_001519/im000004_00-52-50.jpg,62,55,RGB,1.1272727272727272,3410,"small_width,small_height"
work,work/track_001519,im000005_00-52-50.jpg,work/track_001519/im000005_00-52-50.jpg,65,59,RGB,1.1016949152542372,3835,small_height
work,work/track_002895,im000001_00-33-44.jpg,work/track_002895/im000001_00-33-44.jpg,54,129,RGB,0.4186046511627907,6966,small_width
work,work/track_002895,im000002_00-33-44.jpg,work/track_002895/im000002_00-33-44.jpg,59,125,RGB,0.472,7375,small_width
work,work/track_002895,im000003_00-33-44.jpg,work/track_002895/im000003_00-33-44.jpg,53,126,RGB,0.42063492063492064,6678,small_width
work,work/track_002895,im000004_00-33-44.jpg,work/track_002895/im000004_00-33-44.jpg,56,126,RGB,0.4444444444444444,7056,small_width
work,work/track_002895,im000005_00-33-44.jpg,work/track_002895/im000005_00-33-44.jpg,53,126,RGB,0.42063492063492064,6678,small_width
work,work/track_002895,im000006_00-33-44.jpg,work/track_002895/im000006_00-33-44.jpg,54,126,RGB,0.42857142857142855,6804,small_width
work,work/track_002895,im000007_00-33-44.jpg,work/track_002895/im000007_00-33-44.jpg,55,126,RGB,0.4365079365079365,6930,small_width
work,work/track_002895,im000008_00-33-44.jpg,work/track_002895/im000008_00-33-44.jpg,53,125,RGB,0.424,6625,small_width
work,work/track_002895,im000009_00-33-44.jpg,work/track_002895/im000009_00-33-44.jpg,49,127,RGB,0.3858267716535433,6223,small_width
work,work/track_002895,im000010_00-33-44.jpg,work/track_002895/im000010_00-33-44.jpg,47,127,RGB,0.3700787401574803,5969,small_width
work,work/track_002895,im000011_00-33-45.jpg,work/track_002895/im000011_00-33-45.jpg,48,127,RGB,0.3779527559055118,6096,small_width
work,work/track_002895,im000012_00-33-45.jpg,work/track_002895/im000012_00-33-45.jpg,47,127,RGB,0.3700787401574803,5969,small_width
work,work/track_002895,im000013_00-33-45.jpg,work/track_002895/im000013_00-33-45.jpg,45,124,RGB,0.3629032258064516,5580,small_width
work,work/track_002895,im000014_00-33-45.jpg,work/track_002895/im000014_00-33-45.jpg,50,125,RGB,0.4,6250,small_width
work,work/track_002895,im000015_00-33-45.jpg,work/track_002895/im000015_00-33-45.jpg,50,125,RGB,0.4,6250,small_width
work,work/track_002895,im000016_00-33-45.jpg,work/track_002895/im000016_00-33-45.jpg,54,125,RGB,0.432,6750,small_width
work,work/track_002895,im000017_00-33-45.jpg,work/track_002895/im000017_00-33-45.jpg,50,126,RGB,0.3968253968253968,6300,small_width
work,work/track_002895,im000018_00-33-45.jpg,work/track_002895/im000018_00-33-45.jpg,48,125,RGB,0.384,6000,small_width
work,work/track_002895,im000019_00-33-45.jpg,work/track_002895/im000019_00-33-45.jpg,47,124,RGB,0.3790322580645161,5828,small_width
work,work/track_002895,im000020_00-33-45.jpg,work/track_002895/im000020_00-33-45.jpg,50,125,RGB,0.4,6250,small_width
work,work/track_002895,im000021_00-33-45.jpg,work/track_002895/im000021_00-33-45.jpg,47,126,RGB,0.373015873015873,5922,small_width
work,work/track_002895,im000022_00-33-45.jpg,work/track_002895/im000022_00-33-45.jpg,47,125,RGB,0.376,5875,small_width
work,work/track_002895,im000023_00-33-46.jpg,work/track_002895/im000023_00-33-46.jpg,48,125,RGB,0.384,6000,small_width
work,work/track_002895,im000024_00-33-46.jpg,work/track_002895/im000024_00-33-46.jpg,47,125,RGB,0.376,5875,small_width
work,work/track_002895,im000025_00-33-46.jpg,work/track_002895/im000025_00-33-46.jpg,49,126,RGB,0.3888888888888889,6174,small_width
work,work/track_002895,im000026_00-33-46.jpg,work/track_002895/im000026_00-33-46.jpg,49,126,RGB,0.3888888888888889,6174,small_width
work,work/track_002895,im000027_00-33-46.jpg,work/track_002895/im000027_00-33-46.jpg,48,126,RGB,0.38095238095238093,6048,small_width
work,work/track_002895,im000028_00-33-46.jpg,work/track_002895/im000028_00-33-46.jpg,48,126,RGB,0.38095238095238093,6048,small_width
work,work/track_002895,im000029_00-33-46.jpg,work/track_002895/im000029_00-33-46.jpg,48,125,RGB,0.384,6000,small_width
work,work/track_002895,im000030_00-33-46.jpg,work/track_002895/im000030_00-33-46.jpg,47,125,RGB,0.376,5875,small_width
work,work/track_002895,im000031_00-33-46.jpg,work/track_002895/im000031_00-33-46.jpg,47,125,RGB,0.376,5875,small_width
work,work/track_002895,im000032_00-33-46.jpg,work/track_002895/im000032_00-33-46.jpg,48,125,RGB,0.384,6000,small_width
work,work/track_002895,im000033_00-33-46.jpg,work/track_002895/im000033_00-33-46.jpg,48,126,RGB,0.38095238095238093,6048,small_width
work,work/track_002895,im000034_00-33-46.jpg,work/track_002895/im000034_00-33-46.jpg,46,125,RGB,0.368,5750,small_width
work,work/track_002895,im000035_00-33-47.jpg,work/track_002895/im000035_00-33-47.jpg,46,125,RGB,0.368,5750,small_width
work,work/track_002895,im000036_00-33-47.jpg,work/track_002895/im000036_00-33-47.jpg,43,125,RGB,0.344,5375,small_width
work,work/track_002895,im000037_00-33-47.jpg,work/track_002895/im000037_00-33-47.jpg,46,123,RGB,0.37398373983739835,5658,small_width
work,work/track_002895,im000038_00-33-47.jpg,work/track_002895/im000038_00-33-47.jpg,46,124,RGB,0.3709677419354839,5704,small_width
work,work/track_002895,im000039_00-33-47.jpg,work/track_002895/im000039_00-33-47.jpg,45,124,RGB,0.3629032258064516,5580,small_width
work,work/track_002895,im000040_00-33-47.jpg,work/track_002895/im000040_00-33-47.jpg,44,124,RGB,0.3548387096774194,5456,small_width
work,work/track_002895,im000041_00-33-47.jpg,work/track_002895/im000041_00-33-47.jpg,43,86,RGB,0.5,3698,small_width
work,work/track_002895,im000042_00-33-47.jpg,work/track_002895/im000042_00-33-47.jpg,46,123,RGB,0.37398373983739835,5658,small_width
work,work/track_002895,im000043_00-33-47.jpg,work/track_002895/im000043_00-33-47.jpg,47,125,RGB,0.376,5875,small_width
work,work/track_002895,im000044_00-33-47.jpg,work/track_002895/im000044_00-33-47.jpg,48,125,RGB,0.384,6000,small_width
work,work/track_002895,im000045_00-33-47.jpg,work/track_002895/im000045_00-33-47.jpg,49,124,RGB,0.3951612903225806,6076,small_width
work,work/track_002895,im000046_00-33-48.jpg,work/track_002895/im000046_00-33-48.jpg,49,124,RGB,0.3951612903225806,6076,small_width
work,work/track_002895,im000047_00-33-48.jpg,work/track_002895/im000047_00-33-48.jpg,48,124,RGB,0.3870967741935484,5952,small_width
work,work/track_002895,im000048_00-33-48.jpg,work/track_002895/im000048_00-33-48.jpg,43,126,RGB,0.3412698412698413,5418,small_width
work,work/track_002895,im000049_00-33-48.jpg,work/track_002895/im000049_00-33-48.jpg,45,126,RGB,0.35714285714285715,5670,small_width
work,work/track_002895,im000050_00-33-48.jpg,work/track_002895/im000050_00-33-48.jpg,48,127,RGB,0.3779527559055118,6096,small_width
work,work/track_002895,im000051_00-33-48.jpg,work/track_002895/im000051_00-33-48.jpg,43,125,RGB,0.344,5375,small_width
work,work/track_002895,im000052_00-33-48.jpg,work/track_002895/im000052_00-33-48.jpg,43,123,RGB,0.34959349593495936,5289,small_width
work,work/track_002895,im000053_00-33-48.jpg,work/track_002895/im000053_00-33-48.jpg,45,126,RGB,0.35714285714285715,5670,small_width
work,work/track_002895,im000054_00-33-48.jpg,work/track_002895/im000054_00-33-48.jpg,42,91,RGB,0.46153846153846156,3822,small_width
work,work/track_002895,im000055_00-33-48.jpg,work/track_002895/im000055_00-33-48.jpg,44,93,RGB,0.4731182795698925,4092,small_width
work,work/track_002895,im000056_00-33-48.jpg,work/track_002895/im000056_00-33-48.jpg,47,93,RGB,0.5053763440860215,4371,small_width
work,work/track_002895,im000057_00-33-48.jpg,work/track_002895/im000057_00-33-48.jpg,46,91,RGB,0.5054945054945055,4186,small_width
work,work/track_002895,im000058_00-33-49.jpg,work/track_002895/im000058_00-33-49.jpg,48,93,RGB,0.5161290322580645,4464,small_width
work,work/track_002895,im000059_00-33-49.jpg,work/track_002895/im000059_00-33-49.jpg,41,103,RGB,0.39805825242718446,4223,small_width
work,work/track_002895,im000060_00-33-49.jpg,work/track_002895/im000060_00-33-49.jpg,39,90,RGB,0.43333333333333335,3510,small_width
work,work/track_002895,im000061_00-33-49.jpg,work/track_002895/im000061_00-33-49.jpg,37,91,RGB,0.4065934065934066,3367,small_width
work,work/track_002895,im000062_00-33-49.jpg,work/track_002895/im000062_00-33-49.jpg,39,89,RGB,0.43820224719101125,3471,small_width
work,work/track_002895,im000063_00-33-49.jpg,work/track_002895/im000063_00-33-49.jpg,54,70,RGB,0.7714285714285715,3780,small_width
work,work/track_002895,im000064_00-33-49.jpg,work/track_002895/im000064_00-33-49.jpg,54,74,RGB,0.7297297297297297,3996,small_width
work,work/track_002895,im000065_00-33-49.jpg,work/track_002895/im000065_00-33-49.jpg,54,74,RGB,0.7297297297297297,3996,small_width
work,work/track_002895,im000066_00-33-50.jpg,work/track_002895/im000066_00-33-50.jpg,52,70,RGB,0.7428571428571429,3640,small_width
work,work/track_002895,im000067_00-33-50.jpg,work/track_002895/im000067_00-33-50.jpg,53,74,RGB,0.7162162162162162,3922,small_width
work,work/track_002895,im000068_00-33-50.jpg,work/track_002895/im000068_00-33-50.jpg,54,77,RGB,0.7012987012987013,4158,small_width
work,work/track_002895,im000069_00-33-50.jpg,work/track_002895/im000069_00-33-50.jpg,55,77,RGB,0.7142857142857143,4235,small_width
work,work/track_002895,im000070_00-33-50.jpg,work/track_002895/im000070_00-33-50.jpg,49,82,RGB,0.5975609756097561,4018,small_width
work,work/track_002895,im000071_00-33-50.jpg,work/track_002895/im000071_00-33-50.jpg,49,89,RGB,0.550561797752809,4361,small_width
work,work/track_002895,im000072_00-33-50.jpg,work/track_002895/im000072_00-33-50.jpg,49,92,RGB,0.532608695652174,4508,small_width
work,work/track_002895,im000073_00-33-50.jpg,work/track_002895/im000073_00-33-50.jpg,51,98,RGB,0.5204081632653061,4998,small_width
work,work/track_002895,im000074_00-33-50.jpg,work/track_002895/im000074_00-33-50.jpg,53,98,RGB,0.5408163265306123,5194,small_width
work,work/track_002895,im000075_00-33-50.jpg,work/track_002895/im000075_00-33-50.jpg,53,103,RGB,0.5145631067961165,5459,small_width
work,work/track_002895,im000076_00-33-51.jpg,work/track_002895/im000076_00-33-51.jpg,48,111,RGB,0.43243243243243246,5328,small_width
work,work/track_002895,im000077_00-33-51.jpg,work/track_002895/im000077_00-33-51.jpg,47,116,RGB,0.4051724137931034,5452,small_width
work,work/track_003288,im000001_00-34-02.jpg,work/track_003288/im000001_00-34-02.jpg,58,146,RGB,0.3972602739726027,8468,small_width
work,work/track_003288,im000002_00-34-02.jpg,work/track_003288/im000002_00-34-02.jpg,60,157,RGB,0.3821656050955414,9420,small_width
work,work/track_003288,im000139_00-34-14.jpg,work/track_003288/im000139_00-34-14.jpg,63,138,RGB,0.45652173913043476,8694,small_width
